Entity,Code,Year,Shrublands and grasslands,Savannas,Forests,Croplands
Afghanistan,AFG,2002,23805.646,0,0,8414.62
Afghanistan,AFG,2003,92882.81,21.466,0,40763.684
Afghanistan,AFG,2004,21981.05,0,0,6954.942
Afghanistan,AFG,2005,10067.491,42.932,0,2189.519
Afghanistan,AFG,2006,6525.626,21.466,0,7641.849
Afghanistan,AFG,2007,4250.245,0,0,6117.773
Afghanistan,AFG,2008,46151.613,150.261,0,15197.834
Afghanistan,AFG,2009,4014.118,407.852,0,4464.901
Afghanistan,AFG,2010,46859.99,42.932,0,24599.885
Afghanistan,AFG,2011,2962.29,665.442,0,12214.078
Afghanistan,AFG,2012,5559.661,0,0,0
Afghanistan,AFG,2013,5666.989,0,0,1287.952
Afghanistan,AFG,2014,1008.896,0,0,171.727
Afghanistan,AFG,2015,1459.679,0,0,515.181
Afghanistan,AFG,2016,3134.017,300.523,0,601.045
Afghanistan,AFG,2017,665.442,64.398,0,150.261
Afghanistan,AFG,2018,321.989,0,0,1073.293
Afghanistan,AFG,2019,14167.471,0,0,107.329
Afghanistan,AFG,2020,17000.969,193.193,0,15605.685
Afghanistan,AFG,2021,7598.918,1008.896,0,279.057
Afghanistan,AFG,2022,1287.953,64.398,0,21.466
Afghanistan,AFG,2023,3134.016,107.329,0,708.374
Afghanistan,AFG,2024,1223.554,0,0,150.261
Afghanistan,AFG,2025,3906.788,321.988,0,21.466
Africa,OWID_AFR,2002,103994020,138455000,15319567,23466872
Africa,OWID_AFR,2003,99707100,159699040,21057394,24654816
Africa,OWID_AFR,2004,107170230,146181680,20115750,20622602
Africa,OWID_AFR,2005,117235016,165284380,23151990,22381450
Africa,OWID_AFR,2006,102487840,142313940,20174310,18469598
Africa,OWID_AFR,2007,112833464,148660020,20512568,17924256
Africa,OWID_AFR,2008,106580070,151315790,21693792,17892166
Africa,OWID_AFR,2009,95135460,138709200,19506206,14738164
Africa,OWID_AFR,2010,107369224,141118110,23848042,14304553
Africa,OWID_AFR,2011,117024390,140600380,23595774,15272771
Africa,OWID_AFR,2012,102326010,134775250,23660752,12849576
Africa,OWID_AFR,2013,95614260,137715420,22047592,11763832
Africa,OWID_AFR,2014,85138350,130553496,20715572,10781468
Africa,OWID_AFR,2015,86445624,136334180,22110982,11515172
Africa,OWID_AFR,2016,89660504,143351360,23107964,15215028
Africa,OWID_AFR,2017,81217870,129350350,22812078,13031456
Africa,OWID_AFR,2018,79642700,127443800,20361642,10705930
Africa,OWID_AFR,2019,69672216,120016930,20666286,10282966
Africa,OWID_AFR,2020,83977140,129596780,19550340,11354972
Africa,OWID_AFR,2021,95571944,121828110,18354754,12387137
Africa,OWID_AFR,2022,81873780,127989290,16597366,13599829
Africa,OWID_AFR,2023,94662696,113480020,13917030,12404266
Africa,OWID_AFR,2024,86679410,127310970,16092961,10205732
Africa,OWID_AFR,2025,82581120,116994500,15828072,9852726
Akrotiri and Dhekelia,OWID_AKD,2002,0,0,0,0
Akrotiri and Dhekelia,OWID_AKD,2003,0,0,0,0
Akrotiri and Dhekelia,OWID_AKD,2004,0,0,0,0
Akrotiri and Dhekelia,OWID_AKD,2005,0,0,0,0
Akrotiri and Dhekelia,OWID_AKD,2006,0,0,0,0
Akrotiri and Dhekelia,OWID_AKD,2007,0,0,0,0
Akrotiri and Dhekelia,OWID_AKD,2008,0,0,0,0
Akrotiri and Dhekelia,OWID_AKD,2009,0,0,0,0
Akrotiri and Dhekelia,OWID_AKD,2010,0,0,0,0
Akrotiri and Dhekelia,OWID_AKD,2011,0,0,0,0
Akrotiri and Dhekelia,OWID_AKD,2012,0,0,0,0
Akrotiri and Dhekelia,OWID_AKD,2013,0,0,0,0
Akrotiri and Dhekelia,OWID_AKD,2014,0,0,0,0
Akrotiri and Dhekelia,OWID_AKD,2015,0,0,0,0
Akrotiri and Dhekelia,OWID_AKD,2016,0,0,0,0
Akrotiri and Dhekelia,OWID_AKD,2017,0,0,0,0
Akrotiri and Dhekelia,OWID_AKD,2018,0,0,0,0
Akrotiri and Dhekelia,OWID_AKD,2019,0,0,0,0
Akrotiri and Dhekelia,OWID_AKD,2020,0,0,0,0
Akrotiri and Dhekelia,OWID_AKD,2021,0,0,0,0
Akrotiri and Dhekelia,OWID_AKD,2022,0,0,0,0
Akrotiri and Dhekelia,OWID_AKD,2023,0,0,0,0
Akrotiri and Dhekelia,OWID_AKD,2024,0,0,0,0
Akrotiri and Dhekelia,OWID_AKD,2025,0,0,0,0
Aland Islands,ALA,2002,0,0,0,0
Aland Islands,ALA,2003,0,0,0,0
Aland Islands,ALA,2004,0,0,0,0
Aland Islands,ALA,2005,0,0,0,0
Aland Islands,ALA,2006,0,0,0,0
Aland Islands,ALA,2007,0,0,0,0
Aland Islands,ALA,2008,0,0,0,0
Aland Islands,ALA,2009,0,0,0,0
Aland Islands,ALA,2010,0,0,0,0
Aland Islands,ALA,2011,0,0,0,0
Aland Islands,ALA,2012,0,0,0,0
Aland Islands,ALA,2013,0,0,0,0
Aland Islands,ALA,2014,0,0,0,0
Aland Islands,ALA,2015,0,0,0,0
Aland Islands,ALA,2016,0,0,0,0
Aland Islands,ALA,2017,0,0,0,0
Aland Islands,ALA,2018,0,0,0,0
Aland Islands,ALA,2019,0,0,0,0
Aland Islands,ALA,2020,0,0,0,0
Aland Islands,ALA,2021,0,0,0,0
Aland Islands,ALA,2022,0,0,0,0
Aland Islands,ALA,2023,0,0,0,0
Aland Islands,ALA,2024,0,0,0,0
Aland Islands,ALA,2025,0,0,0,0
Albania,ALB,2002,0,0,0,0
Albania,ALB,2003,8822.471,2618.837,343.455,3563.334
Albania,ALB,2004,472.249,64.398,0,944.498
Albania,ALB,2005,5473.796,128.795,0,3262.811
Albania,ALB,2006,944.499,321.988,0,128.795
Albania,ALB,2007,46666.797,53664.67,2597.371,9359.121
Albania,ALB,2008,8543.414,772.772,0,5151.808
Albania,ALB,2009,3155.482,837.17,171.727,2253.916
Albania,ALB,2010,4142.913,1008.895,0,4593.696
Albania,ALB,2011,20714.562,6976.411,536.648,12557.531
Albania,ALB,2012,20778.957,20800.428,1180.624,643.976
Albania,ALB,2013,257.59,150.261,0,558.113
Albania,ALB,2014,107.33,128.795,0,85.863
Albania,ALB,2015,1781.668,2318.314,85.864,0
Albania,ALB,2016,1502.61,536.647,171.727,321.988
Albania,ALB,2017,15584.218,7319.86,386.388,3348.676
Albania,ALB,2018,987.43,1910.463,64.398,965.964
Albania,ALB,2019,1395.281,1137.692,0,1051.826
Albania,ALB,2020,3434.538,1974.861,64.398,128.795
Albania,ALB,2021,9702.572,6439.762,1395.283,772.771
Albania,ALB,2022,2704.701,2253.917,1051.828,729.84
Albania,ALB,2023,1030.362,150.262,150.261,536.646
Albania,ALB,2024,16636.049,5924.579,42.932,6074.841
Albania,ALB,2025,25501.45,12707.793,2146.587,4250.241
Algeria,DZA,2002,21165.348,7663.318,5302.072,3477.471
Algeria,DZA,2003,51196.098,7684.781,11763.294,19877.395
Algeria,DZA,2004,55682.46,4336.108,3048.155,45979.883
Algeria,DZA,2005,69291.82,8822.475,8221.429,25115.062
Algeria,DZA,2006,21058.014,10668.54,10539.742,7105.202
Algeria,DZA,2007,103315.22,30889.387,35955.336,25329.729
Algeria,DZA,2008,41579.39,20242.316,21251.207,14489.461
Algeria,DZA,2009,93784.375,7684.783,5173.277,22410.37
Algeria,DZA,2010,53063.633,4550.766,2554.44,20628.697
Algeria,DZA,2011,21830.787,13974.284,18804.104,8114.097
Algeria,DZA,2012,166446.33,36148.523,38359.508,37178.887
Algeria,DZA,2013,15391.028,2189.521,3026.688,9745.506
Algeria,DZA,2014,85992.266,5795.789,5666.993,13802.553
Algeria,DZA,2015,39862.117,815.704,880.101,4980.083
Algeria,DZA,2016,22539.162,7706.25,6954.945,6912.012
Algeria,DZA,2017,42480.953,24342.293,47911.816,9852.836
Algeria,DZA,2018,901.567,64.398,0,4507.833
Algeria,DZA,2019,33486.758,10282.153,5345.003,21358.537
Algeria,DZA,2020,48641.656,24213.502,18696.773,22131.31
Algeria,DZA,2021,52097.66,36620.773,40205.566,15026.108
Algeria,DZA,2022,17172.695,9015.668,11763.296,13802.552
Algeria,DZA,2023,22023.977,18117.195,12965.384,6053.376
Algeria,DZA,2024,1717.271,429.316,85.863,1996.327
Algeria,DZA,2025,3820.925,4271.708,1223.554,1931.929
American Samoa,ASM,2002,0,0,0,0
American Samoa,ASM,2003,0,0,0,0
American Samoa,ASM,2004,0,0,0,0
American Samoa,ASM,2005,0,0,0,0
American Samoa,ASM,2006,0,0,0,0
American Samoa,ASM,2007,0,0,0,0
American Samoa,ASM,2008,0,0,0,0
American Samoa,ASM,2009,0,0,0,0
American Samoa,ASM,2010,0,0,0,0
American Samoa,ASM,2011,0,0,0,0
American Samoa,ASM,2012,0,0,0,0
American Samoa,ASM,2013,0,0,0,0
American Samoa,ASM,2014,0,0,0,0
American Samoa,ASM,2015,0,0,0,0
American Samoa,ASM,2016,0,0,0,0
American Samoa,ASM,2017,0,0,0,0
American Samoa,ASM,2018,0,0,0,0
American Samoa,ASM,2019,0,0,0,0
American Samoa,ASM,2020,0,0,0,0
American Samoa,ASM,2021,0,0,0,0
American Samoa,ASM,2022,0,0,0,0
American Samoa,ASM,2023,0,0,0,0
American Samoa,ASM,2024,0,0,0,0
American Samoa,ASM,2025,0,0,0,0
Andorra,AND,2002,0,0,0,0
Andorra,AND,2003,0,0,0,0
Andorra,AND,2004,0,0,0,0
Andorra,AND,2005,0,0,0,0
Andorra,AND,2006,0,0,0,0
Andorra,AND,2007,0,0,0,0
Andorra,AND,2008,0,0,0,0
Andorra,AND,2009,0,0,0,0
Andorra,AND,2010,0,0,0,0
Andorra,AND,2011,0,0,0,0
Andorra,AND,2012,0,0,0,0
Andorra,AND,2013,0,0,0,0
Andorra,AND,2014,0,0,0,0
Andorra,AND,2015,0,0,0,0
Andorra,AND,2016,0,0,0,0
Andorra,AND,2017,0,0,0,0
Andorra,AND,2018,0,0,0,0
Andorra,AND,2019,0,0,0,0
Andorra,AND,2020,0,0,0,0
Andorra,AND,2021,0,0,0,0
Andorra,AND,2022,0,0,0,0
Andorra,AND,2023,0,0,0,0
Andorra,AND,2024,0,0,0,0
Andorra,AND,2025,0,0,0,0
Angola,AGO,2002,12302432,20513834,2083133.6,248918.2
Angola,AGO,2003,15577780,23045326,2266280.5,236854.39
Angola,AGO,2004,16071924,22343994,2579703.5,219209.44
Angola,AGO,2005,15771574,21813292,2737327.5,185228.97
Angola,AGO,2006,12004293,21786782,2259518.8,179862.5
Angola,AGO,2007,15624168,21148860,2263575.8,163827.5
Angola,AGO,2008,13001618,20958908,2518010.8,158568.36
Angola,AGO,2009,12422705,20948346,2921526,164278.28
Angola,AGO,2010,14095841,21147056,3202235.2,172735.84
Angola,AGO,2011,15317678,21200806,2979763,168399.73
Angola,AGO,2012,13473953,20355266,3110425.8,181343.66
Angola,AGO,2013,14638949,20175168,2782105.2,158954.75
Angola,AGO,2014,12747355,19730394,2682847,175504.94
Angola,AGO,2015,13611313,20465966,2703454.2,156765.23
Angola,AGO,2016,13204750,20887234,2366010.8,167884.55
Angola,AGO,2017,12511832,22015028,3074212.8,165695.03
Angola,AGO,2018,11688637,18014908,1914304.6,156250.05
Angola,AGO,2019,11661526,22667526,2747738.2,150647.45
Angola,AGO,2020,11052453,20390298,2220021.5,157430.67
Angola,AGO,2021,11425229,20810514,2084443,163333.78
Angola,AGO,2022,11585214,20420994,1625137.9,194180.23
Angola,AGO,2023,13103581,20763118,1683782.6,167970.4
Angola,AGO,2024,14216393,21388634,2040760,181386.58
Angola,AGO,2025,12351846,20305422,1998901.6,165695.03
Antigua and Barbuda,ATG,2002,0,0,0,0
Antigua and Barbuda,ATG,2003,0,0,0,0
Antigua and Barbuda,ATG,2004,0,0,0,0
Antigua and Barbuda,ATG,2005,0,0,0,0
Antigua and Barbuda,ATG,2006,0,0,0,0
Antigua and Barbuda,ATG,2007,0,0,0,0
Antigua and Barbuda,ATG,2008,0,0,0,0
Antigua and Barbuda,ATG,2009,0,0,0,0
Antigua and Barbuda,ATG,2010,0,0,0,0
Antigua and Barbuda,ATG,2011,0,0,0,0
Antigua and Barbuda,ATG,2012,0,0,0,0
Antigua and Barbuda,ATG,2013,0,0,0,0
Antigua and Barbuda,ATG,2014,0,0,0,0
Antigua and Barbuda,ATG,2015,0,0,0,0
Antigua and Barbuda,ATG,2016,0,0,0,0
Antigua and Barbuda,ATG,2017,0,0,0,0
Antigua and Barbuda,ATG,2018,0,0,0,0
Antigua and Barbuda,ATG,2019,0,0,0,0
Antigua and Barbuda,ATG,2020,0,0,0,0
Antigua and Barbuda,ATG,2021,0,0,0,0
Antigua and Barbuda,ATG,2022,0,0,0,0
Antigua and Barbuda,ATG,2023,0,0,0,0
Antigua and Barbuda,ATG,2024,0,0,0,0
Antigua and Barbuda,ATG,2025,0,0,0,0
Argentina,ARG,2002,2922706.8,1487906.6,90671.83,529326.8
Argentina,ARG,2003,3280070.5,2653288.5,126562.766,569038.7
Argentina,ARG,2004,1839152.6,2171508.5,169494.5,572580.56
Argentina,ARG,2005,1374116,1537149.2,130190.484,448099.97
Argentina,ARG,2006,1418464.5,1729891.4,111107.336,353220.84
Argentina,ARG,2007,1500442.6,1621102.2,146268.42,483218.16
Argentina,ARG,2008,2022535.5,2048573.6,162883.02,493178.3
Argentina,ARG,2009,1548418.9,1128653.9,143177.34,424938.3
Argentina,ARG,2010,1247939.6,951281.4,87387.555,292708.56
Argentina,ARG,2011,1496256.9,1360184.6,73477.67,381834.84
Argentina,ARG,2012,1014305.2,1543095.4,73499.14,277274.6
Argentina,ARG,2013,1348614.6,1038003.5,194845.69,263557.94
Argentina,ARG,2014,1285204.4,760557.1,22431.838,181386.58
Argentina,ARG,2015,1197859.8,880444,48598.727,194094.38
Argentina,ARG,2016,1938861.5,1067626.4,34946.438,309323.16
Argentina,ARG,2017,2372343.2,2383827.5,141545.94,329222
Argentina,ARG,2018,1971618.5,1025188.4,29064.79,276695.03
Argentina,ARG,2019,909100.94,1016430.3,27111.396,249733.9
Argentina,ARG,2020,2068601.2,2900124.5,242285.25,390550
Argentina,ARG,2021,1012566.44,1036178.9,56004.453,295069.8
Argentina,ARG,2022,1639369.8,2178163,240847.03,265253.72
Argentina,ARG,2023,1036264.75,768864.44,26510.354,235609.38
Argentina,ARG,2024,966371.9,672396.8,22088.385,209871.78
Argentina,ARG,2025,1118779.5,747248.3,46688.27,160199.77
Armenia,ARM,2002,429.318,0,0,5709.92
Armenia,ARM,2003,579.579,0,0,2060.724
Armenia,ARM,2004,9402.05,42.932,0,5216.205
Armenia,ARM,2005,8414.622,107.33,0,4057.048
Armenia,ARM,2006,14103.073,1373.816,386.386,9509.377
Armenia,ARM,2007,558.113,107.329,64.398,515.181
Armenia,ARM,2008,7362.793,558.113,21.466,4550.765
Armenia,ARM,2009,64.398,0,0,1330.884
Armenia,ARM,2010,61971.957,1481.145,622.51,14017.212
Armenia,ARM,2011,2876.424,0,0,3219.881
Armenia,ARM,2012,3284.278,214.658,214.659,837.168
Armenia,ARM,2013,10518.274,236.125,0,3584.801
Armenia,ARM,2014,3112.551,42.932,0,2704.7
Armenia,ARM,2015,8414.62,85.864,21.466,1888.998
Armenia,ARM,2016,6826.145,107.33,21.466,3069.62
Armenia,ARM,2017,16206.732,85.864,171.727,9917.231
Armenia,ARM,2018,8371.687,193.193,343.454,7384.259
Armenia,ARM,2019,13265.905,64.398,107.329,4142.913
Armenia,ARM,2020,1502.611,386.386,794.237,536.646
Armenia,ARM,2021,7083.738,558.113,493.715,2704.7
Armenia,ARM,2022,19126.092,64.398,85.864,7019.339
Armenia,ARM,2023,1803.132,0,150.261,493.715
Armenia,ARM,2024,1094.76,0,0,279.057
Armenia,ARM,2025,20778.96,150.261,0,5087.412
Asia,OWID_ASI,2002,24467590,4703236,3034629.8,6253350.5
Asia,OWID_ASI,2003,12470788,5613453,4978385.5,7543664
Asia,OWID_ASI,2004,15429644,7862647,8722355,8356447.5
Asia,OWID_ASI,2005,14592775,4337672,4969069.5,9014505
Asia,OWID_ASI,2006,16288493,5698479.5,5052958,8670923
Asia,OWID_ASI,2007,10441105,5974079.5,7672137,8862505
Asia,OWID_ASI,2008,11069755,4835830.5,4084375,6727381.5
Asia,OWID_ASI,2009,6204966.5,6727016.5,7176533,8889187
Asia,OWID_ASI,2010,13509372,5951777,6846560,9679239
Asia,OWID_ASI,2011,5541220.5,4082078.2,4153237.5,8733345
Asia,OWID_ASI,2012,8282970,5489101.5,6239526.5,11130911
Asia,OWID_ASI,2013,3185148.2,4072633.2,4827180,9331277
Asia,OWID_ASI,2014,8377291,5627298.5,5919771,10762342
Asia,OWID_ASI,2015,10407812,6019652,5677099.5,10892446
Asia,OWID_ASI,2016,4695336.5,4033672.8,4629694,8510229
Asia,OWID_ASI,2017,15385661,3785140.8,4410742,10196394
Asia,OWID_ASI,2018,4576008,4260180.5,3738538.5,7605443
Asia,OWID_ASI,2019,11070721,4850663.5,4681663,10237909
Asia,OWID_ASI,2020,5723079,3864929.5,4940562.5,9612351
Asia,OWID_ASI,2021,6643535.5,3503508.8,5531045.5,8784520
Asia,OWID_ASI,2022,3049784.8,2454385.8,2525480.8,8098106
Asia,OWID_ASI,2023,4419972.5,4858069,4445946,7480575.5
Asia,OWID_ASI,2024,2475959,3383514.5,3972344.8,9155386
Asia,OWID_ASI,2025,3200238.8,3955086.2,5468258,8081298
Australia,AUS,2002,68495630,7678169,752722.1,87387.55
Australia,AUS,2003,24402076,5975131.5,1185173.5,77684.98
Australia,AUS,2004,57906668,5078996,135771.61,858141
Australia,AUS,2005,21827824,5479506,117847.62,531709.56
Australia,AUS,2006,50243932,5763585.5,969312.7,612743.2
Australia,AUS,2007,47353144,3822298.2,364898.28,40076.777
Australia,AUS,2008,27117422,4298969.5,70279.26,138626.58
Australia,AUS,2009,32550026,7401066,566870.6,250463.73
Australia,AUS,2010,15840393,2193661.5,89298.01,341071.16
Australia,AUS,2011,80033600,6899838,211610.53,820017.6
Australia,AUS,2012,81024810,8105060.5,325358.16,582583.6
Australia,AUS,2013,23107812,4498408.5,509277.72,299727.9
Australia,AUS,2014,39583788,6339021,364447.5,550964.44
Australia,AUS,2015,36197056,5369386,235759.62,383165.72
Australia,AUS,2016,19671514,3934393,301938.9,367238.06
Australia,AUS,2017,44647372,3375035.5,192248.31,980110.06
Australia,AUS,2018,47010164,4527538,323082.78,344248.12
Australia,AUS,2019,26319536,6053224.5,3295933.8,453573.78
Australia,AUS,2020,11102748,3846705,1831532.2,111279.055
Australia,AUS,2021,22986360,3019732.2,65535.297,526858.25
Australia,AUS,2022,24895212,2688235,69184.49,514408.03
Australia,AUS,2023,67075230,4707486,172392.39,516597.56
Australia,AUS,2024,31859382,2614929,124502.03,556760.2
Australia,AUS,2025,46692016,3031646,290926.9,533255.06
Austria,AUT,2002,42.932,42.932,42.932,1030.361
Austria,AUT,2003,85.863,42.932,85.864,1738.736
Austria,AUT,2004,171.727,0,0,4636.627
Austria,AUT,2005,42.932,1030.361,708.373,2812.029
Austria,AUT,2006,0,42.932,0,150.261
Austria,AUT,2007,0,0,42.932,0
Austria,AUT,2008,64.398,42.932,0,3391.607
Austria,AUT,2009,0,0,42.932,794.237
Austria,AUT,2010,0,0,0,0
Austria,AUT,2011,21.466,21.466,21.466,3026.688
Austria,AUT,2012,0,0,42.932,21.466
Austria,AUT,2013,0,0,128.795,42.932
Austria,AUT,2014,257.591,364.92,300.523,42.932
Austria,AUT,2015,0,0,0,0
Austria,AUT,2016,0,0,42.932,0
Austria,AUT,2017,407.853,128.795,128.796,107.329
Austria,AUT,2018,0,0,386.385,0
Austria,AUT,2019,0,0,21.466,0
Austria,AUT,2020,85.864,21.466,42.932,0
Austria,AUT,2021,0,0,128.796,0
Austria,AUT,2022,42.932,0,42.932,0
Austria,AUT,2023,42.932,0,0,42.932
Austria,AUT,2024,0,0,751.305,193.193
Austria,AUT,2025,21.466,128.795,64.398,0
Azerbaijan,AZE,2002,36062.656,1159.157,493.715,173014.89
Azerbaijan,AZE,2003,61199.188,42.932,0,148736.98
Azerbaijan,AZE,2004,68197.06,64.398,0,184263
Azerbaijan,AZE,2005,29494.102,300.523,21.466,107479.59
Azerbaijan,AZE,2006,121797.33,300.524,0,176878.75
Azerbaijan,AZE,2007,49822.28,515.182,386.386,78951.46
Azerbaijan,AZE,2008,18546.512,407.853,21.466,68819.57
Azerbaijan,AZE,2009,13072.713,21.466,0,74314.83
Azerbaijan,AZE,2010,102198.99,1760.202,665.443,118684.78
Azerbaijan,AZE,2011,45142.72,107.33,21.466,147019.72
Azerbaijan,AZE,2012,51818.6,472.25,0,77964.03
Azerbaijan,AZE,2013,26896.732,450.784,21.466,68197.06
Azerbaijan,AZE,2014,20242.312,794.239,193.192,15412.494
Azerbaijan,AZE,2015,117632.95,257.591,21.466,250163.22
Azerbaijan,AZE,2016,19555.408,515.181,0,144658.48
Azerbaijan,AZE,2017,60877.203,4550.764,815.704,107823.055
Azerbaijan,AZE,2018,41944.3,214.66,601.044,91058.21
Azerbaijan,AZE,2019,101576.484,2060.724,171.727,160006.58
Azerbaijan,AZE,2020,9208.859,1888.998,1846.065,34624.44
Azerbaijan,AZE,2021,113210.984,1395.282,364.921,69914.33
Azerbaijan,AZE,2022,45056.855,321.989,279.057,19705.668
Azerbaijan,AZE,2023,3048.154,85.863,0,5946.046
Azerbaijan,AZE,2024,13502.034,450.783,42.932,20220.846
Azerbaijan,AZE,2025,61199.188,665.443,171.727,25973.7
Bahamas,BHS,2002,193.193,12428.74,4572.23,0
Bahamas,BHS,2003,150.261,965.965,837.168,0
Bahamas,BHS,2004,1073.293,34431.254,10217.752,0
Bahamas,BHS,2005,1309.417,14940.246,7105.203,0
Bahamas,BHS,2006,987.43,9230.325,3842.391,0
Bahamas,BHS,2007,193.193,13609.363,2790.564,0
Bahamas,BHS,2008,1245.021,31340.168,9509.381,0
Bahamas,BHS,2009,708.376,12128.214,5345.001,0
Bahamas,BHS,2010,214.658,3112.55,4808.354,0
Bahamas,BHS,2011,2060.724,31104.043,12514.601,0
Bahamas,BHS,2012,472.25,7620.382,2404.177,0
Bahamas,BHS,2013,923.033,24900.408,14575.326,0
Bahamas,BHS,2014,1159.156,4808.354,2425.643,0
Bahamas,BHS,2015,1846.065,10432.411,3520.402,0
Bahamas,BHS,2016,2253.917,10861.729,7491.589,0
Bahamas,BHS,2017,643.976,20306.71,18439.18,0
Bahamas,BHS,2018,0,2425.642,1352.349,0
Bahamas,BHS,2019,21.466,4894.218,5023.013,0
Bahamas,BHS,2020,1609.941,13544.964,4615.162,0
Bahamas,BHS,2021,601.045,5044.477,3241.345,0
Bahamas,BHS,2022,21.466,1245.021,150.261,0
Bahamas,BHS,2023,150.261,2060.725,2833.495,0
Bahamas,BHS,2024,1051.829,11677.432,4357.572,0
Bahamas,BHS,2025,772.772,17752.273,5731.386,0
Bahrain,BHR,2002,0,0,0,0
Bahrain,BHR,2003,0,0,0,0
Bahrain,BHR,2004,0,0,0,0
Bahrain,BHR,2005,0,0,0,0
Bahrain,BHR,2006,0,0,0,0
Bahrain,BHR,2007,0,0,0,0
Bahrain,BHR,2008,0,0,0,0
Bahrain,BHR,2009,0,0,0,0
Bahrain,BHR,2010,0,0,0,0
Bahrain,BHR,2011,0,0,0,0
Bahrain,BHR,2012,0,0,0,0
Bahrain,BHR,2013,0,0,0,0
Bahrain,BHR,2014,0,0,0,0
Bahrain,BHR,2015,0,0,0,0
Bahrain,BHR,2016,0,0,0,0
Bahrain,BHR,2017,0,0,0,0
Bahrain,BHR,2018,0,0,0,0
Bahrain,BHR,2019,0,0,0,0
Bahrain,BHR,2020,0,0,0,0
Bahrain,BHR,2021,0,0,0,0
Bahrain,BHR,2022,0,0,0,0
Bahrain,BHR,2023,0,0,0,0
Bahrain,BHR,2024,0,0,0,0
Bahrain,BHR,2025,0,0,0,0
Bangladesh,BGD,2002,0,1717.27,279.056,3370.142
Bangladesh,BGD,2003,85.864,19104.621,11806.227,772.773
Bangladesh,BGD,2004,21.466,8908.334,4572.231,5774.319
Bangladesh,BGD,2005,364.92,30181.01,15069.039,1073.294
Bangladesh,BGD,2006,493.715,86013.734,73177.14,8092.633
Bangladesh,BGD,2007,407.852,30502.998,11269.58,4271.708
Bangladesh,BGD,2008,1266.486,55210.21,31597.758,4207.31
Bangladesh,BGD,2009,772.771,72017.984,38445.367,2125.123
Bangladesh,BGD,2010,128.795,12900.986,5001.547,7877.972
Bangladesh,BGD,2011,0,15004.641,5795.784,8178.495
Bangladesh,BGD,2012,128.795,23719.783,10990.524,1266.487
Bangladesh,BGD,2013,536.647,68154.13,51260.492,1631.408
Bangladesh,BGD,2014,279.057,68003.87,43039.062,5108.877
Bangladesh,BGD,2015,1137.691,13909.882,5130.343,2747.63
Bangladesh,BGD,2016,42.932,6074.841,2554.438,944.499
Bangladesh,BGD,2017,0,1395.282,536.646,3777.994
Bangladesh,BGD,2018,21.466,19491.008,7920.906,407.851
Bangladesh,BGD,2019,193.193,17344.422,4014.117,450.784
Bangladesh,BGD,2020,558.113,57228.004,41472.055,4400.504
Bangladesh,BGD,2021,407.851,40291.434,37350.61,1116.225
Bangladesh,BGD,2022,150.261,4937.149,4078.514,1545.544
Bangladesh,BGD,2023,579.579,11613.035,7513.053,2661.767
Bangladesh,BGD,2024,729.84,45572.035,38702.96,1395.282
Bangladesh,BGD,2025,4464.901,124802.555,159105.02,1652.872
Barbados,BRB,2002,0,0,0,0
Barbados,BRB,2003,0,0,0,0
Barbados,BRB,2004,0,0,0,0
Barbados,BRB,2005,0,0,0,0
Barbados,BRB,2006,0,0,0,0
Barbados,BRB,2007,0,0,0,0
Barbados,BRB,2008,0,0,0,0
Barbados,BRB,2009,0,0,0,0
Barbados,BRB,2010,321.988,21.466,0,236.125
Barbados,BRB,2011,0,0,0,0
Barbados,BRB,2012,0,0,0,0
Barbados,BRB,2013,0,0,0,0
Barbados,BRB,2014,0,0,0,0
Barbados,BRB,2015,0,0,0,0
Barbados,BRB,2016,0,0,0,0
Barbados,BRB,2017,0,0,0,0
Barbados,BRB,2018,0,0,0,0
Barbados,BRB,2019,0,0,0,0
Barbados,BRB,2020,0,0,0,0
Barbados,BRB,2021,0,0,0,0
Barbados,BRB,2022,0,0,0,0
Barbados,BRB,2023,429.317,0,0,300.522
Barbados,BRB,2024,0,0,0,0
Barbados,BRB,2025,0,0,0,0
Belarus,BLR,2002,16378.459,90693.29,26467.414,45013.92
Belarus,BLR,2003,3692.128,37951.652,10453.88,15026.109
Belarus,BLR,2004,1631.406,10496.809,2189.52,8479.017
Belarus,BLR,2005,3885.323,11741.831,1567.01,22989.943
Belarus,BLR,2006,7191.066,38252.176,5559.661,19855.93
Belarus,BLR,2007,1481.147,6182.17,171.728,11870.625
Belarus,BLR,2008,1824.6,4765.424,794.237,36169.984
Belarus,BLR,2009,3091.084,9058.599,708.376,25222.396
Belarus,BLR,2010,1416.75,4271.713,729.84,6997.874
Belarus,BLR,2011,472.249,1674.338,343.454,3305.745
Belarus,BLR,2012,1567.01,35547.477,5752.853,5151.81
Belarus,BLR,2013,2060.724,7920.905,815.704,2275.382
Belarus,BLR,2014,9101.53,27025.53,10260.685,16700.445
Belarus,BLR,2015,14188.942,50423.324,4014.118,24685.746
Belarus,BLR,2016,1395.282,3842.392,1781.667,2082.19
Belarus,BLR,2017,1180.623,622.51,64.398,5044.481
Belarus,BLR,2018,7040.807,26445.953,9359.118,8586.347
Belarus,BLR,2019,4164.38,11677.437,1502.612,16485.787
Belarus,BLR,2020,6547.09,27905.629,5624.058,9402.051
Belarus,BLR,2021,3456.003,1609.943,558.113,3735.061
Belarus,BLR,2022,1781.667,3520.403,321.989,3777.993
Belarus,BLR,2023,214.659,64.398,64.398,1051.829
Belarus,BLR,2024,2962.29,1309.418,450.784,7298.396
Belarus,BLR,2025,2554.438,4808.355,407.852,6096.309
Belgium,BEL,2002,0,0,0,0
Belgium,BEL,2003,0,0,42.932,0
Belgium,BEL,2004,0,171.727,64.398,0
Belgium,BEL,2005,0,0,0,0
Belgium,BEL,2006,0,0,0,450.783
Belgium,BEL,2007,214.659,150.261,21.466,579.579
Belgium,BEL,2008,0,0,0,0
Belgium,BEL,2009,0,0,0,236.125
Belgium,BEL,2010,0,0,0,0
Belgium,BEL,2011,515.181,364.921,42.932,0
Belgium,BEL,2012,0,64.398,0,42.932
Belgium,BEL,2013,0,0,0,0
Belgium,BEL,2014,0,0,64.398,0
Belgium,BEL,2015,0,0,0,0
Belgium,BEL,2016,0,107.329,0,0
Belgium,BEL,2017,0,0,0,0
Belgium,BEL,2018,0,0,0,0
Belgium,BEL,2019,0,0,0,0
Belgium,BEL,2020,0,128.795,0,1094.76
Belgium,BEL,2021,0,0,0,0
Belgium,BEL,2022,0,0,0,0
Belgium,BEL,2023,0,0,0,0
Belgium,BEL,2024,0,0,0,0
Belgium,BEL,2025,0,64.398,0,0
Belize,BLZ,2002,4593.695,10174.824,11677.433,321.989
Belize,BLZ,2003,16206.73,20650.164,46237.48,1502.611
Belize,BLZ,2004,3949.721,1609.941,1073.295,171.728
Belize,BLZ,2005,10647.072,13802.556,17516.146,472.25
Belize,BLZ,2006,6096.308,3241.346,5130.343,21.466
Belize,BLZ,2007,17473.217,15369.562,23397.795,171.727
Belize,BLZ,2008,12986.849,11548.637,10475.343,128.796
Belize,BLZ,2009,6675.885,3477.468,3992.651,601.045
Belize,BLZ,2010,13394.7,6525.625,11333.979,128.795
Belize,BLZ,2011,20113.52,22732.357,68089.734,1094.761
Belize,BLZ,2012,2275.381,1309.42,2060.726,279.056
Belize,BLZ,2013,22260.104,23097.273,23397.797,901.567
Belize,BLZ,2014,6396.831,3262.813,4228.775,279.057
Belize,BLZ,2015,10582.675,10453.881,10239.218,386.386
Belize,BLZ,2016,10775.866,11248.115,8114.101,128.795
Belize,BLZ,2017,7835.044,10797.335,16335.526,128.795
Belize,BLZ,2018,10732.934,5688.454,3863.857,42.932
Belize,BLZ,2019,20478.438,13330.309,14210.406,772.772
Belize,BLZ,2020,15369.559,11763.296,28184.686,407.851
Belize,BLZ,2021,10604.138,4164.381,6203.636,42.932
Belize,BLZ,2022,4701.026,3305.743,3348.675,214.659
Belize,BLZ,2023,23998.842,19319.281,20929.223,1395.282
Belize,BLZ,2024,18353.314,14467.996,61735.836,85.864
Belize,BLZ,2025,17494.684,9852.834,9487.914,536.648
Benin,BEN,2002,956926.9,805184.7,10325.082,1080699.1
Benin,BEN,2003,889996.3,587263.2,11097.856,1101306.4
Benin,BEN,2004,832811.25,436937.72,6504.16,805249.06
Benin,BEN,2005,1195348.2,1147651.1,25737.578,1186912.2
Benin,BEN,2006,906525.06,649235.1,15433.959,836052.6
Benin,BEN,2007,1100705.2,563264.4,14446.53,906074.25
Benin,BEN,2008,769701.6,307026.3,5946.045,773179.06
Benin,BEN,2009,652240.4,455248.12,7427.192,791124.56
Benin,BEN,2010,728809.1,265146.4,2833.497,790802.56
Benin,BEN,2011,751520,414591.75,10368.015,847021.7
Benin,BEN,2012,736858.8,346738.16,4808.354,656361.8
Benin,BEN,2013,823108.7,459219.3,6225.103,653313.7
Benin,BEN,2014,863400.1,193879.72,1159.158,579943.3
Benin,BEN,2015,693326.06,281374.6,4722.49,618045.25
Benin,BEN,2016,868015.25,289960.94,3649.196,647281.75
Benin,BEN,2017,776248.7,199868.69,5602.591,522157.22
Benin,BEN,2018,736880.3,119414.62,2597.371,430712.62
Benin,BEN,2019,845111.2,195554.05,6954.941,446210.97
Benin,BEN,2020,750554.06,225370.14,5237.671,456557.53
Benin,BEN,2021,810100.4,122054.92,1588.474,502623.28
Benin,BEN,2022,594304,71180.82,708.374,573782.6
Benin,BEN,2023,645865,177758.84,4185.845,452242.9
Benin,BEN,2024,617036.4,60533.75,429.319,411264.56
Benin,BEN,2025,600250.06,154768.9,3627.732,387630.62
Bermuda,BMU,2002,0,0,0,0
Bermuda,BMU,2003,0,0,0,0
Bermuda,BMU,2004,0,0,0,0
Bermuda,BMU,2005,0,0,0,0
Bermuda,BMU,2006,0,0,0,0
Bermuda,BMU,2007,0,0,0,0
Bermuda,BMU,2008,0,0,0,0
Bermuda,BMU,2009,0,0,0,0
Bermuda,BMU,2010,0,0,0,0
Bermuda,BMU,2011,0,0,0,0
Bermuda,BMU,2012,0,0,0,0
Bermuda,BMU,2013,0,0,0,0
Bermuda,BMU,2014,0,0,0,0
Bermuda,BMU,2015,0,0,0,0
Bermuda,BMU,2016,0,0,0,0
Bermuda,BMU,2017,0,0,0,0
Bermuda,BMU,2018,0,0,0,0
Bermuda,BMU,2019,0,0,0,0
Bermuda,BMU,2020,0,0,0,0
Bermuda,BMU,2021,0,0,0,0
Bermuda,BMU,2022,0,0,0,0
Bermuda,BMU,2023,0,0,0,0
Bermuda,BMU,2024,0,0,0,0
Bermuda,BMU,2025,0,0,0,0
Bhutan,BTN,2002,665.442,965.964,901.568,42.932
Bhutan,BTN,2003,601.044,64.398,107.329,0
Bhutan,BTN,2004,193.193,515.181,2318.313,0
Bhutan,BTN,2005,858.634,2404.178,1481.145,0
Bhutan,BTN,2006,858.634,1631.407,2511.508,0
Bhutan,BTN,2007,923.032,2876.427,12664.862,0
Bhutan,BTN,2008,407.852,1438.214,1609.944,0
Bhutan,BTN,2009,257.591,214.66,1588.474,0
Bhutan,BTN,2010,2039.258,3198.416,7963.84,321.988
Bhutan,BTN,2011,1266.485,2490.042,3971.188,0
Bhutan,BTN,2012,1974.859,5280.605,13566.431,193.194
Bhutan,BTN,2013,300.522,1223.554,1888.997,0
Bhutan,BTN,2014,1202.089,5023.013,6246.571,42.932
Bhutan,BTN,2015,1266.485,3541.869,6826.147,150.261
Bhutan,BTN,2016,214.66,1824.599,2790.564,0
Bhutan,BTN,2017,1116.227,2790.564,1996.328,64.398
Bhutan,BTN,2018,515.182,1395.283,1030.364,0
Bhutan,BTN,2019,558.112,2146.587,429.319,0
Bhutan,BTN,2020,150.262,214.658,1008.896,0
Bhutan,BTN,2021,622.511,1094.759,1416.749,107.329
Bhutan,BTN,2022,279.056,1287.953,2039.26,0
Bhutan,BTN,2023,386.386,1631.406,4121.447,0
Bhutan,BTN,2024,1330.885,2318.313,1974.861,21.466
Bhutan,BTN,2025,128.795,429.317,815.705,0
Bolivia,BOL,2002,739370.3,2630341.5,1094759.2,130383.68
Bolivia,BOL,2003,679373.25,1632479.2,407422.16,121410.945
Bolivia,BOL,2004,968539.94,2963663.5,2371355.8,174903.89
Bolivia,BOL,2005,1287737.4,3263434.2,1116976.4,84554.05
Bolivia,BOL,2006,979551.94,2359292,1280782.5,70214.85
Bolivia,BOL,2007,898883.2,1868346.1,2010257,66630.055
Bolivia,BOL,2008,730784,1580918.2,813856.9,59567.78
Bolivia,BOL,2009,566892.06,1110472.2,345879.53,89126.28
Bolivia,BOL,2010,1586477.9,3941133.2,3706704.5,82879.72
Bolivia,BOL,2011,569103.06,1806309.8,830643.2,62165.152
Bolivia,BOL,2012,498737.97,1522552.5,620256.25,60769.867
Bolivia,BOL,2013,342616.72,1073443.6,255164.77,70923.23
Bolivia,BOL,2014,272466.25,587327.6,153223.36,89512.67
Bolivia,BOL,2015,519302.25,1252984.1,484591.97,71781.86
Bolivia,BOL,2016,703157.44,2077058.8,621136.4,95029.4
Bolivia,BOL,2017,613709.1,1539703.8,327225.7,63646.297
Bolivia,BOL,2018,391537.4,1010591.56,379216,64547.863
Bolivia,BOL,2019,614117,2592561.5,2176252.5,68046.8
Bolivia,BOL,2020,1006577.44,1989349.2,1412797.5,67531.62
Bolivia,BOL,2021,817441.7,2030842.8,1621488.8,83115.836
Bolivia,BOL,2022,817763.7,2357489,1083833.1,62894.99
Bolivia,BOL,2023,1081901.1,2953875,1481552.8,66715.92
Bolivia,BOL,2024,1170555.2,3349555.5,6362676.5,62122.223
Bolivia,BOL,2025,450954.94,807846.44,283649.97,44090.89
Bonaire Sint Eustatius and Saba,BES,2002,0,0,0,0
Bonaire Sint Eustatius and Saba,BES,2003,0,0,0,0
Bonaire Sint Eustatius and Saba,BES,2004,0,0,0,0
Bonaire Sint Eustatius and Saba,BES,2005,0,0,0,0
Bonaire Sint Eustatius and Saba,BES,2006,0,0,0,0
Bonaire Sint Eustatius and Saba,BES,2007,0,0,0,0
Bonaire Sint Eustatius and Saba,BES,2008,0,0,0,0
Bonaire Sint Eustatius and Saba,BES,2009,0,0,0,0
Bonaire Sint Eustatius and Saba,BES,2010,0,0,0,0
Bonaire Sint Eustatius and Saba,BES,2011,21.466,0,0,0
Bonaire Sint Eustatius and Saba,BES,2012,0,0,0,0
Bonaire Sint Eustatius and Saba,BES,2013,0,0,0,0
Bonaire Sint Eustatius and Saba,BES,2014,0,0,0,0
Bonaire Sint Eustatius and Saba,BES,2015,0,0,0,0
Bonaire Sint Eustatius and Saba,BES,2016,0,0,0,0
Bonaire Sint Eustatius and Saba,BES,2017,0,0,0,0
Bonaire Sint Eustatius and Saba,BES,2018,0,0,0,0
Bonaire Sint Eustatius and Saba,BES,2019,0,0,0,0
Bonaire Sint Eustatius and Saba,BES,2020,0,0,0,0
Bonaire Sint Eustatius and Saba,BES,2021,0,0,0,0
Bonaire Sint Eustatius and Saba,BES,2022,0,0,0,0
Bonaire Sint Eustatius and Saba,BES,2023,0,0,0,0
Bonaire Sint Eustatius and Saba,BES,2024,0,0,0,0
Bonaire Sint Eustatius and Saba,BES,2025,0,0,0,0
Bosnia and Herzegovina,BIH,2002,429.317,1116.225,601.044,0
Bosnia and Herzegovina,BIH,2003,21830.787,12085.283,5838.716,35483.08
Bosnia and Herzegovina,BIH,2004,42.932,6375.363,1695.803,2168.052
Bosnia and Herzegovina,BIH,2005,21.466,1695.803,128.795,0
Bosnia and Herzegovina,BIH,2006,2661.769,3434.538,1266.486,3649.198
Bosnia and Herzegovina,BIH,2007,29644.363,10969.059,386.386,5709.92
Bosnia and Herzegovina,BIH,2008,4722.49,7384.259,2082.189,5946.045
Bosnia and Herzegovina,BIH,2009,171.727,1330.884,236.124,1373.816
Bosnia and Herzegovina,BIH,2010,601.044,1609.939,493.715,1459.679
Bosnia and Herzegovina,BIH,2011,10282.15,10389.481,4379.038,8114.1
Bosnia and Herzegovina,BIH,2012,22989.945,21616.129,4078.515,19169.018
Bosnia and Herzegovina,BIH,2013,1352.349,579.577,193.193,622.51
Bosnia and Herzegovina,BIH,2014,300.522,1524.076,450.783,708.374
Bosnia and Herzegovina,BIH,2015,4894.219,1373.815,214.658,2919.359
Bosnia and Herzegovina,BIH,2016,5194.74,1781.666,21.466,9316.188
Bosnia and Herzegovina,BIH,2017,31984.143,14038.676,1030.363,6997.874
Bosnia and Herzegovina,BIH,2018,643.977,193.194,21.466,493.716
Bosnia and Herzegovina,BIH,2019,3949.72,3391.606,472.25,4142.911
Bosnia and Herzegovina,BIH,2020,14811.448,9831.366,2940.824,6890.544
Bosnia and Herzegovina,BIH,2021,21616.129,6718.818,515.182,4593.696
Bosnia and Herzegovina,BIH,2022,3498.938,5624.057,1760.202,1030.362
Bosnia and Herzegovina,BIH,2023,85.863,1202.089,236.125,279.056
Bosnia and Herzegovina,BIH,2024,7985.303,2253.918,300.523,2382.711
Bosnia and Herzegovina,BIH,2025,10088.957,4937.151,429.317,364.92
Botswana,BWA,2002,8125560.5,33035.97,193.193,665.442
Botswana,BWA,2003,1360850.1,9874.298,64.398,171.727
Botswana,BWA,2004,1786196.2,965.964,0,214.659
Botswana,BWA,2005,2786462.8,3799.458,85.864,0
Botswana,BWA,2006,5168637.5,944.499,0,751.305
Botswana,BWA,2007,2826711.2,3713.595,0,343.454
Botswana,BWA,2008,10980220,2232.45,21.466,643.977
Botswana,BWA,2009,2163008,1888.997,64.398,815.703
Botswana,BWA,2010,13380920,1287.953,0,1524.077
Botswana,BWA,2011,16514980,901.567,21.466,1996.325
Botswana,BWA,2012,4959366.5,1567.009,0,901.566
Botswana,BWA,2013,4022145.5,10690.001,0,0
Botswana,BWA,2014,2857257.2,1137.692,0,85.863
Botswana,BWA,2015,1787054.9,27261.652,0,0
Botswana,BWA,2016,1445812,12063.818,300.522,42.932
Botswana,BWA,2017,4768127,12815.123,171.727,171.727
Botswana,BWA,2018,2716484,11977.952,42.932,257.591
Botswana,BWA,2019,1090873.9,20242.312,64.398,0
Botswana,BWA,2020,3213955.5,257.591,0,64.398
Botswana,BWA,2021,10564040,13244.439,21.466,1266.486
Botswana,BWA,2022,7519364.5,3348.675,171.727,2125.121
Botswana,BWA,2023,10597441,14038.678,64.398,536.647
Botswana,BWA,2024,2161570,9831.368,171.727,64.398
Botswana,BWA,2025,2585284.8,4464.9,0,193.193
Brazil,BRA,2002,6336874.5,12775046,2667649.2,1251696.2
Brazil,BRA,2003,4870669.5,7785198,2382689.8,1339169.6
Brazil,BRA,2004,6311609,9880953,2834138.5,1432073.9
Brazil,BRA,2005,5699703,11792746,3546419,1334640.2
Brazil,BRA,2006,4037600.8,5390916.5,1546100.6,1507440.5
Brazil,BRA,2007,10145563,20207838,3981381.8,1985056.1
Brazil,BRA,2008,4719679,7614673,1355977.4,1488357.4
Brazil,BRA,2009,2928652.8,4209757,531537.8,1335863.9
Brazil,BRA,2010,10171752,20017436,4039103.5,1976298
Brazil,BRA,2011,4813656.5,6769304,951517.5,1484128.6
Brazil,BRA,2012,6239870,14703239,1900716.8,1149389.9
Brazil,BRA,2013,3431791.2,4839243.5,530314.25,956390.25
Brazil,BRA,2014,4971881.5,8600772,1114121.5,1079668.8
Brazil,BRA,2015,5491784.5,11249574,2196022.8,1109141.4
Brazil,BRA,2016,5054997,8059145,1625481.4,1094158.2
Brazil,BRA,2017,5608816.5,11225897,2467887.8,1179270.4
Brazil,BRA,2018,3027975.2,3930142.8,727306.5,979079.7
Brazil,BRA,2019,5633781.5,10265364,2087276.5,1401399.1
Brazil,BRA,2020,6122859.5,10389609,3234670,1417133.6
Brazil,BRA,2021,4839158,7663293,1645251.4,1412861.9
Brazil,BRA,2022,4730733.5,5953000,1982802.1,823022.8
Brazil,BRA,2023,3662849.8,5682251,1518216.4,756306.9
Brazil,BRA,2024,7036533,10237394,5722800,1868496.4
Brazil,BRA,2025,3625628,5413584.5,611541.1,630516.94
British Virgin Islands,VGB,2002,0,0,0,0
British Virgin Islands,VGB,2003,0,0,0,0
British Virgin Islands,VGB,2004,0,0,0,0
British Virgin Islands,VGB,2005,0,0,0,0
British Virgin Islands,VGB,2006,0,0,0,0
British Virgin Islands,VGB,2007,0,0,0,0
British Virgin Islands,VGB,2008,0,0,0,0
British Virgin Islands,VGB,2009,0,0,0,0
British Virgin Islands,VGB,2010,0,0,0,0
British Virgin Islands,VGB,2011,0,0,0,0
British Virgin Islands,VGB,2012,0,0,0,0
British Virgin Islands,VGB,2013,0,0,0,0
British Virgin Islands,VGB,2014,0,0,0,0
British Virgin Islands,VGB,2015,0,0,0,0
British Virgin Islands,VGB,2016,0,0,0,0
British Virgin Islands,VGB,2017,0,0,0,0
British Virgin Islands,VGB,2018,0,0,0,0
British Virgin Islands,VGB,2019,0,0,0,0
British Virgin Islands,VGB,2020,0,0,0,0
British Virgin Islands,VGB,2021,0,0,0,0
British Virgin Islands,VGB,2022,0,0,0,0
British Virgin Islands,VGB,2023,0,0,0,0
British Virgin Islands,VGB,2024,0,0,0,0
British Virgin Islands,VGB,2025,0,0,0,0
Brunei,BRN,2002,0,0,0,0
Brunei,BRN,2003,64.398,193.192,236.125,0
Brunei,BRN,2004,21.466,128.795,171.727,0
Brunei,BRN,2005,0,0,21.466,0
Brunei,BRN,2006,0,0,0,0
Brunei,BRN,2007,0,0,21.466,0
Brunei,BRN,2008,0,0,0,0
Brunei,BRN,2009,0,42.932,171.726,0
Brunei,BRN,2010,0,21.466,0,0
Brunei,BRN,2011,0,0,42.932,0
Brunei,BRN,2012,0,0,0,0
Brunei,BRN,2013,0,0,0,0
Brunei,BRN,2014,0,42.932,279.057,0
Brunei,BRN,2015,0,236.125,193.193,0
Brunei,BRN,2016,42.932,21.466,107.329,0
Brunei,BRN,2017,0,0,0,0
Brunei,BRN,2018,0,0,0,0
Brunei,BRN,2019,42.932,0,0,0
Brunei,BRN,2020,150.261,21.466,128.796,0
Brunei,BRN,2021,0,0,0,0
Brunei,BRN,2022,0,0,0,0
Brunei,BRN,2023,0,0,42.932,0
Brunei,BRN,2024,0,0,107.329,0
Brunei,BRN,2025,0,0,0,0
Bulgaria,BGR,2002,2189.52,1781.667,236.125,26403.018
Bulgaria,BGR,2003,4314.641,1266.486,42.932,47074.65
Bulgaria,BGR,2004,5280.606,515.182,0,123879.516
Bulgaria,BGR,2005,2275.383,2253.918,1051.827,100567.586
Bulgaria,BGR,2006,13866.952,7191.07,407.853,176277.7
Bulgaria,BGR,2007,46323.344,17559.088,5259.14,41772.58
Bulgaria,BGR,2008,10840.266,4057.051,880.101,74787.086
Bulgaria,BGR,2009,2575.906,1309.42,42.932,28270.549
Bulgaria,BGR,2010,4164.379,4615.165,2060.724,43532.785
Bulgaria,BGR,2011,12428.74,3928.257,1309.419,79080.26
Bulgaria,BGR,2012,11698.899,6997.878,321.988,153051.64
Bulgaria,BGR,2013,2747.631,772.774,21.466,59095.535
Bulgaria,BGR,2014,794.238,622.509,1266.486,37779.93
Bulgaria,BGR,2015,3069.619,1030.363,665.443,46366.277
Bulgaria,BGR,2016,6139.24,2189.52,536.646,55167.277
Bulgaria,BGR,2017,4658.096,2318.314,472.249,70837.37
Bulgaria,BGR,2018,1438.214,1051.829,128.796,42523.887
Bulgaria,BGR,2019,5624.059,2790.564,579.58,155799.27
Bulgaria,BGR,2020,4293.173,1910.463,321.989,9659.64
Bulgaria,BGR,2021,794.239,450.785,128.795,25179.46
Bulgaria,BGR,2022,3348.677,1352.351,493.715,10625.607
Bulgaria,BGR,2023,7362.793,3348.675,42.932,10732.935
Bulgaria,BGR,2024,19898.86,1910.464,729.841,11892.091
Bulgaria,BGR,2025,17129.762,3649.198,2361.247,6611.487
Burkina Faso,BFA,2002,3338758,450.784,0,520933.66
Burkina Faso,BFA,2003,2951835.8,42.932,0,527931.56
Burkina Faso,BFA,2004,3399463.5,42.932,0,361742.8
Burkina Faso,BFA,2005,3614422.8,128.795,0,403815.9
Burkina Faso,BFA,2006,2593033.8,64.398,0,291570.88
Burkina Faso,BFA,2007,2802154.2,64.398,0,295134.22
Burkina Faso,BFA,2008,2287467.2,0,0,285045.25
Burkina Faso,BFA,2009,2570580.5,42.932,21.466,348777.4
Burkina Faso,BFA,2010,2683856,150.261,0,360540.72
Burkina Faso,BFA,2011,2588697.8,193.193,0,300243.1
Burkina Faso,BFA,2012,1781989,107.329,0,210687.48
Burkina Faso,BFA,2013,2107089.5,171.727,0,195747.25
Burkina Faso,BFA,2014,1953007.5,0,0,171898.67
Burkina Faso,BFA,2015,1500464.1,21.466,0,148350.61
Burkina Faso,BFA,2016,2094360.2,0,0,228654.42
Burkina Faso,BFA,2017,1803691,0,0,215130.92
Burkina Faso,BFA,2018,1314934.6,0,0,148093.02
Burkina Faso,BFA,2019,1379976.2,0,42.932,158181.98
Burkina Faso,BFA,2020,1475499.4,0,0,126240.766
Burkina Faso,BFA,2021,1676784.8,0,0,196133.62
Burkina Faso,BFA,2022,1298384.5,0,0,219939.28
Burkina Faso,BFA,2023,2518504.2,0,0,224983.75
Burkina Faso,BFA,2024,3511966.2,0,0,258878.36
Burkina Faso,BFA,2025,3452248,0,0,202272.86
Burundi,BDI,2002,7684.784,52784.566,837.169,20263.781
Burundi,BDI,2003,5194.74,52419.652,150.262,25694.646
Burundi,BDI,2004,6783.213,42802.938,343.455,18181.592
Burundi,BDI,2005,4765.423,27368.982,107.33,9659.645
Burundi,BDI,2006,472.249,24277.896,257.591,1567.009
Burundi,BDI,2007,1116.225,20349.64,171.727,2554.439
Burundi,BDI,2008,5366.467,28249.084,107.33,9316.186
Burundi,BDI,2009,2318.314,23440.729,150.262,5903.116
Burundi,BDI,2010,7813.578,23934.441,2554.438,4035.588
Burundi,BDI,2011,1395.282,21015.086,21.466,3370.143
Burundi,BDI,2012,2554.439,20972.152,85.864,3971.186
Burundi,BDI,2013,3863.858,27540.707,1330.885,2897.893
Burundi,BDI,2014,1330.884,17709.34,0,1137.692
Burundi,BDI,2015,10990.526,18804.102,128.796,7019.342
Burundi,BDI,2016,4593.697,24685.75,42.932,5409.401
Burundi,BDI,2017,1846.067,20435.504,42.932,6246.569
Burundi,BDI,2018,1051.828,25200.928,0,2597.37
Burundi,BDI,2019,1545.544,25351.19,42.932,2940.826
Burundi,BDI,2020,2447.109,22088.377,42.932,5946.046
Burundi,BDI,2021,1030.361,20542.836,64.398,2983.756
Burundi,BDI,2022,2275.384,22517.697,42.932,4507.832
Burundi,BDI,2023,1974.86,22238.639,0,4529.299
Burundi,BDI,2024,6568.557,31082.578,21.466,5023.017
Burundi,BDI,2025,3606.266,15755.946,0,3456.004
Cambodia,KHM,2002,38745.895,1440338.2,975902.75,195811.64
Cambodia,KHM,2003,71996.52,1454656,1162634.4,273131.7
Cambodia,KHM,2004,152257.39,1996755,1562586.4,468342.3
Cambodia,KHM,2005,143134.4,747033.6,857926.3,458231.88
Cambodia,KHM,2006,96789.6,1388627,1254336.5,316127.84
Cambodia,KHM,2007,161616.52,1420439.4,1199298,503739.5
Cambodia,KHM,2008,113876.42,1337173.2,1070760.4,337271.72
Cambodia,KHM,2009,116924.58,1515297,1060628.5,276415.97
Cambodia,KHM,2010,152922.84,1317639.4,805978.94,305802.75
Cambodia,KHM,2011,212834.08,1433834.1,1207412.1,363223.94
Cambodia,KHM,2012,169236.9,1426449.9,944154.7,303570.3
Cambodia,KHM,2013,213284.86,1230337.6,954157.8,182610.14
Cambodia,KHM,2014,149617.1,1182211.1,863528.94,224318.31
Cambodia,KHM,2015,261754.78,1749532.6,1009303.6,379967.3
Cambodia,KHM,2016,257998.27,1062281.4,826586.2,234171.14
Cambodia,KHM,2017,190337.84,1579866.4,746990.7,190874.5
Cambodia,KHM,2018,228074.84,1833077.8,695172.1,193128.42
Cambodia,KHM,2019,304300.12,1295958.9,518679.75,240031.34
Cambodia,KHM,2020,256302.45,1115602.6,556824.6,199460.84
Cambodia,KHM,2021,282168.8,1282263.6,569468,113876.43
Cambodia,KHM,2022,113017.79,1071919.5,300006.97,41300.336
Cambodia,KHM,2023,220454.45,1086945.6,377477.28,109561.79
Cambodia,KHM,2024,272466.25,1104869.6,582369,205106.36
Cambodia,KHM,2025,263579.38,982127.8,596171.56,253082.58
Cameroon,CMR,2002,294232.66,3386562.5,125832.92,1276746.9
Cameroon,CMR,2003,336026.7,4755462.5,385419.66,1595343.2
Cameroon,CMR,2004,390829.06,2762442.5,173594.47,1405069.8
Cameroon,CMR,2005,438955.53,4538635.5,374965.78,1301668.8
Cameroon,CMR,2006,452092.62,2925132.2,128451.75,1339169.6
Cameroon,CMR,2007,491310.78,2517645.8,131650.16,1318476.5
Cameroon,CMR,2008,384067.3,3100809,186001.75,1247252.8
Cameroon,CMR,2009,396131.12,2527198,118598.914,1105084.4
Cameroon,CMR,2010,387673.56,2689523,164428.55,1015228.2
Cameroon,CMR,2011,297903.3,2011716.8,155842.2,1002971.2
Cameroon,CMR,2012,302582.88,1739121.6,131092.05,811238.06
Cameroon,CMR,2013,407186.03,1544404.8,134505.12,960189.7
Cameroon,CMR,2014,309237.28,1410200.1,71846.26,676990.5
Cameroon,CMR,2015,272401.84,1048736.4,76933.67,692102.5
Cameroon,CMR,2016,438977,1501880.9,126262.234,865117.4
Cameroon,CMR,2017,320313.7,1286621.1,111364.92,754976
Cameroon,CMR,2018,334180.62,1150634.9,86357.19,597523.9
Cameroon,CMR,2019,254327.6,1138635.5,190037.33,557704.7
Cameroon,CMR,2020,488713.4,1540562.4,257568.94,721811.25
Cameroon,CMR,2021,468471.1,1188114.2,110742.414,716745.3
Cameroon,CMR,2022,412788.62,1411466.6,150389.88,625687.1
Cameroon,CMR,2023,332570.7,962293.4,92496.42,509792.88
Cameroon,CMR,2024,394156.25,1071468.8,113897.9,596708.2
Cameroon,CMR,2025,482745.9,991358.1,147105.6,555386.4
Canada,CAN,2002,78049.89,2185225.2,101791.14,65406.496
Canada,CAN,2003,97283.305,1444116.2,229813.58,73627.93
Canada,CAN,2004,99215.24,2011845.5,167562.56,24664.28
Canada,CAN,2005,47310.77,1220613.6,97691.164,107222.01
Canada,CAN,2006,90113.71,1568060.1,146418.69,59074.066
Canada,CAN,2007,46130.152,1131015.1,67767.74,91788.055
Canada,CAN,2008,23805.648,1219196.9,26896.732,177372.47
Canada,CAN,2009,48791.914,464349.66,83180.24,81226.84
Canada,CAN,2010,76740.48,2140941.2,177308.06,87623.67
Canada,CAN,2011,90199.58,1279344.2,191947.78,64140.01
Canada,CAN,2012,91208.47,1155314.5,247716.11,57657.316
Canada,CAN,2013,115314.64,3284535.2,251794.62,48748.99
Canada,CAN,2014,166575.12,2654490.8,147234.39,78286.016
Canada,CAN,2015,95716.305,2169941.5,593166.3,72382.91
Canada,CAN,2016,27218.725,678171.1,213048.73,40806.617
Canada,CAN,2017,178982.4,2313398,239924,155133.83
Canada,CAN,2018,92539.35,1058224.4,609158.4,31833.88
Canada,CAN,2019,25630.246,929686.7,296379.22,20070.588
Canada,CAN,2020,11591.572,99494.3,40828.08,108703.15
Canada,CAN,2021,102327.79,2872133,574040.25,36234.387
Canada,CAN,2022,49371.492,952097.06,172971.97,9144.462
Canada,CAN,2023,568502.06,10307738,2222339.8,27755.367
Canada,CAN,2024,114241.34,3893221.5,531473.44,16356.993
Canada,CAN,2025,90800.625,3225246.5,1029717.7,22625.025
Cape Verde,CPV,2002,0,0,0,0
Cape Verde,CPV,2003,0,0,0,0
Cape Verde,CPV,2004,0,0,0,0
Cape Verde,CPV,2005,0,0,0,0
Cape Verde,CPV,2006,0,0,0,0
Cape Verde,CPV,2007,0,0,0,0
Cape Verde,CPV,2008,0,0,0,0
Cape Verde,CPV,2009,0,0,0,0
Cape Verde,CPV,2010,0,0,0,0
Cape Verde,CPV,2011,0,0,0,0
Cape Verde,CPV,2012,0,0,0,0
Cape Verde,CPV,2013,0,0,0,0
Cape Verde,CPV,2014,0,0,0,0
Cape Verde,CPV,2015,0,0,0,0
Cape Verde,CPV,2016,0,0,0,0
Cape Verde,CPV,2017,0,0,0,0
Cape Verde,CPV,2018,0,0,0,0
Cape Verde,CPV,2019,0,0,0,0
Cape Verde,CPV,2020,0,0,0,0
Cape Verde,CPV,2021,0,0,0,0
Cape Verde,CPV,2022,0,0,0,0
Cape Verde,CPV,2023,558.113,0,0,42.932
Cape Verde,CPV,2024,0,0,0,0
Cape Verde,CPV,2025,0,0,0,0
Cayman Islands,CYM,2002,0,0,0,0
Cayman Islands,CYM,2003,0,0,0,0
Cayman Islands,CYM,2004,0,0,0,0
Cayman Islands,CYM,2005,0,0,0,0
Cayman Islands,CYM,2006,0,0,0,0
Cayman Islands,CYM,2007,0,0,0,0
Cayman Islands,CYM,2008,0,0,0,0
Cayman Islands,CYM,2009,0,0,0,0
Cayman Islands,CYM,2010,0,0,0,0
Cayman Islands,CYM,2011,0,0,0,0
Cayman Islands,CYM,2012,0,0,0,0
Cayman Islands,CYM,2013,0,0,0,0
Cayman Islands,CYM,2014,0,0,0,0
Cayman Islands,CYM,2015,0,0,0,0
Cayman Islands,CYM,2016,0,0,0,0
Cayman Islands,CYM,2017,0,0,0,0
Cayman Islands,CYM,2018,0,0,0,0
Cayman Islands,CYM,2019,0,0,0,0
Cayman Islands,CYM,2020,0,0,0,0
Cayman Islands,CYM,2021,0,0,0,0
Cayman Islands,CYM,2022,0,0,0,0
Cayman Islands,CYM,2023,0,0,0,0
Cayman Islands,CYM,2024,0,0,0,0
Cayman Islands,CYM,2025,0,0,0,0
Central African Republic,CAF,2002,3070735.2,10976271,2541430,527330.5
Central African Republic,CAF,2003,2993651.2,18973444,4294225.5,524625.8
Central African Republic,CAF,2004,3186908.5,14840363,2948143.8,278562.56
Central African Republic,CAF,2005,2821795.5,16426433,4253848,175891.31
Central African Republic,CAF,2006,2997558,15312870,3642714.8,150475.73
Central African Republic,CAF,2007,2431116.8,16016349,4175025.2,212383.3
Central African Republic,CAF,2008,2705558,18593370,3835693,184585
Central African Republic,CAF,2009,1660728.2,11613743,2460718.2,114434.54
Central African Republic,CAF,2010,2269371.5,14239705,3484597.2,96403.21
Central African Republic,CAF,2011,2492337.5,15833825,4074908.5,146354.28
Central African Republic,CAF,2012,2093845.1,10871625,3727955.8,99644.56
Central African Republic,CAF,2013,2531534.2,12611433,3297114.2,89877.586
Central African Republic,CAF,2014,2106359.8,11974777,2820357.5,83351.97
Central African Republic,CAF,2015,2822997.8,11994783,2991740.8,116409.4
Central African Republic,CAF,2016,2627014.2,14522132,4101504.8,119307.3
Central African Republic,CAF,2017,2502855.8,11109187,3491380.5,129589.445
Central African Republic,CAF,2018,2231849.2,12178853,3603732.8,126927.67
Central African Republic,CAF,2019,1888695.8,9410486,3374026.5,69570.875
Central African Republic,CAF,2020,2239255,11136578,3219901.5,97047.19
Central African Republic,CAF,2021,2444060.8,10816414,3316841.5,102628.31
Central African Republic,CAF,2022,1753589.6,12517520,3490436,110720.945
Central African Republic,CAF,2023,2257543.8,7235950.5,2402781.8,67810.67
Central African Republic,CAF,2024,1456459.1,10289535,2980621.5,29343.842
Central African Republic,CAF,2025,1623227.4,8907991,2625683.5,37393.54
Chad,TCD,2002,8088618,900364.3,186495.45,2522969.2
Chad,TCD,2003,8126440.5,1154005,195382.33,2873421
Chad,TCD,2004,8291964,1035534.94,218694.27,3153293
Chad,TCD,2005,9218688,710777.8,160972.53,2822654.2
Chad,TCD,2006,7818534.5,925436.5,281825.38,2601062
Chad,TCD,2007,8513342,932928.06,380740.1,2471021.8
Chad,TCD,2008,7685081,662179.06,237154.9,2482119.8
Chad,TCD,2009,6166714.5,500755.75,102156.06,1819704.5
Chad,TCD,2010,6753827.5,736687.1,240546.52,1687818.2
Chad,TCD,2011,7583182.5,586876.8,243422.94,2326556.5
Chad,TCD,2012,7091228,817055.3,346373.25,1726048.9
Chad,TCD,2013,6515084,545726.75,210794.81,1567051.2
Chad,TCD,2014,6069001.5,513485,190166.11,1090573.4
Chad,TCD,2015,6189983.5,484076.78,193622.12,1006083.75
Chad,TCD,2016,7677224.5,754224.7,351718.25,1475284.6
Chad,TCD,2017,5575995,477250.62,230414.62,1116590
Chad,TCD,2018,6680242.5,458081.6,233419.84,1045731.2
Chad,TCD,2019,5121133.5,243616.12,176707.02,944648.44
Chad,TCD,2020,6538868,457072.72,188770.84,945678.8
Chad,TCD,2021,6238625,450117.78,160822.28,1178111.2
Chad,TCD,2022,5044350,242414.05,87194.35,1098150.9
Chad,TCD,2023,5400490,221613.61,96982.79,1033109.25
Chad,TCD,2024,4796784,225863.86,91315.805,845240
Chad,TCD,2025,5305954.5,249454.84,61907.562,728251
Chile,CHL,2002,8092.634,11806.229,23440.729,472.249
Chile,CHL,2003,17537.613,21465.871,23054.342,10904.663
Chile,CHL,2004,15176.37,17108.299,19469.547,5795.783
Chile,CHL,2005,47804.49,25265.326,26725.01,12149.682
Chile,CHL,2006,8543.42,6396.831,14360.667,3069.62
Chile,CHL,2007,14446.533,17301.49,29150.65,6096.308
Chile,CHL,2008,13115.65,16850.707,39733.32,8650.747
Chile,CHL,2009,18718.236,28614.004,21015.088,8500.486
Chile,CHL,2010,15476.892,35461.613,16271.131,7341.327
Chile,CHL,2011,19705.668,26188.361,33100.367,6246.569
Chile,CHL,2012,17666.41,43940.63,33186.234,11462.774
Chile,CHL,2013,4486.368,9101.53,11162.253,3005.222
Chile,CHL,2014,22002.516,43811.836,36835.43,10539.743
Chile,CHL,2015,34560.047,68003.87,100181.21,24642.814
Chile,CHL,2016,19684.203,27390.45,17559.086,14489.459
Chile,CHL,2017,65771.42,190659.83,218522.53,8672.212
Chile,CHL,2018,7470.122,10003.095,7877.975,11677.433
Chile,CHL,2019,32027.078,34860.57,26123.963,15927.674
Chile,CHL,2020,16636.053,19834.46,34517.113,16399.922
Chile,CHL,2021,13544.964,16292.593,26295.688,21143.879
Chile,CHL,2022,19362.215,41751.117,51067.3,13459.101
Chile,CHL,2023,28850.13,92367.63,263600.84,26038.096
Chile,CHL,2024,19984.725,21680.525,11484.242,13416.166
Chile,CHL,2025,13952.817,20800.428,33035.973,18460.646
China,CHN,2002,174109.66,245226.08,61714.37,1068807
China,CHN,2003,350151.22,1431902.1,202873.92,1412862
China,CHN,2004,80475.54,692875.25,171705.47,1302806.4
China,CHN,2005,164707.61,450353.9,103529.88,2363370.5
China,CHN,2006,113146.586,328685.38,75860.375,3462423
China,CHN,2007,123149.69,532761.4,106685.37,3082155
China,CHN,2008,341135.56,1270500.2,319455.03,1378731.2
China,CHN,2009,186967.7,602976.25,131435.52,2280855.8
China,CHN,2010,117504.164,790974.3,148264.75,3006316.2
China,CHN,2011,110742.41,369513.44,91229.945,2538102.8
China,CHN,2012,203152.97,232797.33,66630.055,4252088
China,CHN,2013,162432.22,290519.06,71309.62,2852706.5
China,CHN,2014,255121.84,399071.94,137682.08,4621021.5
China,CHN,2015,199718.44,261432.8,78500.69,3440506.2
China,CHN,2016,109497.4,280408.62,87344.625,1027313.5
China,CHN,2017,145817.64,188642.05,45679.375,3723555.2
China,CHN,2018,125532.4,269289.3,94041.97,1025918.2
China,CHN,2019,287148.9,205600.08,94664.484,1935083.5
China,CHN,2020,157258.94,181579.78,101447.695,1959425.9
China,CHN,2021,64032.688,112846.07,75795.984,2292747.8
China,CHN,2022,94149.3,132594.67,45851.094,2446722.5
China,CHN,2023,206694.84,283950.5,108488.5,1838186.6
China,CHN,2024,134032.88,118813.58,83051.445,3490221.2
China,CHN,2025,71416.945,91766.59,41643.79,2415940.5
Colombia,COL,2002,376983.56,1595922.9,9831.373,10861.729
Colombia,COL,2003,572924,2514619,46409.207,14403.595
Colombia,COL,2004,850177.1,2947714.5,167541.1,13416.169
Colombia,COL,2005,529434.1,1624472.5,14167.476,13051.247
Colombia,COL,2006,438290.1,1149840.6,32563.725,10174.823
Colombia,COL,2007,875034.6,2647728.8,142769.48,12192.617
Colombia,COL,2008,700173.7,1902562.8,39282.54,8135.567
Colombia,COL,2009,500777.22,1285225.9,18224.525,15326.633
Colombia,COL,2010,416802.75,1422027.9,13180.047,5345.004
Colombia,COL,2011,344312.53,1117298.4,20156.453,5881.649
Colombia,COL,2012,301488.12,1111395.2,21337.076,11720.366
Colombia,COL,2013,372754.78,1320107.9,26252.76,6439.761
Colombia,COL,2014,572387.4,1792550.1,60619.613,11655.97
Colombia,COL,2015,403322.2,938122.8,51067.3,12192.613
Colombia,COL,2016,607226.44,1308280.2,56841.62,8629.279
Colombia,COL,2017,488820.72,786316.2,33486.754,6783.215
Colombia,COL,2018,758517.9,1556790.6,163419.66,7040.805
Colombia,COL,2019,492298.2,1119058.6,35547.48,12836.594
Colombia,COL,2020,798916.6,1463349.6,62508.605,12192.616
Colombia,COL,2021,393082.97,862004.8,36234.387,5023.014
Colombia,COL,2022,597287.75,1386308.6,101233.03,6096.307
Colombia,COL,2023,494552.12,915841.25,26338.621,8758.073
Colombia,COL,2024,512862.5,1000330.9,27368.984,11720.364
Colombia,COL,2025,446661.78,826929.6,9766.97,5752.853
Comoros,COM,2002,0,0,0,0
Comoros,COM,2003,364.92,751.306,0,42.932
Comoros,COM,2004,21.466,42.932,0,0
Comoros,COM,2005,923.033,4443.435,6074.841,21.466
Comoros,COM,2006,42.932,987.43,0,0
Comoros,COM,2007,107.329,279.056,64.398,0
Comoros,COM,2008,107.329,2618.835,193.193,21.466
Comoros,COM,2009,21.466,21.466,85.863,0
Comoros,COM,2010,42.932,493.714,85.863,0
Comoros,COM,2011,85.863,708.373,0,21.466
Comoros,COM,2012,171.727,321.988,0,21.466
Comoros,COM,2013,64.398,815.703,64.398,21.466
Comoros,COM,2014,493.715,772.771,64.398,42.932
Comoros,COM,2015,150.261,1073.293,321.988,0
Comoros,COM,2016,171.727,300.522,0,0
Comoros,COM,2017,21.466,0,0,0
Comoros,COM,2018,64.398,193.194,0,0
Comoros,COM,2019,257.59,2017.792,42.932,21.466
Comoros,COM,2020,0,42.932,0,0
Comoros,COM,2021,0,0,0,0
Comoros,COM,2022,236.124,643.976,21.466,21.466
Comoros,COM,2023,0,0,0,0
Comoros,COM,2024,386.386,2232.45,300.522,0
Comoros,COM,2025,0,150.261,0,0
Congo,COG,2002,1196292.8,495153.16,14467.994,21852.256
Congo,COG,2003,1988426.2,1104376,71674.53,17430.285
Congo,COG,2004,2058920.1,1118457.5,53900.793,13265.91
Congo,COG,2005,2338298.5,1412733.1,52891.9,11119.323
Congo,COG,2006,2452861.8,1344793.6,66672.984,8264.363
Congo,COG,2007,2060895,1176887.6,46967.316,6568.558
Congo,COG,2008,1973636.2,1180043.1,35740.668,11162.251
Congo,COG,2009,1965264.5,1065673,36856.895,12621.934
Congo,COG,2010,2216222,1368964.2,63946.816,16163.803
Congo,COG,2011,2209374.5,1465904.1,80625.8,13652.294
Congo,COG,2012,2129628.8,1324465.5,49672.016,13759.625
Congo,COG,2013,2058233.2,1567974.2,43833.3,15541.291
Congo,COG,2014,1830072.5,1147522.4,22861.15,14446.529
Congo,COG,2015,2068236.4,1519139.4,53943.727,16099.404
Congo,COG,2016,1974816.9,1568768.5,91036.74,11570.103
Congo,COG,2017,2066025.4,1489860,32692.518,6890.545
Congo,COG,2018,2022256.4,1665407.9,70300.72,9444.984
Congo,COG,2019,1998536.6,1550501.1,75645.72,9444.981
Congo,COG,2020,2108055.5,1098494.2,62186.617,11248.117
Congo,COG,2021,1684984.8,1176393.9,42373.62,14467.997
Congo,COG,2022,2366933.8,1463821.9,74400.695,16721.914
Congo,COG,2023,1758848.8,1132217.1,49199.766,14296.271
Congo,COG,2024,2325483.2,1982544.6,164364.16,15691.553
Congo,COG,2025,1931370,1343527.1,102864.44,14747.054
Costa Rica,CRI,2002,4185.846,8672.212,2232.45,12686.329
Costa Rica,CRI,2003,4980.08,17451.752,4786.889,11763.296
Costa Rica,CRI,2004,5280.602,14704.121,2232.45,9809.902
Costa Rica,CRI,2005,1996.326,8672.211,686.908,6117.773
Costa Rica,CRI,2006,2017.791,6375.362,450.784,7341.327
Costa Rica,CRI,2007,2661.768,10904.662,8328.757,8758.076
Costa Rica,CRI,2008,5838.715,5881.647,236.125,6826.145
Costa Rica,CRI,2009,5087.412,6375.362,2747.632,13759.623
Costa Rica,CRI,2010,6847.611,8028.235,2490.04,10926.125
Costa Rica,CRI,2011,2833.494,2125.12,85.864,10818.797
Costa Rica,CRI,2012,3348.676,10668.537,7555.987,12321.408
Costa Rica,CRI,2013,7577.45,21787.855,9895.767,18181.59
Costa Rica,CRI,2014,5516.727,16636.047,4057.05,16743.377
Costa Rica,CRI,2015,9316.186,11312.511,10904.66,17988.396
Costa Rica,CRI,2016,7727.711,25716.111,10003.095,10217.753
Costa Rica,CRI,2017,6547.089,12621.929,3219.882,10647.071
Costa Rica,CRI,2018,6954.942,15391.028,4379.037,14682.654
Costa Rica,CRI,2019,5946.046,14854.38,8672.209,16378.457
Costa Rica,CRI,2020,6053.376,10088.958,7856.509,11355.444
Costa Rica,CRI,2021,5087.41,6461.227,1159.156,8886.869
Costa Rica,CRI,2022,7448.656,17988.398,14639.723,11956.49
Costa Rica,CRI,2023,8457.552,4057.051,472.249,12729.259
Costa Rica,CRI,2024,7191.068,10990.524,8135.565,3670.664
Costa Rica,CRI,2025,8028.235,1567.008,128.795,7963.837
Cote d'Ivoire,CIV,2002,722991.9,3437501,9852.836,41214.47
Cote d'Ivoire,CIV,2003,571421.4,3185341.5,14639.72,25372.656
Cote d'Ivoire,CIV,2004,353006.2,1654546.1,7083.739,13523.498
Cote d'Ivoire,CIV,2005,470317.16,3896999.5,6997.876,7684.783
Cote d'Ivoire,CIV,2006,521964.03,3025399.2,5366.468,14360.666
Cote d'Ivoire,CIV,2007,483497.2,2987962.8,24020.309,28721.33
Cote d'Ivoire,CIV,2008,393769.88,2467437,5752.855,23269.002
Cote d'Ivoire,CIV,2009,295949.9,2166893.5,5602.593,12407.275
Cote d'Ivoire,CIV,2010,347897.3,1940213.9,4142.915,6547.093
Cote d'Ivoire,CIV,2011,357342.28,2325934,5044.482,19104.623
Cote d'Ivoire,CIV,2012,303119.5,2013305.1,20671.629,17065.365
Cote d'Ivoire,CIV,2013,373355.84,2620188.2,4658.094,7319.86
Cote d'Ivoire,CIV,2014,216354.48,1275759.4,2532.973,3327.21
Cote d'Ivoire,CIV,2015,264996.12,1541464,2210.986,8457.552
Cote d'Ivoire,CIV,2016,417296.47,2581292,4765.424,29343.842
Cote d'Ivoire,CIV,2017,295585,1398200.8,2640.304,10840.265
Cote d'Ivoire,CIV,2018,206845.1,1296474,1051.829,13137.111
Cote d'Ivoire,CIV,2019,148951.66,965770.8,1674.338,6396.83
Cote d'Ivoire,CIV,2020,193729.45,1381650.5,7105.202,7792.113
Cote d'Ivoire,CIV,2021,162861.53,1056099.2,858.635,4894.217
Cote d'Ivoire,CIV,2022,213456.6,1132002.5,2125.122,7105.204
Cote d'Ivoire,CIV,2023,183533.17,1018984.75,1953.394,5430.866
Cote d'Ivoire,CIV,2024,277768.3,1136467.4,2661.771,7727.713
Cote d'Ivoire,CIV,2025,181579.77,692059.56,2253.919,4507.835
Croatia,HRV,2002,708.373,2683.235,579.579,1824.599
Croatia,HRV,2003,11741.83,6611.487,858.636,2940.824
Croatia,HRV,2004,1287.951,343.455,107.33,2082.189
Croatia,HRV,2005,686.908,2554.44,386.385,1223.555
Croatia,HRV,2006,2468.574,579.578,0,1974.86
Croatia,HRV,2007,15305.163,7255.463,1159.157,944.498
Croatia,HRV,2008,4035.584,4722.49,1073.294,4164.38
Croatia,HRV,2009,1760.201,1287.952,214.658,2382.713
Croatia,HRV,2010,193.193,21.466,42.932,987.43
Croatia,HRV,2011,8157.032,9960.164,3541.869,6375.365
Croatia,HRV,2012,13072.713,5452.332,858.635,3305.743
Croatia,HRV,2013,579.578,0,0,214.659
Croatia,HRV,2014,579.579,407.852,193.193,0
Croatia,HRV,2015,1524.076,2919.357,1073.293,0
Croatia,HRV,2016,2490.04,1438.214,21.466,0
Croatia,HRV,2017,38166.312,11935.025,987.432,450.783
Croatia,HRV,2018,751.305,880.102,21.466,0
Croatia,HRV,2019,1846.065,1631.407,450.783,236.124
Croatia,HRV,2020,6074.841,2597.37,2232.451,321.988
Croatia,HRV,2021,3670.663,643.977,0,171.728
Croatia,HRV,2022,8994.2,2640.303,1545.543,193.193
Croatia,HRV,2023,643.976,150.262,21.466,493.715
Croatia,HRV,2024,7148.135,1738.737,85.864,193.193
Croatia,HRV,2025,386.385,214.659,64.398,343.454
Cuba,CUB,2002,3756.527,49092.44,8436.089,72103.85
Cuba,CUB,2003,1931.93,36985.69,1567.01,122355.445
Cuba,CUB,2004,14553.858,152042.73,6418.3,333987.44
Cuba,CUB,2005,3842.392,105590.6,14811.454,194716.88
Cuba,CUB,2006,4808.358,90521.56,11248.115,220797.92
Cuba,CUB,2007,4507.834,59825.37,6590.024,151613.42
Cuba,CUB,2008,7577.454,47074.652,3820.925,126455.42
Cuba,CUB,2009,6010.447,102950.305,15154.908,217857.1
Cuba,CUB,2010,4014.117,37350.617,4529.298,112567.01
Cuba,CUB,2011,11892.093,98421,14940.247,143005.61
Cuba,CUB,2012,2082.192,37135.95,5774.319,98270.74
Cuba,CUB,2013,5001.549,49886.68,7963.841,84081.805
Cuba,CUB,2014,4078.517,40570.496,3327.214,55467.8
Cuba,CUB,2015,6096.311,77083.94,12020.89,93719.98
Cuba,CUB,2016,3606.266,36921.3,2618.838,52398.184
Cuba,CUB,2017,6890.544,65578.22,8564.883,92668.15
Cuba,CUB,2018,2726.166,25844.908,2146.59,42008.707
Cuba,CUB,2019,987.432,26295.691,708.377,49414.43
Cuba,CUB,2020,16593.115,127206.734,19619.803,132616.14
Cuba,CUB,2021,3799.46,67724.81,8157.035,86464.516
Cuba,CUB,2022,3477.474,41064.207,3026.691,78350.42
Cuba,CUB,2023,10797.331,119607.82,21444.402,161423.33
Cuba,CUB,2024,3735.06,61929.027,10690.007,148586.73
Cuba,CUB,2025,10024.563,117139.24,20478.441,176685.56
Cyprus,CYP,2002,901.566,64.398,0,515.18
Cyprus,CYP,2003,279.056,0,0,2125.121
Cyprus,CYP,2004,21.466,0,0,1352.349
Cyprus,CYP,2005,1373.815,0,0,643.976
Cyprus,CYP,2006,0,0,0,0
Cyprus,CYP,2007,2318.313,107.33,0,214.659
Cyprus,CYP,2008,1738.735,42.932,0,0
Cyprus,CYP,2009,0,0,0,0
Cyprus,CYP,2010,515.181,107.329,0,21.466
Cyprus,CYP,2011,558.113,0,0,21.466
Cyprus,CYP,2012,1717.269,21.466,0,0
Cyprus,CYP,2013,2039.258,0,0,21.466
Cyprus,CYP,2014,536.646,0,0,0
Cyprus,CYP,2015,193.193,21.466,0,300.522
Cyprus,CYP,2016,2189.519,64.398,0,0
Cyprus,CYP,2017,0,0,0,0
Cyprus,CYP,2018,0,0,0,0
Cyprus,CYP,2019,21.466,64.398,0,0
Cyprus,CYP,2020,515.181,21.466,0,21.466
Cyprus,CYP,2021,5087.411,171.727,0,386.386
Cyprus,CYP,2022,42.932,0,0,0
Cyprus,CYP,2023,815.703,279.056,0,0
Cyprus,CYP,2024,1502.611,0,0,85.864
Cyprus,CYP,2025,6461.226,7362.793,0,0
Czechia,CZE,2002,85.864,0,42.932,236.125
Czechia,CZE,2003,321.988,1116.225,171.728,1974.86
Czechia,CZE,2004,0,0,0,729.84
Czechia,CZE,2005,21.466,257.59,21.466,214.659
Czechia,CZE,2006,0,0,0,0
Czechia,CZE,2007,21.466,64.398,42.932,2447.11
Czechia,CZE,2008,42.932,0,0,472.25
Czechia,CZE,2009,21.466,0,128.796,407.851
Czechia,CZE,2010,0,0,150.261,128.796
Czechia,CZE,2011,21.466,42.932,42.932,343.454
Czechia,CZE,2012,21.466,42.932,0,2039.257
Czechia,CZE,2013,21.466,236.125,85.863,42.932
Czechia,CZE,2014,0,42.932,858.634,150.261
Czechia,CZE,2015,64.398,257.591,0,343.453
Czechia,CZE,2016,42.932,0,42.932,2125.12
Czechia,CZE,2017,42.932,42.932,300.523,3627.734
Czechia,CZE,2018,64.398,21.466,0,450.785
Czechia,CZE,2019,128.795,64.398,0,5366.466
Czechia,CZE,2020,0,0,0,236.125
Czechia,CZE,2021,64.398,64.398,21.466,558.113
Czechia,CZE,2022,21.466,107.33,708.374,622.512
Czechia,CZE,2023,0,0,0,42.932
Czechia,CZE,2024,0,21.466,85.864,901.567
Czechia,CZE,2025,236.125,300.523,42.932,1395.283
Democratic Republic of Congo,COD,2002,1493144.2,25261848,4409196.5,54437.44
Democratic Republic of Congo,COD,2003,1919392,28003146,5072835,73305.94
Democratic Republic of Congo,COD,2004,2341561.2,29934088,5343455.5,58065.17
Democratic Republic of Congo,COD,2005,2194348.2,29417104,5320809,45035.39
Democratic Republic of Congo,COD,2006,2022814.5,30235768,5396197,39389.863
Democratic Republic of Congo,COD,2007,1877576.5,25908852,4515903.5,35740.67
Democratic Republic of Congo,COD,2008,1908938.1,27559984,5095481.5,40334.367
Democratic Republic of Congo,COD,2009,1792249.6,27432884,5046539.5,31705.086
Democratic Republic of Congo,COD,2010,2089401.6,28229976,5368399,28098.82
Democratic Republic of Congo,COD,2011,1486618.6,26428798,5763134.5,41686.72
Democratic Republic of Congo,COD,2012,1487756.4,25319376,5316838,39947.98
Democratic Republic of Congo,COD,2013,1641709.5,27067728,5226917,31232.84
Democratic Republic of Congo,COD,2014,1347519.9,26054282,4788133.5,23097.275
Democratic Republic of Congo,COD,2015,1470884.1,27506728,5025803.5,17537.613
Democratic Republic of Congo,COD,2016,1418571.9,27346850,5000581,24814.545
Democratic Republic of Congo,COD,2017,1200221,28268744,5072449,20886.291
Democratic Republic of Congo,COD,2018,1377550.6,26187392,4323075.5,21165.346
Democratic Republic of Congo,COD,2019,1185559.9,26883166,4835594.5,21122.42
Democratic Republic of Congo,COD,2020,1277584,27451924,4699243.5,18267.453
Democratic Republic of Congo,COD,2021,1343677.4,27573272,4382085,21487.336
Democratic Republic of Congo,COD,2022,1403760.4,28055224,3670620.5,23569.523
Democratic Republic of Congo,COD,2023,1287544.2,26204672,3421315.8,19662.736
Democratic Republic of Congo,COD,2024,1807039.6,28422160,3670727.8,15262.234
Democratic Republic of Congo,COD,2025,1464401.5,26068514,3434689,13866.955
Denmark,DNK,2002,0,0,0,1674.338
Denmark,DNK,2003,150.262,257.591,0,12621.931
Denmark,DNK,2004,21.466,729.839,0,7384.258
Denmark,DNK,2005,0,0,0,21.466
Denmark,DNK,2006,85.864,107.329,0,15111.971
Denmark,DNK,2007,85.864,686.908,0,407.852
Denmark,DNK,2008,21.466,21.466,0,2897.893
Denmark,DNK,2009,0,0,0,772.771
Denmark,DNK,2010,0,0,0,0
Denmark,DNK,2011,0,21.466,0,0
Denmark,DNK,2012,0,0,0,150.261
Denmark,DNK,2013,21.466,0,0,2146.587
Denmark,DNK,2014,0,0,0,0
Denmark,DNK,2015,0,0,0,1588.474
Denmark,DNK,2016,0,0,0,0
Denmark,DNK,2017,0,0,0,0
Denmark,DNK,2018,21.466,0,0,171.727
Denmark,DNK,2019,0,0,0,343.454
Denmark,DNK,2020,0,0,0,0
Denmark,DNK,2021,0,0,0,0
Denmark,DNK,2022,0,0,0,815.703
Denmark,DNK,2023,0,0,0,42.932
Denmark,DNK,2024,0,0,0,0
Denmark,DNK,2025,0,85.863,0,0
Djibouti,DJI,2002,0,0,0,0
Djibouti,DJI,2003,0,0,0,0
Djibouti,DJI,2004,0,0,0,0
Djibouti,DJI,2005,0,0,0,0
Djibouti,DJI,2006,0,0,0,0
Djibouti,DJI,2007,0,0,0,0
Djibouti,DJI,2008,0,0,0,0
Djibouti,DJI,2009,0,0,0,0
Djibouti,DJI,2010,0,0,0,0
Djibouti,DJI,2011,0,0,0,0
Djibouti,DJI,2012,0,0,0,0
Djibouti,DJI,2013,0,0,0,0
Djibouti,DJI,2014,0,0,0,0
Djibouti,DJI,2015,0,0,0,0
Djibouti,DJI,2016,0,0,0,0
Djibouti,DJI,2017,0,0,0,0
Djibouti,DJI,2018,0,0,0,0
Djibouti,DJI,2019,0,0,0,0
Djibouti,DJI,2020,42.932,0,0,0
Djibouti,DJI,2021,0,0,0,0
Djibouti,DJI,2022,0,0,0,0
Djibouti,DJI,2023,0,0,0,0
Djibouti,DJI,2024,0,0,0,0
Djibouti,DJI,2025,0,0,0,0
Dominica,DMA,2002,0,0,0,0
Dominica,DMA,2003,0,0,0,0
Dominica,DMA,2004,0,0,0,0
Dominica,DMA,2005,0,0,0,0
Dominica,DMA,2006,0,0,0,0
Dominica,DMA,2007,0,0,0,0
Dominica,DMA,2008,0,0,0,0
Dominica,DMA,2009,0,0,0,0
Dominica,DMA,2010,0,0,0,0
Dominica,DMA,2011,0,0,0,0
Dominica,DMA,2012,0,0,0,0
Dominica,DMA,2013,0,0,0,0
Dominica,DMA,2014,0,0,0,0
Dominica,DMA,2015,0,0,0,0
Dominica,DMA,2016,0,0,0,0
Dominica,DMA,2017,0,0,0,0
Dominica,DMA,2018,0,0,0,0
Dominica,DMA,2019,0,0,0,0
Dominica,DMA,2020,0,0,0,0
Dominica,DMA,2021,0,0,0,0
Dominica,DMA,2022,0,0,0,0
Dominica,DMA,2023,0,0,0,0
Dominica,DMA,2024,0,0,0,0
Dominica,DMA,2025,0,0,0,0
Dominican Republic,DOM,2002,815.702,2168.054,85.864,364.92
Dominican Republic,DOM,2003,2876.426,11827.694,407.852,9359.12
Dominican Republic,DOM,2004,128.796,6246.567,601.043,2833.495
Dominican Republic,DOM,2005,6203.637,38810.29,13459.101,9337.655
Dominican Republic,DOM,2006,2082.189,6590.022,386.386,4894.219
Dominican Republic,DOM,2007,1137.691,12707.796,686.908,13824.018
Dominican Republic,DOM,2008,2017.791,13738.157,601.045,10346.548
Dominican Republic,DOM,2009,1073.293,5538.196,837.169,8521.951
Dominican Republic,DOM,2010,1309.419,18482.111,901.567,11655.968
Dominican Republic,DOM,2011,1309.419,14918.779,407.851,8801.008
Dominican Republic,DOM,2012,708.375,6096.31,622.51,4958.618
Dominican Republic,DOM,2013,2532.973,17301.49,1287.952,6976.409
Dominican Republic,DOM,2014,1352.353,9144.46,2082.19,6246.565
Dominican Republic,DOM,2015,1094.76,14983.179,6504.163,4550.764
Dominican Republic,DOM,2016,21.466,1030.362,21.466,772.773
Dominican Republic,DOM,2017,21.466,1223.556,171.727,2854.96
Dominican Republic,DOM,2018,364.921,4486.365,0,7319.861
Dominican Republic,DOM,2019,643.977,3584.8,880.101,2575.905
Dominican Republic,DOM,2020,1030.362,2683.232,193.193,4293.174
Dominican Republic,DOM,2021,1202.089,3413.074,321.989,2490.044
Dominican Republic,DOM,2022,3219.881,4808.354,1459.679,1352.35
Dominican Republic,DOM,2023,515.182,8457.554,4937.148,15798.88
Dominican Republic,DOM,2024,708.374,3756.527,493.715,4228.775
Dominican Republic,DOM,2025,1008.896,2833.495,21.466,5817.249
East Timor,TLS,2002,858.635,16979.504,4507.839,1116.228
East Timor,TLS,2003,536.647,3284.279,214.659,493.714
East Timor,TLS,2004,1459.679,16056.468,2232.454,837.17
East Timor,TLS,2005,2554.439,15455.423,1781.668,858.636
East Timor,TLS,2006,2382.712,16936.57,3069.621,1008.896
East Timor,TLS,2007,1545.543,9080.062,923.033,343.454
East Timor,TLS,2008,2468.576,9895.767,1545.542,794.238
East Timor,TLS,2009,965.964,8178.494,1330.884,214.659
East Timor,TLS,2010,0,0,0,0
East Timor,TLS,2011,279.057,2575.903,343.455,21.466
East Timor,TLS,2012,472.249,9165.925,1116.227,0
East Timor,TLS,2013,128.795,472.249,0,0
East Timor,TLS,2014,1781.668,16185.265,2060.724,171.727
East Timor,TLS,2015,407.853,4293.175,1330.885,214.659
East Timor,TLS,2016,21.466,794.237,257.591,64.398
East Timor,TLS,2017,343.454,6590.023,386.386,42.932
East Timor,TLS,2018,171.727,3627.73,1030.361,0
East Timor,TLS,2019,107.33,9659.644,3005.22,21.466
East Timor,TLS,2020,493.715,2790.565,2404.177,107.33
East Timor,TLS,2021,0,150.262,150.261,0
East Timor,TLS,2022,0,21.466,0,42.932
East Timor,TLS,2023,128.796,4937.155,1330.885,0
East Timor,TLS,2024,772.771,2146.589,386.386,236.125
East Timor,TLS,2025,42.932,407.852,214.66,21.466
Ecuador,ECU,2002,1803.134,3305.746,601.045,0
Ecuador,ECU,2003,2382.713,13051.249,257.59,2382.711
Ecuador,ECU,2004,1674.338,15197.835,493.716,5946.045
Ecuador,ECU,2005,10561.207,27132.861,3091.088,3863.856
Ecuador,ECU,2006,3906.789,15305.167,579.579,2082.189
Ecuador,ECU,2007,3413.074,16657.516,3606.267,4937.15
Ecuador,ECU,2008,171.727,2189.518,150.261,772.772
Ecuador,ECU,2009,6697.351,26381.55,880.102,7233.998
Ecuador,ECU,2010,880.102,5323.535,1330.885,1159.158
Ecuador,ECU,2011,1502.613,44627.54,450.785,10110.424
Ecuador,ECU,2012,3649.196,30932.314,7019.339,3713.594
Ecuador,ECU,2013,2253.917,20306.71,321.989,3842.39
Ecuador,ECU,2014,364.92,7405.726,1073.293,2897.892
Ecuador,ECU,2015,4336.108,14360.667,2597.372,150.262
Ecuador,ECU,2016,5903.116,53900.797,1545.546,17644.943
Ecuador,ECU,2017,2769.099,10711.469,128.795,3327.21
Ecuador,ECU,2018,2232.45,17838.139,1803.134,2554.438
Ecuador,ECU,2019,4636.627,39905.05,2962.291,1931.93
Ecuador,ECU,2020,5194.739,31082.576,2125.122,5087.409
Ecuador,ECU,2021,3284.278,29322.375,2189.519,1373.816
Ecuador,ECU,2022,12128.216,43081.996,1352.35,17623.479
Ecuador,ECU,2023,2897.893,12707.798,1266.488,85.864
Ecuador,ECU,2024,13781.085,53471.477,7899.441,8371.688
Ecuador,ECU,2025,2060.723,4507.835,858.637,257.59
Egypt,EGY,2002,0,85.864,0,10260.685
Egypt,EGY,2003,21.466,42.932,0,6804.68
Egypt,EGY,2004,0,107.33,0,20907.754
Egypt,EGY,2005,0,42.932,0,17945.467
Egypt,EGY,2006,42.932,300.522,0,67209.63
Egypt,EGY,2007,0,300.522,0,65063.043
Egypt,EGY,2008,0,171.728,0,29622.898
Egypt,EGY,2009,42.932,150.261,0,33465.29
Egypt,EGY,2010,21.466,450.784,0,37221.812
Egypt,EGY,2011,0,214.659,0,30996.713
Egypt,EGY,2012,0,64.398,0,37887.258
Egypt,EGY,2013,407.852,751.305,0,95308.45
Egypt,EGY,2014,0,493.715,0,70171.92
Egypt,EGY,2015,751.305,429.318,0,42867.336
Egypt,EGY,2016,1910.462,708.374,0,61370.914
Egypt,EGY,2017,3949.72,193.193,0,27175.787
Egypt,EGY,2018,4271.707,0,0,472.249
Egypt,EGY,2019,11162.252,0,0,815.704
Egypt,EGY,2020,8715.143,0,0,6139.237
Egypt,EGY,2021,16593.115,21.466,0,1631.407
Egypt,EGY,2022,45507.64,21.466,0,7706.248
Egypt,EGY,2023,48834.848,300.522,0,39625.992
Egypt,EGY,2024,50466.254,42.932,0,8865.403
Egypt,EGY,2025,46452.137,0,0,1588.474
El Salvador,SLV,2002,107.329,1073.295,64.398,2726.166
El Salvador,SLV,2003,300.523,2704.701,171.727,4743.957
El Salvador,SLV,2004,214.659,4593.696,343.454,2940.824
El Salvador,SLV,2005,150.261,2683.234,1202.09,2683.235
El Salvador,SLV,2006,85.864,4142.913,193.193,1974.861
El Salvador,SLV,2007,279.056,1180.623,21.466,2125.123
El Salvador,SLV,2008,407.851,622.511,85.864,1974.862
El Salvador,SLV,2009,579.578,622.512,21.466,3284.278
El Salvador,SLV,2010,0,300.523,85.864,1481.145
El Salvador,SLV,2011,128.795,85.864,21.466,1352.35
El Salvador,SLV,2012,42.932,1824.599,386.386,3155.485
El Salvador,SLV,2013,1309.418,12900.987,6332.434,7126.669
El Salvador,SLV,2014,257.592,2854.961,150.261,6418.295
El Salvador,SLV,2015,729.842,11849.162,5194.74,7040.808
El Salvador,SLV,2016,150.261,450.785,107.329,2382.713
El Salvador,SLV,2017,536.646,10647.073,5366.47,7362.793
El Salvador,SLV,2018,901.567,7856.508,1373.817,6461.229
El Salvador,SLV,2019,386.387,9101.526,3777.994,5044.48
El Salvador,SLV,2020,858.635,4464.905,1416.748,5988.978
El Salvador,SLV,2021,364.92,279.057,107.329,4357.571
El Salvador,SLV,2022,643.977,2082.189,708.375,3906.79
El Salvador,SLV,2023,300.522,837.172,150.261,1996.327
El Salvador,SLV,2024,150.262,944.5,257.591,1008.897
El Salvador,SLV,2025,150.262,407.851,0,1652.871
Equatorial Guinea,GNQ,2002,0,0,0,0
Equatorial Guinea,GNQ,2003,0,0,0,0
Equatorial Guinea,GNQ,2004,0,0,0,0
Equatorial Guinea,GNQ,2005,0,0,0,0
Equatorial Guinea,GNQ,2006,0,0,85.864,0
Equatorial Guinea,GNQ,2007,0,0,21.466,0
Equatorial Guinea,GNQ,2008,0,0,64.398,0
Equatorial Guinea,GNQ,2009,0,0,0,0
Equatorial Guinea,GNQ,2010,0,0,21.466,0
Equatorial Guinea,GNQ,2011,0,0,0,0
Equatorial Guinea,GNQ,2012,0,0,0,0
Equatorial Guinea,GNQ,2013,0,0,0,0
Equatorial Guinea,GNQ,2014,0,0,42.932,0
Equatorial Guinea,GNQ,2015,0,0,0,0
Equatorial Guinea,GNQ,2016,0,0,0,0
Equatorial Guinea,GNQ,2017,0,0,42.932,0
Equatorial Guinea,GNQ,2018,0,0,21.466,0
Equatorial Guinea,GNQ,2019,0,0,0,0
Equatorial Guinea,GNQ,2020,0,0,386.386,0
Equatorial Guinea,GNQ,2021,0,0,21.466,0
Equatorial Guinea,GNQ,2022,0,0,42.932,0
Equatorial Guinea,GNQ,2023,0,236.125,107.33,0
Equatorial Guinea,GNQ,2024,0,622.511,794.236,0
Equatorial Guinea,GNQ,2025,0,279.056,429.317,0
Eritrea,ERI,2002,20070.586,0,0,26810.87
Eritrea,ERI,2003,9058.596,0,0,20220.846
Eritrea,ERI,2004,3176.949,0,0,14811.448
Eritrea,ERI,2005,4142.913,0,0,12428.736
Eritrea,ERI,2006,6053.374,0,0,16185.264
Eritrea,ERI,2007,39282.535,0,0,37178.883
Eritrea,ERI,2008,34238.06,0,0,35654.81
Eritrea,ERI,2009,1051.828,0,0,9037.129
Eritrea,ERI,2010,1051.828,0,0,3477.469
Eritrea,ERI,2011,10582.673,0,0,1545.542
Eritrea,ERI,2012,5860.182,0,0,343.454
Eritrea,ERI,2013,7105.202,0,0,3477.472
Eritrea,ERI,2014,4593.695,0,0,7727.712
Eritrea,ERI,2015,3112.551,0,0,14532.393
Eritrea,ERI,2016,2060.723,0,0,5946.044
Eritrea,ERI,2017,1266.488,0,0,1159.157
Eritrea,ERI,2018,128.795,0,0,7105.202
Eritrea,ERI,2019,6482.692,0,0,31533.36
Eritrea,ERI,2020,38144.848,0,0,39754.79
Eritrea,ERI,2021,14811.449,0,0,18632.373
Eritrea,ERI,2022,14403.598,0,0,19619.805
Eritrea,ERI,2023,44777.797,0,0,10260.684
Eritrea,ERI,2024,6632.953,0,0,5409.399
Eritrea,ERI,2025,43081.996,0,0,15992.072
Estonia,EST,2002,2511.507,1180.624,729.84,150.261
Estonia,EST,2003,472.25,3348.675,772.771,407.851
Estonia,EST,2004,429.318,1438.215,21.466,85.864
Estonia,EST,2005,0,0,0,0
Estonia,EST,2006,686.909,1888.997,128.796,193.194
Estonia,EST,2007,0,0,0,0
Estonia,EST,2008,107.329,601.044,0,42.932
Estonia,EST,2009,21.466,0,0,21.466
Estonia,EST,2010,85.863,85.864,0,107.33
Estonia,EST,2011,0,0,42.932,0
Estonia,EST,2012,0,42.932,64.398,0
Estonia,EST,2013,42.932,901.566,21.466,300.522
Estonia,EST,2014,64.398,0,0,85.864
Estonia,EST,2015,42.932,236.125,0,85.864
Estonia,EST,2016,21.466,0,0,0
Estonia,EST,2017,64.398,0,85.864,300.522
Estonia,EST,2018,0,85.864,107.33,257.59
Estonia,EST,2019,171.727,21.466,0,128.795
Estonia,EST,2020,300.522,0,0,0
Estonia,EST,2021,21.466,42.932,0,21.466
Estonia,EST,2022,107.329,21.466,0,643.977
Estonia,EST,2023,193.194,42.932,0,1116.226
Estonia,EST,2024,279.056,0,0,64.398
Estonia,EST,2025,0,42.932,0,0
Eswatini,SWZ,2002,55897.12,12986.851,1180.625,10088.957
Eswatini,SWZ,2003,53836.4,6783.215,3627.731,13523.498
Eswatini,SWZ,2004,41107.137,9208.857,4271.709,11570.102
Eswatini,SWZ,2005,60125.9,6847.612,2618.838,12364.341
Eswatini,SWZ,2006,23376.328,4336.105,1116.227,8521.948
Eswatini,SWZ,2007,83673.95,23011.41,25522.916,15476.89
Eswatini,SWZ,2008,69485.016,19426.611,17451.752,8564.883
Eswatini,SWZ,2009,31297.236,10046.027,1631.406,8693.676
Eswatini,SWZ,2010,69828.47,20757.492,6053.376,11677.43
Eswatini,SWZ,2011,44992.46,22603.56,6031.909,11119.32
Eswatini,SWZ,2012,49908.14,25522.914,4765.424,7985.302
Eswatini,SWZ,2013,51024.367,24556.953,4829.821,8242.893
Eswatini,SWZ,2014,55360.473,21015.082,5108.877,7835.042
Eswatini,SWZ,2015,26853.8,8049.702,2318.315,12020.888
Eswatini,SWZ,2016,19727.135,4679.56,2490.041,12342.874
Eswatini,SWZ,2017,24943.34,9702.573,1438.215,9144.459
Eswatini,SWZ,2018,23097.275,10453.88,1051.83,11140.787
Eswatini,SWZ,2019,74679.75,27025.527,6826.146,17043.898
Eswatini,SWZ,2020,27240.186,10518.277,1352.352,12986.851
Eswatini,SWZ,2021,41536.453,18160.127,3048.156,17816.672
Eswatini,SWZ,2022,22775.287,12299.943,429.319,6439.761
Eswatini,SWZ,2023,32520.787,14425.063,1652.873,11527.171
Eswatini,SWZ,2024,85520.016,32284.664,4099.982,12385.808
Eswatini,SWZ,2025,37522.336,10239.219,1931.929,10368.014
Ethiopia,ETH,2002,1101220.5,5343112,152643.78,1847288.1
Ethiopia,ETH,2003,1012566.44,3750280.2,194931.55,1476594.1
Ethiopia,ETH,2004,1115538.2,4315347.5,203625.22,1084820.5
Ethiopia,ETH,2005,1338611.5,5346203,234986.84,919576.3
Ethiopia,ETH,2006,970879.7,3622644.2,219445.56,640133.6
Ethiopia,ETH,2007,1318669.8,5031556.5,298289.7,631096.5
Ethiopia,ETH,2008,1052020.8,3803644.2,206265.52,560795.8
Ethiopia,ETH,2009,1147543.8,4261597,104367.05,717582.5
Ethiopia,ETH,2010,1202045.6,3495201.2,157731.2,550320.44
Ethiopia,ETH,2011,1158620.2,3662484.8,191861.92,632985.5
Ethiopia,ETH,2012,1464444.4,3883991,201006.38,514236.3
Ethiopia,ETH,2013,1447572.2,3785119.2,167991.88,495153.16
Ethiopia,ETH,2014,997583.25,3667164.5,187139.44,376253.72
Ethiopia,ETH,2015,1260411.4,4241741.5,141524.47,510501.25
Ethiopia,ETH,2016,1125026.1,4041357.5,163441.12,568738.2
Ethiopia,ETH,2017,909916.6,3279190.2,170911.23,554356
Ethiopia,ETH,2018,999772.75,3498979.2,163655.78,492319.66
Ethiopia,ETH,2019,927583.06,2823813.5,191110.61,461902.53
Ethiopia,ETH,2020,1071361.5,2886472.2,260745.89,409375.56
Ethiopia,ETH,2021,1051655.8,3221726.2,252245.4,468685.75
Ethiopia,ETH,2022,827423.3,2574444.5,165373.05,434361.8
Ethiopia,ETH,2023,1069343.6,2910449.5,160199.77,523552.5
Ethiopia,ETH,2024,1034118.1,2391727,215152.39,366422.34
Ethiopia,ETH,2025,1007822.5,2770320.5,287277.72,281868.3
Europe,OWID_EUR,2002,3205369.2,6930191,1092720,7506034
Europe,OWID_EUR,2003,6365810.5,12856144,1652786,3309629
Europe,OWID_EUR,2004,1764687.5,3847048.5,1271659.5,5741776
Europe,OWID_EUR,2005,3227071.2,4433045,735248.94,8335689.5
Europe,OWID_EUR,2006,3592205.5,5078996,1202281.8,7363672.5
Europe,OWID_EUR,2007,3602895.8,3650056.2,615576.75,6822325
Europe,OWID_EUR,2008,3500911.2,10827104,1847116.5,13048478
Europe,OWID_EUR,2009,2385244.2,4650344,846442.1,7976673
Europe,OWID_EUR,2010,3481270,3793276.5,1262772.6,4368690.5
Europe,OWID_EUR,2011,2986825,6943542.5,1337108.9,3565437.5
Europe,OWID_EUR,2012,2941940,8843401,2175844.8,2789532.2
Europe,OWID_EUR,2013,1051913.4,4536961,614825.4,1906598.4
Europe,OWID_EUR,2014,3883325.5,10606585,2030821.4,6206512
Europe,OWID_EUR,2015,2843862.5,4535888,754010.06,4495961.5
Europe,OWID_EUR,2016,1967754.5,5202918.5,1422886.5,2907551.8
Europe,OWID_EUR,2017,2025390.5,4582598,894547.1,4376761.5
Europe,OWID_EUR,2018,1585189.9,8066508,1258737,2508394
Europe,OWID_EUR,2019,3250490.5,5952399.5,1168601.9,4002332.5
Europe,OWID_EUR,2020,3058585.8,5830215,652154.5,2530138.8
Europe,OWID_EUR,2021,2167687.8,9312495,638351.94,1836190.4
Europe,OWID_EUR,2022,2066841,4303112,684568,2229810
Europe,OWID_EUR,2023,1922483.1,4938823.5,530593.3,1621059.4
Europe,OWID_EUR,2024,2342892,6621146.5,556459.75,2047757.9
Europe,OWID_EUR,2025,1625331,3533088.5,443720.97,1936994
Faroe Islands,FRO,2002,0,0,0,0
Faroe Islands,FRO,2003,0,0,0,0
Faroe Islands,FRO,2004,0,0,0,0
Faroe Islands,FRO,2005,0,0,0,0
Faroe Islands,FRO,2006,0,0,0,0
Faroe Islands,FRO,2007,0,0,0,0
Faroe Islands,FRO,2008,0,0,0,0
Faroe Islands,FRO,2009,0,0,0,0
Faroe Islands,FRO,2010,0,0,0,0
Faroe Islands,FRO,2011,0,0,0,0
Faroe Islands,FRO,2012,0,0,0,0
Faroe Islands,FRO,2013,0,0,0,0
Faroe Islands,FRO,2014,0,0,0,0
Faroe Islands,FRO,2015,0,0,0,0
Faroe Islands,FRO,2016,0,0,0,0
Faroe Islands,FRO,2017,0,0,0,0
Faroe Islands,FRO,2018,0,0,0,0
Faroe Islands,FRO,2019,0,0,0,0
Faroe Islands,FRO,2020,0,0,0,0
Faroe Islands,FRO,2021,0,0,0,0
Faroe Islands,FRO,2022,0,0,0,0
Faroe Islands,FRO,2023,0,0,0,0
Faroe Islands,FRO,2024,0,0,0,0
Faroe Islands,FRO,2025,0,0,0,0
Fiji,FJI,2002,0,0,0,0
Fiji,FJI,2003,2490.041,3262.812,2468.575,3327.209
Fiji,FJI,2004,493.715,558.113,0,64.398
Fiji,FJI,2005,21.466,21.466,0,0
Fiji,FJI,2006,0,85.863,85.863,0
Fiji,FJI,2007,364.92,193.193,85.863,1867.53
Fiji,FJI,2008,171.727,686.908,279.056,107.329
Fiji,FJI,2009,2146.587,1888.996,3820.924,64.398
Fiji,FJI,2010,772.771,2210.985,601.045,1309.419
Fiji,FJI,2011,0,0,0,0
Fiji,FJI,2012,0,0,0,0
Fiji,FJI,2013,85.863,0,0,257.59
Fiji,FJI,2014,4357.571,4207.311,2253.918,2168.053
Fiji,FJI,2015,965.965,3756.526,2253.916,794.237
Fiji,FJI,2016,257.591,643.975,21.466,386.386
Fiji,FJI,2017,300.522,837.168,150.261,429.318
Fiji,FJI,2018,493.715,515.181,665.443,601.044
Fiji,FJI,2019,0,21.466,279.056,0
Fiji,FJI,2020,0,0,0,0
Fiji,FJI,2021,21.466,42.932,0,665.443
Fiji,FJI,2022,214.659,21.466,0,601.045
Fiji,FJI,2023,107.329,343.455,1094.76,0
Fiji,FJI,2024,107.329,21.466,300.522,0
Fiji,FJI,2025,0,0,0,0
Finland,FIN,2002,85.863,128.795,0,0
Finland,FIN,2003,3756.527,5709.921,0,64.398
Finland,FIN,2004,0,0,0,0
Finland,FIN,2005,21.466,42.932,0,0
Finland,FIN,2006,1438.213,7835.042,622.511,0
Finland,FIN,2007,751.305,1008.896,42.932,0
Finland,FIN,2008,1373.816,3477.47,257.591,0
Finland,FIN,2009,364.919,2661.768,21.466,0
Finland,FIN,2010,42.932,686.907,214.658,0
Finland,FIN,2011,880.101,1159.157,107.33,0
Finland,FIN,2012,0,0,0,0
Finland,FIN,2013,343.453,772.771,21.466,0
Finland,FIN,2014,42.932,42.932,0,0
Finland,FIN,2015,42.932,429.319,0,0
Finland,FIN,2016,1652.872,944.499,64.398,0
Finland,FIN,2017,0,0,0,0
Finland,FIN,2018,214.659,1330.884,42.932,0
Finland,FIN,2019,858.635,1803.133,21.466,0
Finland,FIN,2020,0,0,0,0
Finland,FIN,2021,386.386,407.852,107.33,21.466
Finland,FIN,2022,0,0,0,0
Finland,FIN,2023,0,0,0,0
Finland,FIN,2024,0,0,0,0
Finland,FIN,2025,0,42.932,0,0
France,FRA,2002,944.498,4078.513,2060.725,89147.74
France,FRA,2003,9874.298,36277.316,15348.096,11505.705
France,FRA,2004,2425.644,5151.81,2726.168,56755.754
France,FRA,2005,5666.989,26016.635,5387.934,20778.96
France,FRA,2006,1287.951,1330.887,279.058,27798.297
France,FRA,2007,880.102,1717.271,515.181,8586.35
France,FRA,2008,2833.496,10926.129,2897.891,34946.434
France,FRA,2009,3413.072,9359.118,4894.219,11419.842
France,FRA,2010,2962.291,5731.388,1803.134,21852.254
France,FRA,2011,1545.543,3262.813,944.501,9809.901
France,FRA,2012,1974.861,22689.424,10711.469,5473.796
France,FRA,2013,1202.09,965.964,193.193,6890.545
France,FRA,2014,1395.282,13480.566,4014.119,8736.609
France,FRA,2015,1008.896,2318.315,944.5,12321.409
France,FRA,2016,4099.983,6740.282,794.238,11119.32
France,FRA,2017,3971.185,27905.63,12085.285,8586.349
France,FRA,2018,107.329,515.181,300.523,450.783
France,FRA,2019,2017.791,30417.135,9251.791,5817.251
France,FRA,2020,1159.156,3692.13,1996.327,1996.326
France,FRA,2021,1373.815,8672.211,2962.291,8285.825
France,FRA,2022,5323.535,24578.42,18696.77,7233.998
France,FRA,2023,2125.122,6804.679,2017.792,6525.625
France,FRA,2024,1051.827,1137.693,21.466,1588.474
France,FRA,2025,1309.418,12707.795,2275.383,2683.236
French Guiana,GUF,2002,450.783,321.988,150.261,1395.281
French Guiana,GUF,2003,386.386,837.169,279.057,1781.667
French Guiana,GUF,2004,665.441,1931.928,343.453,1373.816
French Guiana,GUF,2005,1416.747,2168.053,858.634,85.864
French Guiana,GUF,2006,21.466,708.374,107.33,279.056
French Guiana,GUF,2007,214.659,257.59,85.864,450.783
French Guiana,GUF,2008,1416.747,2425.643,579.579,1309.418
French Guiana,GUF,2009,493.716,1137.691,85.864,1287.952
French Guiana,GUF,2010,321.988,1287.952,128.796,901.566
French Guiana,GUF,2011,0,0,0,0
French Guiana,GUF,2012,536.646,1545.543,128.795,0
French Guiana,GUF,2013,0,0,42.932,0
French Guiana,GUF,2014,193.193,965.965,107.33,0
French Guiana,GUF,2015,257.59,407.852,300.523,0
French Guiana,GUF,2016,515.18,2060.724,364.921,171.726
French Guiana,GUF,2017,0,21.466,42.932,0
French Guiana,GUF,2018,364.92,1116.226,42.932,0
French Guiana,GUF,2019,150.261,128.795,42.932,0
French Guiana,GUF,2020,107.329,0,21.466,0
French Guiana,GUF,2021,0,0,128.795,0
French Guiana,GUF,2022,171.726,321.989,0,0
French Guiana,GUF,2023,1545.543,2168.054,171.727,0
French Guiana,GUF,2024,64.398,42.932,257.591,0
French Guiana,GUF,2025,1159.157,794.237,236.125,0
French Polynesia,PYF,2002,0,0,0,0
French Polynesia,PYF,2003,0,0,0,0
French Polynesia,PYF,2004,0,0,0,0
French Polynesia,PYF,2005,0,0,0,0
French Polynesia,PYF,2006,0,0,0,0
French Polynesia,PYF,2007,0,0,0,0
French Polynesia,PYF,2008,0,0,0,0
French Polynesia,PYF,2009,0,0,0,0
French Polynesia,PYF,2010,0,0,0,0
French Polynesia,PYF,2011,0,0,0,0
French Polynesia,PYF,2012,0,0,0,0
French Polynesia,PYF,2013,0,0,0,0
French Polynesia,PYF,2014,0,0,0,0
French Polynesia,PYF,2015,0,0,0,0
French Polynesia,PYF,2016,0,0,0,0
French Polynesia,PYF,2017,0,0,0,0
French Polynesia,PYF,2018,0,0,0,0
French Polynesia,PYF,2019,0,0,0,0
French Polynesia,PYF,2020,0,0,0,0
French Polynesia,PYF,2021,0,0,0,0
French Polynesia,PYF,2022,0,0,0,0
French Polynesia,PYF,2023,0,0,0,0
French Polynesia,PYF,2024,0,0,0,0
French Polynesia,PYF,2025,0,0,0,0
French Southern Territories,ATF,2002,0,0,0,0
French Southern Territories,ATF,2003,0,0,0,0
French Southern Territories,ATF,2004,0,0,0,0
French Southern Territories,ATF,2005,0,0,0,0
French Southern Territories,ATF,2006,0,0,0,0
French Southern Territories,ATF,2007,0,0,0,0
French Southern Territories,ATF,2008,0,0,0,0
French Southern Territories,ATF,2009,0,0,0,0
French Southern Territories,ATF,2010,0,0,0,0
French Southern Territories,ATF,2011,0,0,0,0
French Southern Territories,ATF,2012,0,0,0,0
French Southern Territories,ATF,2013,0,0,0,0
French Southern Territories,ATF,2014,0,0,0,0
French Southern Territories,ATF,2015,0,0,0,0
French Southern Territories,ATF,2016,0,0,0,0
French Southern Territories,ATF,2017,0,0,0,0
French Southern Territories,ATF,2018,0,0,0,0
French Southern Territories,ATF,2019,0,0,0,0
French Southern Territories,ATF,2020,0,0,0,0
French Southern Territories,ATF,2021,0,0,0,0
French Southern Territories,ATF,2022,0,0,0,0
French Southern Territories,ATF,2023,0,0,0,0
French Southern Territories,ATF,2024,0,0,0,0
French Southern Territories,ATF,2025,0,0,0,0
Gabon,GAB,2002,192699.1,15605.687,5795.785,321.988
Gabon,GAB,2003,255980.47,25222.395,3799.46,429.318
Gabon,GAB,2004,353027.66,62744.734,14017.213,1202.088
Gabon,GAB,2005,238421.39,53922.26,8199.966,429.318
Gabon,GAB,2006,318939.84,103250.82,5946.048,794.236
Gabon,GAB,2007,335447.1,46409.207,3134.018,85.864
Gabon,GAB,2008,310460.84,175719.6,6139.241,450.784
Gabon,GAB,2009,290519.06,16764.844,4743.956,751.306
Gabon,GAB,2010,326581.72,28034.426,3928.255,987.431
Gabon,GAB,2011,362107.72,106148.72,9960.165,1309.418
Gabon,GAB,2012,364404.56,66136.336,4121.448,1438.215
Gabon,GAB,2013,355152.78,113447.11,6074.842,1416.748
Gabon,GAB,2014,294576.1,32391.994,4336.108,1309.418
Gabon,GAB,2015,292043.12,55403.406,3799.459,1245.022
Gabon,GAB,2016,331175.4,65771.42,8436.086,1245.021
Gabon,GAB,2017,395379.8,51367.82,6804.681,515.181
Gabon,GAB,2018,272831.2,26274.223,5302.071,579.579
Gabon,GAB,2019,326152.38,136179.47,5495.262,472.25
Gabon,GAB,2020,322138.28,33078.906,5259.139,729.84
Gabon,GAB,2021,246385.22,29322.375,7835.043,772.771
Gabon,GAB,2022,408967.72,94363.95,9316.187,1309.417
Gabon,GAB,2023,281567.78,88482.31,7019.338,1030.362
Gabon,GAB,2024,384410.75,226980.08,25608.781,1846.064
Gabon,GAB,2025,353328.2,68218.53,20220.848,1609.94
Gambia,GMB,2002,140601.44,6547.088,0,141052.22
Gambia,GMB,2003,61285.055,2726.166,0,100073.875
Gambia,GMB,2004,116538.195,3005.222,0,151527.56
Gambia,GMB,2005,117418.29,3048.154,0,145581.52
Gambia,GMB,2006,178724.81,2296.848,21.466,189565.08
Gambia,GMB,2007,149359.5,2812.029,21.466,169451.56
Gambia,GMB,2008,129825.56,171.727,0,130984.72
Gambia,GMB,2009,142254.3,794.237,0,160264.17
Gambia,GMB,2010,136093.6,1223.555,0,111837.17
Gambia,GMB,2011,178445.77,1330.886,0,98785.92
Gambia,GMB,2012,133410.38,2532.972,0,72060.914
Gambia,GMB,2013,142812.42,1481.144,0,67123.766
Gambia,GMB,2014,112180.625,1202.088,0,41643.78
Gambia,GMB,2015,69291.82,858.634,0,25759.043
Gambia,GMB,2016,137295.69,923.032,0,80089.15
Gambia,GMB,2017,137081.03,1695.804,0,61671.438
Gambia,GMB,2018,122892.09,622.511,0,55639.527
Gambia,GMB,2019,104517.31,1373.815,0,43919.164
Gambia,GMB,2020,159341.12,1760.203,0,63453.105
Gambia,GMB,2021,127786.31,150.261,0,71567.2
Gambia,GMB,2022,113468.57,193.193,0,87129.95
Gambia,GMB,2023,151248.5,236.125,0,111965.97
Gambia,GMB,2024,140000.39,450.783,0,99215.234
Gambia,GMB,2025,96961.33,364.92,0,67059.37
Georgia,GEO,2002,622.51,42.932,493.715,1567.008
Georgia,GEO,2003,1352.35,2275.382,1373.815,1352.349
Georgia,GEO,2004,10067.492,2039.257,1159.157,5323.534
Georgia,GEO,2005,17559.08,5988.977,1373.816,6074.841
Georgia,GEO,2006,23032.877,1245.021,1116.225,6954.943
Georgia,GEO,2007,6869.078,2940.823,729.84,1266.487
Georgia,GEO,2008,5924.581,579.579,1202.088,2854.96
Georgia,GEO,2009,0,1502.611,343.454,64.398
Georgia,GEO,2010,23870.045,2210.984,3391.608,3026.689
Georgia,GEO,2011,6439.76,0,128.796,1867.53
Georgia,GEO,2012,3928.254,257.59,85.863,214.658
Georgia,GEO,2013,2983.756,2575.906,944.498,107.33
Georgia,GEO,2014,794.238,3434.539,407.852,214.659
Georgia,GEO,2015,18310.385,10196.287,1674.337,18610.908
Georgia,GEO,2016,8242.895,3606.266,515.181,16700.443
Georgia,GEO,2017,4937.149,4851.287,536.647,12106.75
Georgia,GEO,2018,5924.58,85.864,0,7276.929
Georgia,GEO,2019,16485.787,515.182,6783.215,21680.525
Georgia,GEO,2020,3284.279,5817.25,3649.198,14961.71
Georgia,GEO,2021,2940.824,1609.94,128.795,7384.259
Georgia,GEO,2022,4421.97,128.795,815.702,2618.837
Georgia,GEO,2023,279.057,472.249,1738.735,300.522
Georgia,GEO,2024,3584.799,1738.735,880.101,4250.241
Georgia,GEO,2025,23333.398,279.056,1030.362,13072.713
Germany,DEU,2002,21.466,0,0,901.566
Germany,DEU,2003,64.398,450.783,1116.225,708.373
Germany,DEU,2004,21.466,64.398,85.864,601.045
Germany,DEU,2005,21.466,0,0,1545.543
Germany,DEU,2006,21.466,0,21.466,1760.202
Germany,DEU,2007,0,0,515.181,279.057
Germany,DEU,2008,171.728,42.932,0,13824.018
Germany,DEU,2009,0,64.398,171.727,64.398
Germany,DEU,2010,0,0,0,0
Germany,DEU,2011,85.864,193.193,214.659,429.317
Germany,DEU,2012,21.466,0,42.932,64.398
Germany,DEU,2013,0,0,21.466,429.318
Germany,DEU,2014,85.864,42.932,686.907,1760.201
Germany,DEU,2015,107.33,193.193,0,3799.458
Germany,DEU,2016,107.329,85.863,64.398,42.932
Germany,DEU,2017,622.51,493.715,579.579,214.658
Germany,DEU,2018,85.864,965.964,42.932,3370.141
Germany,DEU,2019,0,21.466,0,5280.602
Germany,DEU,2020,21.466,0,0,386.386
Germany,DEU,2021,0,42.932,21.466,0
Germany,DEU,2022,772.772,171.728,214.659,1717.271
Germany,DEU,2023,107.329,21.466,0,107.33
Germany,DEU,2024,107.33,21.466,0,0
Germany,DEU,2025,1803.134,858.635,193.193,3842.393
Ghana,GHA,2002,3106948.2,1402408,3756.527,1982909.5
Ghana,GHA,2003,3400472.5,1993706.9,2790.562,1731909.1
Ghana,GHA,2004,2684478.5,1696275.8,2962.291,1063676.6
Ghana,GHA,2005,4593309,2808529.8,3176.95,1556339.8
Ghana,GHA,2006,3492282,2648158.2,10647.069,1156366.2
Ghana,GHA,2007,3280478.2,1974967.1,7491.589,1077007
Ghana,GHA,2008,3120021,2033590.4,2876.426,1164394.5
Ghana,GHA,2009,2484609.8,1866178.1,493.717,920005.6
Ghana,GHA,2010,2806640.8,1896552.2,1652.873,1000030.4
Ghana,GHA,2011,4060827,2264284,4765.423,1358274.2
Ghana,GHA,2012,2764567.5,1748845.6,4937.152,1003250.25
Ghana,GHA,2013,3607360.5,2038119.8,2833.495,950658.9
Ghana,GHA,2014,3570482,1528026.2,1652.873,896972.75
Ghana,GHA,2015,3344596.8,2266473.5,1888.997,860759.8
Ghana,GHA,2016,3430546.2,1545606.9,15133.438,1206961.4
Ghana,GHA,2017,3657504.8,1203204.8,2146.588,1292867.8
Ghana,GHA,2018,2598443.2,1583708.8,1352.351,710906.6
Ghana,GHA,2019,2969309,1031778.4,9251.792,762768.1
Ghana,GHA,2020,3973203.2,2027580,39883.582,810229.2
Ghana,GHA,2021,2849572.5,867049.3,2468.577,769508.44
Ghana,GHA,2022,3862718.5,1724138.5,13115.647,996810.5
Ghana,GHA,2023,2670654.5,885252.4,5323.537,680017.2
Ghana,GHA,2024,3353591,1544147.1,16700.447,594990.94
Ghana,GHA,2025,1752194.4,503417.53,9015.667,467741.25
Greece,GRC,2002,1502.611,1545.543,214.659,18117.193
Greece,GRC,2003,1416.747,343.454,0,9917.232
Greece,GRC,2004,1609.941,1481.146,257.591,51346.355
Greece,GRC,2005,1953.394,1051.828,85.864,29257.977
Greece,GRC,2006,4507.832,9981.627,4099.981,15283.699
Greece,GRC,2007,79616.91,154468.39,26467.416,49414.426
Greece,GRC,2008,10732.936,10861.732,4915.685,86593.31
Greece,GRC,2009,24234.965,11011.992,665.442,14017.211
Greece,GRC,2010,2769.097,4185.843,257.591,13158.578
Greece,GRC,2011,12578.999,13652.291,3434.54,43146.395
Greece,GRC,2012,27283.117,19662.734,3026.687,40506.094
Greece,GRC,2013,9917.231,2490.042,171.727,53235.35
Greece,GRC,2014,5881.647,2361.246,300.523,39196.67
Greece,GRC,2015,4443.434,4486.367,214.659,17924.002
Greece,GRC,2016,16206.731,4164.378,2833.495,32928.64
Greece,GRC,2017,6761.749,11763.296,1824.599,18181.592
Greece,GRC,2018,7405.724,1996.325,472.25,17644.941
Greece,GRC,2019,3219.88,3627.733,1781.668,11355.445
Greece,GRC,2020,4400.502,4293.173,1330.883,5602.592
Greece,GRC,2021,25458.518,63818.023,33293.562,3005.222
Greece,GRC,2022,5774.319,7255.463,2897.892,9530.845
Greece,GRC,2023,75109.07,60920.133,23269.002,7513.054
Greece,GRC,2024,22646.49,12020.887,343.454,7427.19
Greece,GRC,2025,15326.631,22496.229,2103.656,9466.448
Greenland,GRL,2002,0,0,0,0
Greenland,GRL,2003,0,0,0,0
Greenland,GRL,2004,0,0,0,0
Greenland,GRL,2005,0,0,0,0
Greenland,GRL,2006,0,0,0,0
Greenland,GRL,2007,0,0,0,0
Greenland,GRL,2008,0,0,0,0
Greenland,GRL,2009,0,0,0,0
Greenland,GRL,2010,0,0,0,0
Greenland,GRL,2011,0,0,0,0
Greenland,GRL,2012,0,0,0,0
Greenland,GRL,2013,0,0,0,0
Greenland,GRL,2014,0,0,0,0
Greenland,GRL,2015,0,0,0,0
Greenland,GRL,2016,0,0,0,0
Greenland,GRL,2017,2125.121,0,0,0
Greenland,GRL,2018,0,0,0,0
Greenland,GRL,2019,364.92,0,0,0
Greenland,GRL,2020,0,0,0,0
Greenland,GRL,2021,0,0,0,0
Greenland,GRL,2022,0,0,0,0
Greenland,GRL,2023,0,0,0,0
Greenland,GRL,2024,0,0,0,0
Greenland,GRL,2025,0,0,0,0
Grenada,GRD,2002,0,0,0,0
Grenada,GRD,2003,0,0,0,0
Grenada,GRD,2004,0,21.466,0,0
Grenada,GRD,2005,0,0,0,0
Grenada,GRD,2006,0,0,0,0
Grenada,GRD,2007,0,0,0,0
Grenada,GRD,2008,0,0,0,0
Grenada,GRD,2009,0,0,0,0
Grenada,GRD,2010,0,0,0,0
Grenada,GRD,2011,0,0,0,0
Grenada,GRD,2012,0,0,0,0
Grenada,GRD,2013,0,0,0,0
Grenada,GRD,2014,0,0,0,0
Grenada,GRD,2015,0,0,0,0
Grenada,GRD,2016,0,0,0,0
Grenada,GRD,2017,0,0,0,0
Grenada,GRD,2018,21.466,21.466,0,0
Grenada,GRD,2019,0,0,0,0
Grenada,GRD,2020,0,0,0,0
Grenada,GRD,2021,0,0,0,0
Grenada,GRD,2022,0,0,0,0
Grenada,GRD,2023,0,0,0,0
Grenada,GRD,2024,0,0,0,0
Grenada,GRD,2025,0,0,0,0
Guadeloupe,GLP,2002,0,0,0,0
Guadeloupe,GLP,2003,0,0,0,0
Guadeloupe,GLP,2004,0,0,0,0
Guadeloupe,GLP,2005,0,0,0,0
Guadeloupe,GLP,2006,0,0,0,0
Guadeloupe,GLP,2007,0,0,0,0
Guadeloupe,GLP,2008,0,0,0,0
Guadeloupe,GLP,2009,0,0,0,0
Guadeloupe,GLP,2010,0,0,0,21.466
Guadeloupe,GLP,2011,0,0,0,0
Guadeloupe,GLP,2012,0,0,0,0
Guadeloupe,GLP,2013,0,0,0,0
Guadeloupe,GLP,2014,0,0,0,0
Guadeloupe,GLP,2015,0,0,0,0
Guadeloupe,GLP,2016,0,0,0,0
Guadeloupe,GLP,2017,0,0,0,0
Guadeloupe,GLP,2018,0,0,0,0
Guadeloupe,GLP,2019,0,0,0,0
Guadeloupe,GLP,2020,0,0,0,0
Guadeloupe,GLP,2021,0,0,0,0
Guadeloupe,GLP,2022,0,0,0,0
Guadeloupe,GLP,2023,0,0,0,0
Guadeloupe,GLP,2024,0,0,0,0
Guadeloupe,GLP,2025,0,0,0,0
Guam,GUM,2002,0,0,0,0
Guam,GUM,2003,0,0,0,0
Guam,GUM,2004,0,0,0,0
Guam,GUM,2005,0,0,0,0
Guam,GUM,2006,0,0,0,0
Guam,GUM,2007,0,0,0,0
Guam,GUM,2008,0,0,0,0
Guam,GUM,2009,0,0,0,0
Guam,GUM,2010,0,0,0,0
Guam,GUM,2011,0,0,0,0
Guam,GUM,2012,0,0,0,0
Guam,GUM,2013,0,0,0,0
Guam,GUM,2014,0,0,0,0
Guam,GUM,2015,0,0,0,0
Guam,GUM,2016,0,0,0,0
Guam,GUM,2017,0,0,0,0
Guam,GUM,2018,0,0,0,0
Guam,GUM,2019,0,0,0,0
Guam,GUM,2020,0,0,0,0
Guam,GUM,2021,0,0,0,0
Guam,GUM,2022,0,0,0,0
Guam,GUM,2023,0,0,0,0
Guam,GUM,2024,0,0,0,0
Guam,GUM,2025,0,0,0,0
Guatemala,GTM,2002,11226.65,199503.78,27154.324,91745.12
Guatemala,GTM,2003,23483.658,399007.56,332742.4,97390.64
Guatemala,GTM,2004,6225.103,45808.164,7276.932,91487.53
Guatemala,GTM,2005,14789.985,337400.5,205471.28,89770.26
Guatemala,GTM,2006,11977.954,83545.16,24771.615,107286.41
Guatemala,GTM,2007,25394.123,330080.66,79466.65,110806.81
Guatemala,GTM,2008,13416.169,96982.79,30674.727,98893.25
Guatemala,GTM,2009,18954.36,192012.19,94235.164,110012.57
Guatemala,GTM,2010,16013.538,145302.45,26488.885,101082.77
Guatemala,GTM,2011,17666.408,115786.89,19941.797,115271.71
Guatemala,GTM,2012,20650.164,98893.25,13029.787,109905.24
Guatemala,GTM,2013,24771.611,178123.77,42609.75,99515.766
Guatemala,GTM,2014,22796.752,61843.17,3241.351,103851.875
Guatemala,GTM,2015,29687.295,108338.234,26317.158,110785.34
Guatemala,GTM,2016,34796.17,185701.22,38209.246,107028.81
Guatemala,GTM,2017,23333.396,116538.2,33422.363,134526.6
Guatemala,GTM,2018,18847.033,45207.12,4336.108,112008.9
Guatemala,GTM,2019,23419.262,97519.44,24363.766,123214.08
Guatemala,GTM,2020,24685.748,113618.836,56820.156,123085.29
Guatemala,GTM,2021,22238.64,51711.277,6160.708,105375.94
Guatemala,GTM,2022,25694.643,59031.133,10217.755,99708.95
Guatemala,GTM,2023,29966.348,80089.15,15820.347,111450.78
Guatemala,GTM,2024,30352.738,127249.67,119843.945,91144.07
Guatemala,GTM,2025,25801.973,67102.305,15734.485,106578.03
Guernsey,GGY,2002,0,0,0,0
Guernsey,GGY,2003,0,0,0,0
Guernsey,GGY,2004,0,0,0,0
Guernsey,GGY,2005,0,0,0,0
Guernsey,GGY,2006,0,0,0,0
Guernsey,GGY,2007,0,0,0,0
Guernsey,GGY,2008,0,0,0,0
Guernsey,GGY,2009,0,0,0,0
Guernsey,GGY,2010,0,0,0,0
Guernsey,GGY,2011,0,0,0,0
Guernsey,GGY,2012,0,0,0,0
Guernsey,GGY,2013,0,0,0,0
Guernsey,GGY,2014,0,0,0,0
Guernsey,GGY,2015,0,0,0,0
Guernsey,GGY,2016,0,0,0,0
Guernsey,GGY,2017,0,0,0,0
Guernsey,GGY,2018,0,0,0,0
Guernsey,GGY,2019,0,0,0,0
Guernsey,GGY,2020,0,0,0,0
Guernsey,GGY,2021,0,0,0,0
Guernsey,GGY,2022,0,0,0,0
Guernsey,GGY,2023,0,0,0,0
Guernsey,GGY,2024,0,0,0,0
Guernsey,GGY,2025,0,0,0,0
Guinea,GIN,2002,595913.94,3872721.5,13759.625,497299.75
Guinea,GIN,2003,458661.2,3393882.5,36277.32,331390.06
Guinea,GIN,2004,439062.84,2932409.2,22496.229,287084.5
Guinea,GIN,2005,580673.2,4161695,20542.84,315677.03
Guinea,GIN,2006,481028.62,3788618.2,34302.46,247437.06
Guinea,GIN,2007,387201.3,3467295.8,26338.62,315719.97
Guinea,GIN,2008,499381.94,3711083.5,36620.773,268237.47
Guinea,GIN,2009,373269.97,3288313.2,32263.2,236167.47
Guinea,GIN,2010,369642.25,2873378,20778.96,210644.56
Guinea,GIN,2011,418262.44,3212345.5,29773.16,264888.8
Guinea,GIN,2012,378743.75,4012442.8,44305.555,325036.16
Guinea,GIN,2013,425861.34,3638035.2,47546.895,261497.2
Guinea,GIN,2014,508826.94,3208481.8,34753.242,231380.58
Guinea,GIN,2015,334974.84,2715410.8,57485.594,166553.67
Guinea,GIN,2016,601731.2,4976239,27132.857,473472.62
Guinea,GIN,2017,462396.25,3609378.2,10196.29,305502.22
Guinea,GIN,2018,357535.5,2382432.2,7319.863,199825.75
Guinea,GIN,2019,350301.5,3047037,14038.68,195554.05
Guinea,GIN,2020,508268.8,3222220,15777.418,234686.33
Guinea,GIN,2021,267400.3,2354784.2,12600.468,175161.48
Guinea,GIN,2022,475018.2,3254783.5,11462.777,339912
Guinea,GIN,2023,419142.53,2528314.2,9659.643,243122.42
Guinea,GIN,2024,470660.62,2783457.5,16356.996,252417.14
Guinea,GIN,2025,266756.34,1900502,13008.316,138497.78
Guinea-Bissau,GNB,2002,41128.6,646745.1,60748.406,1695.804
Guinea-Bissau,GNB,2003,31683.62,633028.44,54029.59,1266.487
Guinea-Bissau,GNB,2004,20006.191,555000,45292.984,472.25
Guinea-Bissau,GNB,2005,13652.292,472549.6,35397.22,150.262
Guinea-Bissau,GNB,2006,17795.201,613193.94,67037.91,171.727
Guinea-Bissau,GNB,2007,23054.344,516382.9,69570.875,386.387
Guinea-Bissau,GNB,2008,15197.834,288930.56,58966.742,236.126
Guinea-Bissau,GNB,2009,17344.422,344205.2,39282.535,150.262
Guinea-Bissau,GNB,2010,10969.059,341500.5,49714.95,300.523
Guinea-Bissau,GNB,2011,14725.588,283156.25,39110.81,128.796
Guinea-Bissau,GNB,2012,21251.209,402764.06,100288.53,386.386
Guinea-Bissau,GNB,2013,8221.43,261346.94,59117,64.398
Guinea-Bissau,GNB,2014,11827.692,343711.47,72941.016,85.864
Guinea-Bissau,GNB,2015,24063.236,383122.8,84961.91,64.398
Guinea-Bissau,GNB,2016,16636.047,281288.72,32993.04,300.524
Guinea-Bissau,GNB,2017,14060.143,329715.72,13008.316,364.92
Guinea-Bissau,GNB,2018,14854.381,375116.03,15584.219,236.126
Guinea-Bissau,GNB,2019,18610.91,332076.97,25179.465,236.125
Guinea-Bissau,GNB,2020,19083.154,317415.78,33293.562,64.398
Guinea-Bissau,GNB,2021,11763.294,207317.34,13544.963,107.33
Guinea-Bissau,GNB,2022,23483.656,263300.3,13351.768,214.66
Guinea-Bissau,GNB,2023,19512.475,179175.6,8178.497,429.317
Guinea-Bissau,GNB,2024,14532.391,275578.8,16249.662,21.466
Guinea-Bissau,GNB,2025,12299.941,205020.5,7362.793,85.864
Guyana,GUY,2002,31383.098,10389.481,2339.781,10990.524
Guyana,GUY,2003,43275.188,80454.07,15562.754,23333.398
Guyana,GUY,2004,65170.375,8500.483,1395.282,4829.821
Guyana,GUY,2005,33594.086,16035.002,2210.985,12707.795
Guyana,GUY,2006,35182.56,4679.561,729.841,10818.796
Guyana,GUY,2007,46022.82,4507.835,858.635,9187.393
Guyana,GUY,2008,21873.719,4808.355,622.511,13287.372
Guyana,GUY,2009,37973.12,15992.073,1395.283,16528.719
Guyana,GUY,2010,22217.174,32692.518,9165.928,4099.98
Guyana,GUY,2011,35890.934,4464.903,472.25,11291.047
Guyana,GUY,2012,45529.105,12192.613,1159.159,15348.095
Guyana,GUY,2013,48040.613,5108.876,1524.079,20371.11
Guyana,GUY,2014,52741.637,7513.055,1545.545,38681.492
Guyana,GUY,2015,87752.47,24578.424,4786.892,49650.555
Guyana,GUY,2016,34152.2,22968.48,7083.739,17730.809
Guyana,GUY,2017,73069.81,1073.294,407.853,9058.598
Guyana,GUY,2018,33529.688,8479.021,1309.419,27948.56
Guyana,GUY,2019,42867.34,26145.43,7362.791,24921.873
Guyana,GUY,2020,87945.66,12965.384,4615.161,51990.332
Guyana,GUY,2021,18975.824,1803.134,407.852,6396.829
Guyana,GUY,2022,17215.627,85.864,193.193,9316.187
Guyana,GUY,2023,89126.28,45507.64,3198.415,34882.03
Guyana,GUY,2024,70450.98,109862.31,25308.26,45056.855
Guyana,GUY,2025,49392.96,9852.834,1545.544,29730.227
Haiti,HTI,2002,837.169,42.932,0,1073.294
Haiti,HTI,2003,64.398,21.466,0,515.181
Haiti,HTI,2004,1137.692,21.466,0,3348.676
Haiti,HTI,2005,1030.362,193.193,0,1846.065
Haiti,HTI,2006,128.796,386.386,21.466,3584.8
Haiti,HTI,2007,987.43,85.863,21.466,1030.362
Haiti,HTI,2008,686.908,21.466,0,3692.13
Haiti,HTI,2009,364.919,236.125,0,1824.598
Haiti,HTI,2010,450.783,64.398,0,708.374
Haiti,HTI,2011,257.59,257.59,0,1567.009
Haiti,HTI,2012,1051.829,150.261,0,1567.009
Haiti,HTI,2013,407.852,171.727,0,1545.542
Haiti,HTI,2014,236.125,85.864,0,1373.816
Haiti,HTI,2015,42.932,579.578,0,558.112
Haiti,HTI,2016,214.659,21.466,0,1695.805
Haiti,HTI,2017,214.658,85.864,0,858.635
Haiti,HTI,2018,1459.68,515.181,0,1030.362
Haiti,HTI,2019,450.783,193.193,0,686.908
Haiti,HTI,2020,1567.01,42.932,0,2210.984
Haiti,HTI,2021,729.84,128.796,0,987.431
Haiti,HTI,2022,536.646,85.864,0,923.032
Haiti,HTI,2023,2232.45,1545.544,0,1717.269
Haiti,HTI,2024,837.169,64.398,0,708.375
Haiti,HTI,2025,3456.004,536.647,0,2361.245
Honduras,HND,2002,4701.028,77448.85,14639.724,13416.169
Honduras,HND,2003,22002.516,449495.25,215581.7,12729.263
Honduras,HND,2004,6590.021,36427.58,3327.21,12214.083
Honduras,HND,2005,28463.74,377327,155906.6,13952.813
Honduras,HND,2006,18589.443,185701.22,32885.71,13716.688
Honduras,HND,2007,16399.926,104130.93,35418.684,11806.229
Honduras,HND,2008,19555.404,143993.05,37243.28,9444.982
Honduras,HND,2009,19727.135,157473.61,58902.34,12986.854
Honduras,HND,2010,34774.707,83502.23,41579.387,12600.466
Honduras,HND,2011,24986.273,299663.5,103851.87,10604.14
Honduras,HND,2012,10969.058,39947.984,7341.327,11054.922
Honduras,HND,2013,29558.502,168700.25,61950.5,13480.566
Honduras,HND,2014,43425.45,224769.11,81248.31,11763.296
Honduras,HND,2015,13759.625,88847.234,46495.074,16764.844
Honduras,HND,2016,33293.56,160199.77,68025.34,18718.238
Honduras,HND,2017,15777.415,80368.2,22152.777,16185.265
Honduras,HND,2018,30502.994,233956.48,46516.535,17902.535
Honduras,HND,2019,27626.572,219145.05,41450.594,16464.32
Honduras,HND,2020,63431.64,502043.72,170739.52,18052.797
Honduras,HND,2021,13094.177,75302.266,14231.871,6890.543
Honduras,HND,2022,11119.323,70644.17,11011.991,12729.26
Honduras,HND,2023,57678.79,298504.34,123922.46,8715.144
Honduras,HND,2024,35805.07,241297.81,131349.64,9809.904
Honduras,HND,2025,12299.943,56820.152,10539.745,8157.03
Hong Kong,HKG,2002,0,0,0,0
Hong Kong,HKG,2003,536.647,407.852,21.466,0
Hong Kong,HKG,2004,42.932,923.034,193.194,0
Hong Kong,HKG,2005,0,128.795,21.466,0
Hong Kong,HKG,2006,880.101,343.455,0,0
Hong Kong,HKG,2007,85.864,193.193,0,0
Hong Kong,HKG,2008,708.374,515.181,42.932,21.466
Hong Kong,HKG,2009,42.932,622.511,386.386,0
Hong Kong,HKG,2010,236.125,236.125,0,21.466
Hong Kong,HKG,2011,42.932,128.796,0,0
Hong Kong,HKG,2012,21.466,279.056,0,0
Hong Kong,HKG,2013,193.193,450.783,85.864,0
Hong Kong,HKG,2014,0,21.466,42.932,0
Hong Kong,HKG,2015,0,0,0,0
Hong Kong,HKG,2016,300.522,837.169,0,0
Hong Kong,HKG,2017,0,21.466,0,0
Hong Kong,HKG,2018,107.329,364.92,0,0
Hong Kong,HKG,2019,0,0,0,0
Hong Kong,HKG,2020,0,0,0,0
Hong Kong,HKG,2021,64.398,515.181,0,0
Hong Kong,HKG,2022,0,0,0,0
Hong Kong,HKG,2023,42.932,0,0,0
Hong Kong,HKG,2024,0,0,0,0
Hong Kong,HKG,2025,214.659,128.795,0,21.466
Hungary,HUN,2002,3885.321,364.92,21.466,15820.345
Hungary,HUN,2003,1159.157,64.398,214.659,31919.746
Hungary,HUN,2004,42.932,321.989,579.579,17687.877
Hungary,HUN,2005,321.988,386.386,21.466,6525.622
Hungary,HUN,2006,1803.133,3777.995,1910.463,20714.562
Hungary,HUN,2007,4121.447,2661.77,1459.679,21036.553
Hungary,HUN,2008,107.33,128.796,21.466,15562.753
Hungary,HUN,2009,1116.225,171.727,300.522,7577.454
Hungary,HUN,2010,0,0,0,2640.302
Hungary,HUN,2011,107.33,128.796,42.932,12257.011
Hungary,HUN,2012,1266.487,493.716,407.851,14489.46
Hungary,HUN,2013,257.591,193.193,0,1974.861
Hungary,HUN,2014,1846.065,2747.631,1051.827,20392.574
Hungary,HUN,2015,214.659,236.124,0,2983.756
Hungary,HUN,2016,0,0,0,128.796
Hungary,HUN,2017,558.113,364.92,64.398,1996.325
Hungary,HUN,2018,0,0,0,279.057
Hungary,HUN,2019,214.659,171.727,64.398,2468.575
Hungary,HUN,2020,42.932,42.932,0,1180.622
Hungary,HUN,2021,42.932,0,0,214.66
Hungary,HUN,2022,1910.462,515.182,85.864,1953.393
Hungary,HUN,2023,21.466,0,42.932,1137.691
Hungary,HUN,2024,85.864,236.124,128.796,2769.097
Hungary,HUN,2025,21.466,0,0,1524.078
Iceland,ISL,2002,0,0,0,0
Iceland,ISL,2003,0,0,0,0
Iceland,ISL,2004,0,0,0,0
Iceland,ISL,2005,0,0,0,0
Iceland,ISL,2006,1695.804,42.932,0,0
Iceland,ISL,2007,0,0,0,0
Iceland,ISL,2008,0,0,0,0
Iceland,ISL,2009,0,0,0,0
Iceland,ISL,2010,0,0,0,0
Iceland,ISL,2011,0,0,0,0
Iceland,ISL,2012,0,0,0,0
Iceland,ISL,2013,0,0,0,0
Iceland,ISL,2014,0,0,0,0
Iceland,ISL,2015,0,0,0,0
Iceland,ISL,2016,0,0,0,0
Iceland,ISL,2017,0,0,0,0
Iceland,ISL,2018,0,0,0,0
Iceland,ISL,2019,0,0,0,0
Iceland,ISL,2020,0,0,0,0
Iceland,ISL,2021,0,0,0,0
Iceland,ISL,2022,0,42.932,0,0
Iceland,ISL,2023,42.932,21.466,0,0
Iceland,ISL,2024,42.932,1652.872,0,0
Iceland,ISL,2025,0,0,0,0
India,IND,2002,63538.97,151076.78,106105.79,1765782.2
India,IND,2003,60641.08,354594.66,532697,1909968.5
India,IND,2004,261153.73,457845.5,853525.8,2454128.2
India,IND,2005,95630.445,247780.52,514944.7,2499550
India,IND,2006,80303.81,298955.12,566849.2,2108871.2
India,IND,2007,140987.81,363438.6,929150.06,2336774.2
India,IND,2008,247308.27,256495.66,533705.9,2404112.8
India,IND,2009,323619.4,648956.1,1765911,2899308.8
India,IND,2010,160865.22,423414.25,1414428.9,2831970.5
India,IND,2011,224640.31,280601.8,717174.6,3127255
India,IND,2012,269997.7,617165.1,1693270.5,3394569.2
India,IND,2013,74314.836,271156.84,1009024.56,3223872.8
India,IND,2014,80368.21,369878.38,822207.1,3077218
India,IND,2015,45808.17,252631.8,597588.25,2961881.8
India,IND,2016,166210.22,351653.84,789428.75,3908354.8
India,IND,2017,216096.89,328857.1,1264618.6,3364903.5
India,IND,2018,270684.6,387995.53,1046654.25,3835843.2
India,IND,2019,136415.6,264330.7,621308.06,3805962.8
India,IND,2020,73284.48,177866.19,315827.3,3961311.2
India,IND,2021,353242.3,486674.16,1810946.4,4133725
India,IND,2022,259651.12,344226.66,776699.5,4340098
India,IND,2023,176406.5,248102.5,458231.88,3163467.8
India,IND,2024,75323.734,315569.72,530464.5,2538768.2
India,IND,2025,245998.84,774467.06,998098.44,3280542.8
Indonesia,IDN,2002,114005.23,1525257.2,605809.7,379495.1
Indonesia,IDN,2003,42652.676,407744.16,125467.99,155691.94
Indonesia,IDN,2004,108037.71,1483162.6,537548.25,259608.2
Indonesia,IDN,2005,46967.32,404502.8,219660.22,86829.44
Indonesia,IDN,2006,167841.62,1892838.8,714255.25,260745.89
Indonesia,IDN,2007,27411.916,177114.88,64462.008,67467.23
Indonesia,IDN,2008,22217.178,96274.42,42480.957,58816.48
Indonesia,IDN,2009,94385.43,1118994.2,429210.03,163913.36
Indonesia,IDN,2010,20263.78,61714.37,20285.246,11806.228
Indonesia,IDN,2011,47740.094,531172.9,145152.2,81935.22
Indonesia,IDN,2012,44799.27,524625.8,225176.95,94922.07
Indonesia,IDN,2013,44455.812,390550,115336.11,26746.47
Indonesia,IDN,2014,102542.45,1335219.9,537398,109304.195
Indonesia,IDN,2015,128408.82,1483656.4,776506.3,120273.26
Indonesia,IDN,2016,23462.195,143585.19,53965.195,13630.827
Indonesia,IDN,2017,21594.662,99064.984,13008.317,24084.705
Indonesia,IDN,2018,60190.297,495990.34,97047.19,44005.027
Indonesia,IDN,2019,144615.55,1264425.5,520933.7,120809.91
Indonesia,IDN,2020,19190.488,102241.93,27562.176,11677.433
Indonesia,IDN,2021,12085.285,37007.156,15755.95,6117.775
Indonesia,IDN,2022,12149.682,25716.11,9101.531,4486.368
Indonesia,IDN,2023,79380.77,755534.1,189457.75,66758.84
Indonesia,IDN,2024,18074.262,64225.883,27948.564,19941.791
Indonesia,IDN,2025,16335.527,38509.77,34130.734,8157.031
Iran,IRN,2002,76697.55,236.126,0,249154.33
Iran,IRN,2003,54351.574,64.398,0,201865.02
Iran,IRN,2004,66608.586,128.796,0,226293.17
Iran,IRN,2005,63538.973,107.33,257.59,188620.58
Iran,IRN,2006,59438.99,214.659,0,210902.16
Iran,IRN,2007,99150.84,257.591,150.261,289338.44
Iran,IRN,2008,42695.617,236.126,42.932,107157.62
Iran,IRN,2009,46752.66,42.932,0,117439.766
Iran,IRN,2010,208691.17,7641.849,11849.159,327182.75
Iran,IRN,2011,60855.74,279.057,321.988,149745.89
Iran,IRN,2012,15326.632,150.262,343.454,84275
Iran,IRN,2013,44112.36,21.466,0,138390.45
Iran,IRN,2014,61027.47,601.044,0,117160.71
Iran,IRN,2015,40162.64,300.523,0,141545.94
Iran,IRN,2016,74357.77,257.591,64.398,159899.25
Iran,IRN,2017,51174.637,923.034,1180.623,160307.1
Iran,IRN,2018,40055.31,364.92,279.056,79573.98
Iran,IRN,2019,112202.09,450.783,64.398,175247.34
Iran,IRN,2020,139377.89,321.989,364.92,147491.98
Iran,IRN,2021,50874.105,1287.953,1974.86,130340.75
Iran,IRN,2022,12836.595,751.305,1695.804,57979.31
Iran,IRN,2023,130727.14,343.455,279.057,223438.22
Iran,IRN,2024,298590.22,257.59,0,348798.88
Iran,IRN,2025,139420.81,729.839,236.125,158976.22
Iraq,IRQ,2002,37415.008,21.466,0,65299.164
Iraq,IRQ,2003,19469.545,665.442,0,74658.29
Iraq,IRQ,2004,15283.702,0,0,28656.932
Iraq,IRQ,2005,24256.432,0,0,15219.301
Iraq,IRQ,2006,13222.976,42.932,0,24556.955
Iraq,IRQ,2007,23226.068,236.125,0,59760.977
Iraq,IRQ,2008,56734.29,321.989,0,73220.07
Iraq,IRQ,2009,35204.023,42.932,0,48276.74
Iraq,IRQ,2010,41042.74,0,0,147105.6
Iraq,IRQ,2011,28678.398,858.635,0,31275.768
Iraq,IRQ,2012,18267.457,0,0,23440.725
Iraq,IRQ,2013,31275.77,0,0,34946.434
Iraq,IRQ,2014,62036.36,64.398,0,88911.62
Iraq,IRQ,2015,125682.65,150.261,0,201178.11
Iraq,IRQ,2016,117632.95,343.454,0,151956.88
Iraq,IRQ,2017,48469.934,42.932,0,76933.67
Iraq,IRQ,2018,81677.625,42.932,0,47740.09
Iraq,IRQ,2019,929794.06,107.33,0,518057.25
Iraq,IRQ,2020,412938.88,193.193,0,369041.2
Iraq,IRQ,2021,71610.14,21.466,0,79917.43
Iraq,IRQ,2022,51131.695,21.466,0,6268.032
Iraq,IRQ,2023,101512.086,21.466,0,104581.71
Iraq,IRQ,2024,184477.67,0,0,274183.53
Iraq,IRQ,2025,65148.91,42.932,0,43618.645
Ireland,IRL,2002,0,0,0,0
Ireland,IRL,2003,21.466,1008.897,107.329,21.466
Ireland,IRL,2004,0,0,0,0
Ireland,IRL,2005,21.466,558.113,0,0
Ireland,IRL,2006,0,815.703,0,0
Ireland,IRL,2007,42.932,3134.019,257.591,0
Ireland,IRL,2008,0,0,0,0
Ireland,IRL,2009,0,0,0,0
Ireland,IRL,2010,643.976,6547.091,42.932,0
Ireland,IRL,2011,257.591,5065.944,21.466,0
Ireland,IRL,2012,0,128.795,0,0
Ireland,IRL,2013,0,0,0,0
Ireland,IRL,2014,0,0,0,0
Ireland,IRL,2015,0,4336.105,21.466,0
Ireland,IRL,2016,21.466,107.33,0,0
Ireland,IRL,2017,236.125,4121.446,279.057,0
Ireland,IRL,2018,85.864,965.965,107.33,21.466
Ireland,IRL,2019,0,965.965,0,0
Ireland,IRL,2020,21.466,429.318,128.795,0
Ireland,IRL,2021,0,0,0,0
Ireland,IRL,2022,0,1116.225,21.466,0
Ireland,IRL,2023,0,0,0,0
Ireland,IRL,2024,0,0,0,0
Ireland,IRL,2025,85.863,858.635,0,0
Isle of Man,IMN,2002,0,0,0,0
Isle of Man,IMN,2003,0,0,0,0
Isle of Man,IMN,2004,0,0,0,0
Isle of Man,IMN,2005,0,0,0,0
Isle of Man,IMN,2006,0,0,0,0
Isle of Man,IMN,2007,0,0,0,0
Isle of Man,IMN,2008,0,0,0,0
Isle of Man,IMN,2009,0,0,0,0
Isle of Man,IMN,2010,0,0,0,0
Isle of Man,IMN,2011,0,0,0,0
Isle of Man,IMN,2012,0,0,0,0
Isle of Man,IMN,2013,0,0,0,0
Isle of Man,IMN,2014,0,0,0,0
Isle of Man,IMN,2015,0,0,0,0
Isle of Man,IMN,2016,0,0,0,0
Isle of Man,IMN,2017,0,0,0,0
Isle of Man,IMN,2018,0,0,0,0
Isle of Man,IMN,2019,0,0,0,0
Isle of Man,IMN,2020,0,0,0,0
Isle of Man,IMN,2021,0,0,0,0
Isle of Man,IMN,2022,0,0,0,0
Isle of Man,IMN,2023,0,0,0,0
Isle of Man,IMN,2024,0,0,0,0
Isle of Man,IMN,2025,0,0,0,0
Israel,ISR,2002,858.635,0,0,5752.853
Israel,ISR,2003,407.852,0,0,3091.085
Israel,ISR,2004,1803.133,0,0,1137.692
Israel,ISR,2005,2039.257,0,0,2618.837
Israel,ISR,2006,1030.361,0,0,2447.109
Israel,ISR,2007,1609.94,0,0,601.044
Israel,ISR,2008,214.658,21.466,0,128.795
Israel,ISR,2009,128.795,0,0,2060.723
Israel,ISR,2010,5752.854,21.466,0,5645.522
Israel,ISR,2011,64.398,0,0,2447.109
Israel,ISR,2012,1760.201,0,0,21.466
Israel,ISR,2013,2532.972,0,0,5387.933
Israel,ISR,2014,729.839,0,0,85.864
Israel,ISR,2015,236.125,0,0,880.1
Israel,ISR,2016,1438.214,0,0,1094.759
Israel,ISR,2017,343.454,0,0,1266.487
Israel,ISR,2018,21.466,0,0,64.398
Israel,ISR,2019,837.169,21.466,0,2060.724
Israel,ISR,2020,1008.896,0,0,901.567
Israel,ISR,2021,1846.065,0,0,472.249
Israel,ISR,2022,42.932,0,0,321.988
Israel,ISR,2023,686.908,0,0,2103.655
Israel,ISR,2024,1481.145,0,0,5409.398
Israel,ISR,2025,622.51,0,0,944.498
Italy,ITA,2002,1717.269,6225.102,493.716,66844.71
Italy,ITA,2003,5924.581,8951.267,2296.85,135471.1
Italy,ITA,2004,1931.928,5323.536,1588.475,157795.6
Italy,ITA,2005,901.566,2210.985,450.784,51281.957
Italy,ITA,2006,1567.01,1524.077,450.785,47117.582
Italy,ITA,2007,33014.504,47654.227,12514.602,133152.78
Italy,ITA,2008,4980.083,7148.135,2082.191,115679.56
Italy,ITA,2009,5323.535,9273.255,2339.78,37329.145
Italy,ITA,2010,1245.022,1459.68,279.057,68712.24
Italy,ITA,2011,5624.057,8736.609,1846.066,70365.11
Italy,ITA,2012,15047.575,18353.318,7555.989,113468.58
Italy,ITA,2013,1695.805,2253.916,1287.953,30460.062
Italy,ITA,2014,2726.165,1760.201,1137.692,96274.414
Italy,ITA,2015,1545.543,2468.577,171.728,13158.576
Italy,ITA,2016,5495.26,4057.051,987.432,43876.23
Italy,ITA,2017,18245.988,37844.324,10174.823,51904.47
Italy,ITA,2018,2361.246,1051.827,1266.487,12922.451
Italy,ITA,2019,3091.084,2618.838,579.58,63216.984
Italy,ITA,2020,5001.549,4293.175,1030.363,27497.78
Italy,ITA,2021,12342.875,30309.803,10024.563,152729.64
Italy,ITA,2022,3885.324,3520.404,2318.316,28463.738
Italy,ITA,2023,17494.682,12235.543,2769.096,57592.926
Italy,ITA,2024,1223.555,3305.744,214.66,11011.989
Italy,ITA,2025,8157.03,3541.87,236.124,37221.816
Jamaica,JAM,2002,171.727,193.193,21.466,493.715
Jamaica,JAM,2003,21.466,42.932,0,1352.35
Jamaica,JAM,2004,0,0,0,171.727
Jamaica,JAM,2005,21.466,2082.189,300.523,815.703
Jamaica,JAM,2006,236.125,515.183,0,3649.198
Jamaica,JAM,2007,64.398,128.796,42.932,1202.09
Jamaica,JAM,2008,0,85.864,21.466,0
Jamaica,JAM,2009,85.864,364.92,0,3520.402
Jamaica,JAM,2010,171.727,300.522,0,493.714
Jamaica,JAM,2011,171.727,300.523,0,751.306
Jamaica,JAM,2012,42.932,343.455,0,1545.542
Jamaica,JAM,2013,150.261,536.648,0,1888.996
Jamaica,JAM,2014,42.932,536.646,21.466,64.398
Jamaica,JAM,2015,21.466,901.567,923.032,300.522
Jamaica,JAM,2016,85.864,279.056,0,343.455
Jamaica,JAM,2017,0,128.796,0,1438.213
Jamaica,JAM,2018,21.466,128.796,0,1245.022
Jamaica,JAM,2019,450.784,493.716,21.466,2854.961
Jamaica,JAM,2020,64.398,300.523,0,1373.814
Jamaica,JAM,2021,0,21.466,0,536.647
Jamaica,JAM,2022,0,0,0,450.784
Jamaica,JAM,2023,85.863,622.511,0,0
Jamaica,JAM,2024,236.124,515.181,0,1803.134
Jamaica,JAM,2025,150.261,85.864,0,708.373
Japan,JPN,2002,128.796,3735.061,1803.135,7920.905
Japan,JPN,2003,772.772,2404.177,1738.736,8758.074
Japan,JPN,2004,450.784,1030.363,1030.361,3584.801
Japan,JPN,2005,150.261,1524.077,1910.463,6525.625
Japan,JPN,2006,107.33,1888.996,1717.268,10325.083
Japan,JPN,2007,450.783,3327.21,3563.335,7276.93
Japan,JPN,2008,257.592,2490.042,4078.516,5967.512
Japan,JPN,2009,665.442,2919.359,1481.144,13845.484
Japan,JPN,2010,622.51,2253.917,1545.543,7019.338
Japan,JPN,2011,493.715,3026.687,2640.301,8221.428
Japan,JPN,2012,64.398,472.249,837.169,1674.338
Japan,JPN,2013,2554.437,2361.248,1159.158,10368.014
Japan,JPN,2014,987.431,4271.708,6246.567,9724.038
Japan,JPN,2015,751.305,1824.598,1760.201,7706.248
Japan,JPN,2016,42.932,751.305,751.306,2575.904
Japan,JPN,2017,643.976,1030.362,1996.327,4615.162
Japan,JPN,2018,1781.668,1888.997,3820.926,11333.981
Japan,JPN,2019,729.839,2060.724,3649.197,7062.273
Japan,JPN,2020,1094.759,1824.599,3842.39,8479.019
Japan,JPN,2021,85.863,1287.952,923.032,5001.547
Japan,JPN,2022,2468.578,1545.543,3563.336,13974.281
Japan,JPN,2023,558.113,536.647,944.499,9788.435
Japan,JPN,2024,772.771,493.715,2168.052,7727.712
Japan,JPN,2025,536.647,193.194,901.569,5624.057
Jersey,JEY,2002,0,0,0,0
Jersey,JEY,2003,0,0,0,0
Jersey,JEY,2004,0,0,0,0
Jersey,JEY,2005,0,0,0,0
Jersey,JEY,2006,0,0,0,0
Jersey,JEY,2007,0,0,0,0
Jersey,JEY,2008,0,0,0,0
Jersey,JEY,2009,0,0,0,0
Jersey,JEY,2010,0,0,0,0
Jersey,JEY,2011,0,0,0,0
Jersey,JEY,2012,0,0,0,0
Jersey,JEY,2013,0,0,0,0
Jersey,JEY,2014,0,0,0,0
Jersey,JEY,2015,0,0,0,0
Jersey,JEY,2016,0,0,0,0
Jersey,JEY,2017,0,0,0,0
Jersey,JEY,2018,0,0,0,0
Jersey,JEY,2019,0,0,0,0
Jersey,JEY,2020,0,0,0,0
Jersey,JEY,2021,0,0,0,0
Jersey,JEY,2022,0,0,0,0
Jersey,JEY,2023,0,0,0,0
Jersey,JEY,2024,0,0,0,0
Jersey,JEY,2025,0,0,0,0
Jordan,JOR,2002,300.522,0,0,21.466
Jordan,JOR,2003,343.454,0,0,0
Jordan,JOR,2004,42.932,0,0,21.466
Jordan,JOR,2005,0,0,0,0
Jordan,JOR,2006,0,0,0,0
Jordan,JOR,2007,0,0,0,0
Jordan,JOR,2008,0,0,0,0
Jordan,JOR,2009,0,0,0,0
Jordan,JOR,2010,0,0,0,64.398
Jordan,JOR,2011,0,0,0,214.659
Jordan,JOR,2012,21.466,0,0,0
Jordan,JOR,2013,0,0,0,64.398
Jordan,JOR,2014,0,0,0,0
Jordan,JOR,2015,0,0,0,0
Jordan,JOR,2016,0,0,0,0
Jordan,JOR,2017,21.466,0,0,85.863
Jordan,JOR,2018,0,0,0,0
Jordan,JOR,2019,0,0,0,64.398
Jordan,JOR,2020,343.455,0,0,407.852
Jordan,JOR,2021,42.932,0,0,85.863
Jordan,JOR,2022,0,0,0,257.591
Jordan,JOR,2023,0,0,0,64.398
Jordan,JOR,2024,42.932,0,0,1202.089
Jordan,JOR,2025,0,0,0,21.466
Kazakhstan,KAZ,2002,22592332,5323.535,2404.178,849125.3
Kazakhstan,KAZ,2003,9307106,25286.795,665.442,1118328.8
Kazakhstan,KAZ,2004,12542098,24320.826,171.728,855500.7
Kazakhstan,KAZ,2005,12393039,11248.114,64.398,392009.66
Kazakhstan,KAZ,2006,13928278,5666.989,128.796,366035.97
Kazakhstan,KAZ,2007,7528251.5,18460.646,2747.632,522608
Kazakhstan,KAZ,2008,9047155,80217.945,321.99,849576.1
Kazakhstan,KAZ,2009,4579013,2339.781,42.932,298418.5
Kazakhstan,KAZ,2010,11527622,19748.598,64.398,304300.12
Kazakhstan,KAZ,2011,2639249.8,9530.846,279.057,141760.58
Kazakhstan,KAZ,2012,4938072.5,7233.998,321.989,903519.8
Kazakhstan,KAZ,2013,1175170.4,3026.688,64.398,60898.664
Kazakhstan,KAZ,2014,5890556,7555.987,21.466,311126.28
Kazakhstan,KAZ,2015,7071822.5,3477.47,622.511,267872.56
Kazakhstan,KAZ,2016,2195829.5,407.852,150.262,251064.78
Kazakhstan,KAZ,2017,13740173,1459.68,0,582690.94
Kazakhstan,KAZ,2018,3290073.5,6954.939,21.466,210515.77
Kazakhstan,KAZ,2019,7793913,3091.086,85.864,421053
Kazakhstan,KAZ,2020,3890280.5,2876.427,0,214637.2
Kazakhstan,KAZ,2021,4973555.5,11162.253,729.841,176277.7
Kazakhstan,KAZ,2022,1656778.6,69270.35,3112.551,87065.56
Kazakhstan,KAZ,2023,952826.94,1824.6,107.329,80797.52
Kazakhstan,KAZ,2024,500176.2,794.238,0,58365.695
Kazakhstan,KAZ,2025,1392147.4,923.032,0,155241.16
Kenya,KEN,2002,191947.78,37694.066,343.455,27240.186
Kenya,KEN,2003,369556.38,91208.48,515.183,73799.66
Kenya,KEN,2004,123900.984,34989.367,150.262,27991.498
Kenya,KEN,2005,163569.9,73928.445,1309.418,43747.44
Kenya,KEN,2006,61027.46,17494.686,214.659,14854.383
Kenya,KEN,2007,654708.94,82729.46,343.454,46237.48
Kenya,KEN,2008,189049.9,88203.25,708.377,36813.965
Kenya,KEN,2009,78822.67,39625.996,1202.088,12321.41
Kenya,KEN,2010,120058.6,33100.367,64.398,18868.498
Kenya,KEN,2011,120487.914,26553.28,579.58,10110.428
Kenya,KEN,2012,818922.8,24642.818,2082.19,16077.935
Kenya,KEN,2013,278884.56,17237.094,128.796,9058.6
Kenya,KEN,2014,138690.97,29000.389,85.864,17451.754
Kenya,KEN,2015,110270.164,54716.5,5817.252,17172.697
Kenya,KEN,2016,163806.03,17408.818,64.398,22689.424
Kenya,KEN,2017,38380.977,10647.069,257.591,4529.298
Kenya,KEN,2018,113210.984,13781.088,0,9981.631
Kenya,KEN,2019,155541.69,54802.36,1330.885,27046.994
Kenya,KEN,2020,465916.66,56090.316,171.728,15047.574
Kenya,KEN,2021,220840.84,16893.637,42.932,8929.801
Kenya,KEN,2022,85992.266,24170.568,665.442,2983.754
Kenya,KEN,2023,72082.38,10046.027,665.442,3005.222
Kenya,KEN,2024,316857.7,29215.05,236.125,5387.933
Kenya,KEN,2025,276222.78,22539.166,64.398,18610.91
Kosovo,OWID_KOS,2002,0,0,0,0
Kosovo,OWID_KOS,2003,1051.827,364.92,0,42.932
Kosovo,OWID_KOS,2004,64.398,21.466,21.466,429.317
Kosovo,OWID_KOS,2005,279.056,42.932,0,1459.679
Kosovo,OWID_KOS,2006,0,214.658,0,0
Kosovo,OWID_KOS,2007,8350.222,8886.869,772.772,2833.495
Kosovo,OWID_KOS,2008,214.659,0,0,128.796
Kosovo,OWID_KOS,2009,279.056,193.192,128.795,321.988
Kosovo,OWID_KOS,2010,0,880.1,21.466,193.192
Kosovo,OWID_KOS,2011,7169.601,4099.982,279.056,1159.157
Kosovo,OWID_KOS,2012,2210.984,5795.785,558.114,1674.339
Kosovo,OWID_KOS,2013,0,0,0,1330.883
Kosovo,OWID_KOS,2014,0,0,0,686.908
Kosovo,OWID_KOS,2015,880.101,944.499,42.932,0
Kosovo,OWID_KOS,2016,0,0,0,0
Kosovo,OWID_KOS,2017,1481.145,1094.76,21.466,279.057
Kosovo,OWID_KOS,2018,665.442,558.113,21.466,21.466
Kosovo,OWID_KOS,2019,1888.997,3091.088,837.17,42.932
Kosovo,OWID_KOS,2020,42.932,880.101,1223.554,0
Kosovo,OWID_KOS,2021,643.977,794.237,0,107.33
Kosovo,OWID_KOS,2022,0,214.659,21.466,0
Kosovo,OWID_KOS,2023,171.726,128.795,0,0
Kosovo,OWID_KOS,2024,2275.382,2640.303,128.796,300.522
Kosovo,OWID_KOS,2025,3305.744,3176.947,300.523,1008.895
Kuwait,KWT,2002,0,0,0,0
Kuwait,KWT,2003,0,0,0,0
Kuwait,KWT,2004,0,0,0,0
Kuwait,KWT,2005,0,0,0,0
Kuwait,KWT,2006,0,0,0,0
Kuwait,KWT,2007,21.466,0,0,0
Kuwait,KWT,2008,0,0,0,0
Kuwait,KWT,2009,0,0,0,0
Kuwait,KWT,2010,0,0,0,0
Kuwait,KWT,2011,0,0,0,0
Kuwait,KWT,2012,0,0,0,0
Kuwait,KWT,2013,0,0,0,0
Kuwait,KWT,2014,0,0,0,0
Kuwait,KWT,2015,0,0,0,0
Kuwait,KWT,2016,0,0,0,0
Kuwait,KWT,2017,0,0,0,0
Kuwait,KWT,2018,0,0,0,0
Kuwait,KWT,2019,0,0,0,0
Kuwait,KWT,2020,42.932,0,0,0
Kuwait,KWT,2021,0,0,0,0
Kuwait,KWT,2022,0,0,0,0
Kuwait,KWT,2023,42.932,0,0,0
Kuwait,KWT,2024,0,0,0,0
Kuwait,KWT,2025,0,0,0,0
Kyrgyzstan,KGZ,2002,37372.074,150.261,0,13995.748
Kyrgyzstan,KGZ,2003,14446.529,0,0,6611.488
Kyrgyzstan,KGZ,2004,14704.12,0,0,7148.135
Kyrgyzstan,KGZ,2005,19812.996,42.932,0,9144.459
Kyrgyzstan,KGZ,2006,36663.703,0,0,10582.674
Kyrgyzstan,KGZ,2007,20006.188,0,0,22539.16
Kyrgyzstan,KGZ,2008,16743.377,0,0,1094.76
Kyrgyzstan,KGZ,2009,1738.735,0,0,6418.294
Kyrgyzstan,KGZ,2010,3456.004,64.398,0,4035.583
Kyrgyzstan,KGZ,2011,5430.865,21.466,0,6375.364
Kyrgyzstan,KGZ,2012,13459.1,21.466,0,1931.928
Kyrgyzstan,KGZ,2013,1459.679,0,0,1266.487
Kyrgyzstan,KGZ,2014,2554.44,0,0,300.522
Kyrgyzstan,KGZ,2015,1202.089,0,0,772.771
Kyrgyzstan,KGZ,2016,601.044,0,0,4701.025
Kyrgyzstan,KGZ,2017,1567.008,0,0,1781.667
Kyrgyzstan,KGZ,2018,3735.062,0,0,2318.314
Kyrgyzstan,KGZ,2019,2275.382,21.466,0,3305.743
Kyrgyzstan,KGZ,2020,6804.681,0,0,343.454
Kyrgyzstan,KGZ,2021,858.635,0,0,1803.133
Kyrgyzstan,KGZ,2022,1545.543,0,0,0
Kyrgyzstan,KGZ,2023,21.466,0,0,0
Kyrgyzstan,KGZ,2024,21.466,0,0,407.851
Kyrgyzstan,KGZ,2025,2790.564,0,0,1459.68
Laos,LAO,2002,8264.361,140215.05,206308.45,3176.951
Laos,LAO,2003,18911.432,160500.3,269224.9,2554.439
Laos,LAO,2004,30116.615,400338.44,974142.5,7792.113
Laos,LAO,2005,34323.926,381770.44,509170.38,9745.503
Laos,LAO,2006,16464.322,154575.72,245183.16,2447.113
Laos,LAO,2007,48555.793,492963.66,1093707.4,12836.59
Laos,LAO,2008,26961.133,147620.78,173744.73,4722.493
Laos,LAO,2009,34130.734,258062.66,264137.5,8908.338
Laos,LAO,2010,67231.1,664239.8,787690,20650.166
Laos,LAO,2011,27562.18,141760.6,150261.08,1996.328
Laos,LAO,2012,34109.266,325122.03,319819.97,8972.733
Laos,LAO,2013,48942.18,406005.4,350108.3,7105.202
Laos,LAO,2014,33057.44,253383.1,328706.84,5065.947
Laos,LAO,2015,60319.086,369856.9,298032.1,8006.771
Laos,LAO,2016,71610.13,544224.1,493757.88,7491.59
Laos,LAO,2017,35010.832,202187.02,162861.53,6010.443
Laos,LAO,2018,32091.475,158246.38,137682.08,3820.925
Laos,LAO,2019,64182.945,326839.28,294468.78,6332.435
Laos,LAO,2020,74658.29,608213.9,675552.3,9359.123
Laos,LAO,2021,34109.266,192012.19,163505.52,5130.347
Laos,LAO,2022,25029.203,111965.97,95329.92,3713.597
Laos,LAO,2023,131092.06,827316,928828.06,13201.513
Laos,LAO,2024,90328.375,505177.72,474782.06,11784.766
Laos,LAO,2025,52398.184,205235.16,177844.72,6160.707
Latvia,LVA,2002,450.784,2168.054,1287.954,4443.436
Latvia,LVA,2003,2854.961,10947.594,2661.767,1137.692
Latvia,LVA,2004,107.33,2597.371,493.715,85.864
Latvia,LVA,2005,0,0,0,236.124
Latvia,LVA,2006,493.715,858.637,0,193.194
Latvia,LVA,2007,0,1352.35,42.932,107.329
Latvia,LVA,2008,0,0,0,0
Latvia,LVA,2009,64.398,772.772,0,64.398
Latvia,LVA,2010,21.466,536.647,171.727,128.795
Latvia,LVA,2011,21.466,622.51,64.398,0
Latvia,LVA,2012,0,21.466,0,21.466
Latvia,LVA,2013,450.784,1803.133,64.398,0
Latvia,LVA,2014,386.386,64.398,0,536.647
Latvia,LVA,2015,193.192,1030.361,193.193,321.988
Latvia,LVA,2016,0,0,0,150.261
Latvia,LVA,2017,0,0,0,0
Latvia,LVA,2018,300.523,1051.828,343.454,85.864
Latvia,LVA,2019,21.466,21.466,0,64.398
Latvia,LVA,2020,107.329,21.466,0,0
Latvia,LVA,2021,21.466,42.932,0,64.398
Latvia,LVA,2022,236.125,21.466,0,150.261
Latvia,LVA,2023,0,0,21.466,386.386
Latvia,LVA,2024,42.932,0,0,128.795
Latvia,LVA,2025,0,0,0,0
Lebanon,LBN,2002,21.466,0,0,42.932
Lebanon,LBN,2003,0,0,0,128.795
Lebanon,LBN,2004,85.863,0,0,128.795
Lebanon,LBN,2005,0,0,0,0
Lebanon,LBN,2006,622.511,21.466,0,901.567
Lebanon,LBN,2007,1202.089,64.398,21.466,64.398
Lebanon,LBN,2008,0,0,0,0
Lebanon,LBN,2009,0,0,0,0
Lebanon,LBN,2010,622.51,64.398,0,193.193
Lebanon,LBN,2011,21.466,0,0,0
Lebanon,LBN,2012,42.932,0,0,0
Lebanon,LBN,2013,0,0,0,236.125
Lebanon,LBN,2014,0,0,0,0
Lebanon,LBN,2015,85.864,0,0,21.466
Lebanon,LBN,2016,0,0,0,0
Lebanon,LBN,2017,128.795,0,0,0
Lebanon,LBN,2018,0,0,0,0
Lebanon,LBN,2019,794.237,429.317,21.466,0
Lebanon,LBN,2020,708.374,64.398,0,794.237
Lebanon,LBN,2021,1073.295,0,107.329,85.864
Lebanon,LBN,2022,0,0,0,0
Lebanon,LBN,2023,128.795,0,0,0
Lebanon,LBN,2024,236.125,42.932,0,1137.691
Lebanon,LBN,2025,0,0,0,0
Lesotho,LSO,2002,44949.527,0,0,171.727
Lesotho,LSO,2003,130813,0,0,64.398
Lesotho,LSO,2004,36985.688,0,0,0
Lesotho,LSO,2005,60125.895,0,0,0
Lesotho,LSO,2006,46216.016,0,0,0
Lesotho,LSO,2007,123664.87,0,0,0
Lesotho,LSO,2008,21616.13,0,0,107.33
Lesotho,LSO,2009,56304.97,0,0,0
Lesotho,LSO,2010,44885.13,0,0,0
Lesotho,LSO,2011,102456.586,0,0,0
Lesotho,LSO,2012,55167.28,0,0,0
Lesotho,LSO,2013,42158.965,0,0,171.727
Lesotho,LSO,2014,34345.39,0,0,64.398
Lesotho,LSO,2015,44176.754,0,0,0
Lesotho,LSO,2016,69055.695,0,0,0
Lesotho,LSO,2017,20542.836,0,0,0
Lesotho,LSO,2018,7083.738,0,0,0
Lesotho,LSO,2019,27368.982,0,0,0
Lesotho,LSO,2020,7384.26,0,0,0
Lesotho,LSO,2021,41665.246,0,0,193.193
Lesotho,LSO,2022,25716.111,21.466,21.466,0
Lesotho,LSO,2023,35118.156,0,0,21.466
Lesotho,LSO,2024,42609.746,0,0,64.398
Lesotho,LSO,2025,30309.807,0,0,2812.029
Liberia,LBR,2002,42.932,279.056,0,643.976
Liberia,LBR,2003,279.057,30674.727,13974.28,1931.928
Liberia,LBR,2004,300.523,22303.035,7448.655,1094.759
Liberia,LBR,2005,150.261,5795.785,257.59,300.522
Liberia,LBR,2006,450.784,31576.293,37736.992,3434.539
Liberia,LBR,2007,150.262,26746.473,4379.036,2661.767
Liberia,LBR,2008,300.522,14188.94,12364.341,279.056
Liberia,LBR,2009,150.262,302990.72,127743.375,558.113
Liberia,LBR,2010,0,19877.393,7470.123,0
Liberia,LBR,2011,343.454,20542.836,15798.879,2168.053
Liberia,LBR,2012,515.181,45507.64,8586.35,3456.006
Liberia,LBR,2013,279.057,19491.01,13995.749,686.909
Liberia,LBR,2014,1008.897,103486.945,66200.734,1287.953
Liberia,LBR,2015,343.455,240525.05,171104.42,1824.599
Liberia,LBR,2016,300.522,14210.41,12493.137,2039.258
Liberia,LBR,2017,558.113,26574.746,11870.624,128.796
Liberia,LBR,2018,21.466,6997.875,4958.616,579.579
Liberia,LBR,2019,601.045,96338.81,43597.176,3134.018
Liberia,LBR,2020,150.261,12900.987,8693.675,42.932
Liberia,LBR,2021,107.329,3541.869,3219.881,214.659
Liberia,LBR,2022,257.591,17043.9,6225.098,1373.816
Liberia,LBR,2023,150.261,26295.69,11162.251,708.374
Liberia,LBR,2024,279.056,32606.654,19619.803,1051.828
Liberia,LBR,2025,21.466,21100.947,6117.775,193.193
Libya,LBY,2002,901.567,0,0,0
Libya,LBY,2003,193.193,0,0,257.591
Libya,LBY,2004,0,0,0,21.466
Libya,LBY,2005,0,0,0,0
Libya,LBY,2006,407.851,0,0,0
Libya,LBY,2007,0,0,0,0
Libya,LBY,2008,0,0,0,0
Libya,LBY,2009,0,0,0,0
Libya,LBY,2010,0,0,0,0
Libya,LBY,2011,4464.9,0,0,729.84
Libya,LBY,2012,0,0,0,0
Libya,LBY,2013,4894.218,0,0,729.84
Libya,LBY,2014,0,0,0,85.863
Libya,LBY,2015,0,0,0,0
Libya,LBY,2016,0,0,0,193.193
Libya,LBY,2017,0,0,0,21.466
Libya,LBY,2018,0,0,0,0
Libya,LBY,2019,3756.528,0,0,1373.816
Libya,LBY,2020,493.715,0,0,1395.281
Libya,LBY,2021,0,0,0,0
Libya,LBY,2022,0,0,0,0
Libya,LBY,2023,0,0,0,0
Libya,LBY,2024,0,0,0,0
Libya,LBY,2025,21.466,0,0,0
Liechtenstein,LIE,2002,0,0,0,0
Liechtenstein,LIE,2003,0,0,0,0
Liechtenstein,LIE,2004,0,0,0,0
Liechtenstein,LIE,2005,0,0,0,0
Liechtenstein,LIE,2006,0,0,0,0
Liechtenstein,LIE,2007,0,0,0,0
Liechtenstein,LIE,2008,0,0,0,0
Liechtenstein,LIE,2009,0,0,0,0
Liechtenstein,LIE,2010,0,0,0,0
Liechtenstein,LIE,2011,0,0,0,0
Liechtenstein,LIE,2012,0,0,0,0
Liechtenstein,LIE,2013,0,0,0,0
Liechtenstein,LIE,2014,0,0,0,0
Liechtenstein,LIE,2015,0,0,0,0
Liechtenstein,LIE,2016,0,0,0,0
Liechtenstein,LIE,2017,0,0,0,0
Liechtenstein,LIE,2018,0,0,0,0
Liechtenstein,LIE,2019,0,0,0,0
Liechtenstein,LIE,2020,0,0,0,0
Liechtenstein,LIE,2021,0,0,0,0
Liechtenstein,LIE,2022,0,21.466,0,0
Liechtenstein,LIE,2023,0,0,0,0
Liechtenstein,LIE,2024,0,0,0,0
Liechtenstein,LIE,2025,0,0,0,0
Lithuania,LTU,2002,536.646,407.853,85.864,5366.469
Lithuania,LTU,2003,1116.226,3928.254,772.771,1438.214
Lithuania,LTU,2004,64.398,450.783,64.398,923.032
Lithuania,LTU,2005,0,0,0,2103.656
Lithuania,LTU,2006,85.864,536.647,0,579.579
Lithuania,LTU,2007,0,0,0,1137.691
Lithuania,LTU,2008,515.181,1416.747,150.261,1524.077
Lithuania,LTU,2009,558.112,2597.37,214.659,880.101
Lithuania,LTU,2010,0,42.932,0,107.329
Lithuania,LTU,2011,64.398,450.783,0,0
Lithuania,LTU,2012,0,0,0,236.124
Lithuania,LTU,2013,0,0,0,0
Lithuania,LTU,2014,21.466,42.932,0,107.33
Lithuania,LTU,2015,107.33,579.579,64.398,493.716
Lithuania,LTU,2016,42.932,0,0,257.591
Lithuania,LTU,2017,0,0,0,64.398
Lithuania,LTU,2018,150.262,21.466,42.932,515.181
Lithuania,LTU,2019,0,21.466,0,21.466
Lithuania,LTU,2020,128.796,64.398,0,1116.225
Lithuania,LTU,2021,21.466,0,42.932,64.398
Lithuania,LTU,2022,21.466,0,0,0
Lithuania,LTU,2023,150.262,42.932,0,386.385
Lithuania,LTU,2024,150.261,0,0,85.864
Lithuania,LTU,2025,472.249,493.716,0,128.795
Luxembourg,LUX,2002,0,0,0,0
Luxembourg,LUX,2003,0,0,0,0
Luxembourg,LUX,2004,0,0,0,0
Luxembourg,LUX,2005,0,0,0,0
Luxembourg,LUX,2006,0,0,0,0
Luxembourg,LUX,2007,0,0,0,0
Luxembourg,LUX,2008,0,0,0,0
Luxembourg,LUX,2009,0,0,0,0
Luxembourg,LUX,2010,0,0,0,0
Luxembourg,LUX,2011,0,0,0,0
Luxembourg,LUX,2012,0,0,0,0
Luxembourg,LUX,2013,0,0,0,0
Luxembourg,LUX,2014,0,0,0,0
Luxembourg,LUX,2015,0,0,0,0
Luxembourg,LUX,2016,0,0,0,0
Luxembourg,LUX,2017,0,0,0,0
Luxembourg,LUX,2018,0,0,0,0
Luxembourg,LUX,2019,0,0,0,0
Luxembourg,LUX,2020,0,0,0,0
Luxembourg,LUX,2021,0,0,0,0
Luxembourg,LUX,2022,0,0,0,0
Luxembourg,LUX,2023,0,0,0,0
Luxembourg,LUX,2024,0,0,0,0
Luxembourg,LUX,2025,0,0,0,0
Macao,MAC,2002,0,0,0,0
Macao,MAC,2003,0,0,0,0
Macao,MAC,2004,0,0,0,0
Macao,MAC,2005,0,0,0,0
Macao,MAC,2006,0,0,0,0
Macao,MAC,2007,0,0,0,0
Macao,MAC,2008,0,0,0,0
Macao,MAC,2009,0,0,0,0
Macao,MAC,2010,0,0,0,0
Macao,MAC,2011,0,0,0,0
Macao,MAC,2012,0,0,0,0
Macao,MAC,2013,0,0,0,0
Macao,MAC,2014,0,0,0,0
Macao,MAC,2015,0,0,0,0
Macao,MAC,2016,0,0,0,0
Macao,MAC,2017,0,0,0,0
Macao,MAC,2018,0,0,0,0
Macao,MAC,2019,0,0,0,0
Macao,MAC,2020,0,0,0,0
Macao,MAC,2021,0,0,0,0
Macao,MAC,2022,0,0,0,0
Macao,MAC,2023,0,0,0,0
Macao,MAC,2024,0,0,0,0
Macao,MAC,2025,0,0,0,0
Madagascar,MDG,2002,3209726.8,164836.39,43318.117,12536.07
Madagascar,MDG,2003,5741046,299148.34,55296.074,7963.837
Madagascar,MDG,2004,3273974,202766.6,69420.62,7212.53
Madagascar,MDG,2005,5371618.5,463405.12,170310.19,7276.931
Madagascar,MDG,2006,3688930.8,252653.27,117246.57,6010.443
Madagascar,MDG,2007,5479055.5,345514.6,85047.766,8221.431
Madagascar,MDG,2008,3475646,143112.94,38316.574,6611.489
Madagascar,MDG,2009,4063102.2,312156.66,110055.51,7534.521
Madagascar,MDG,2010,3655036.2,398170.38,199954.56,8178.499
Madagascar,MDG,2011,3691893,296958.8,210129.38,5473.797
Madagascar,MDG,2012,3854089.2,353693.1,90435.7,5044.478
Madagascar,MDG,2013,3380852.8,446125.12,158053.19,11784.764
Madagascar,MDG,2014,3023317.2,222064.4,69205.96,10432.411
Madagascar,MDG,2015,3006681,282684,188513.25,13459.097
Madagascar,MDG,2016,4274240.5,428587.5,139334.95,10110.426
Madagascar,MDG,2017,2831433.8,231874.3,147513.44,9874.298
Madagascar,MDG,2018,2936659.5,209893.25,110935.6,6954.941
Madagascar,MDG,2019,3283397.5,152772.58,92346.164,8242.892
Madagascar,MDG,2020,3321757,284744.72,100846.65,11548.638
Madagascar,MDG,2021,2705751,235094.19,97369.18,11054.923
Madagascar,MDG,2022,2543361.8,313315.8,144143.3,18396.248
Madagascar,MDG,2023,2600353.8,178381.36,116044.484,8350.223
Madagascar,MDG,2024,3369604.5,413969.25,132444.4,15133.437
Madagascar,MDG,2025,2959542,154425.45,45700.836,5881.649
Malawi,MWI,2002,94814.74,309065.56,52548.45,71610.13
Malawi,MWI,2003,105290.086,415192.8,94922.08,73456.2
Malawi,MWI,2004,84210.6,261862.12,68454.664,57614.383
Malawi,MWI,2005,110506.29,377047.97,107200.55,55403.402
Malawi,MWI,2006,104968.1,245848.58,52290.86,52569.914
Malawi,MWI,2007,100567.59,325894.78,73563.53,56347.902
Malawi,MWI,2008,107501.07,318295.9,81699.09,59653.65
Malawi,MWI,2009,82707.99,232217.75,38144.848,40806.62
Malawi,MWI,2010,117289.5,379817.06,134118.73,51561.02
Malawi,MWI,2011,132358.55,249411.92,81398.58,63474.57
Malawi,MWI,2012,108230.91,359123.97,125253.336,38166.316
Malawi,MWI,2013,93226.26,279378.28,80325.28,37865.793
Malawi,MWI,2014,71610.14,249690.97,100073.88,27411.912
Malawi,MWI,2015,95823.63,278412.3,95437.25,33250.637
Malawi,MWI,2016,100009.48,311942,128988.4,35783.6
Malawi,MWI,2017,79423.71,237884.75,61649.977,24556.953
Malawi,MWI,2018,153244.83,277940.06,80647.266,37050.086
Malawi,MWI,2019,93505.32,247372.66,55317.547,29365.307
Malawi,MWI,2020,91530.47,258169.98,70772.97,38230.71
Malawi,MWI,2021,84532.59,223781.67,45292.99,26853.8
Malawi,MWI,2022,95823.63,316149.3,83309.03,30696.19
Malawi,MWI,2023,62251.01,223996.33,37071.555,20414.045
Malawi,MWI,2024,80668.734,229985.31,45529.11,24020.312
Malawi,MWI,2025,69721.14,244152.78,47310.773,23204.604
Malaysia,MYS,2002,4765.424,11956.492,12578.999,7040.806
Malaysia,MYS,2003,2296.848,10346.55,9058.598,22281.572
Malaysia,MYS,2004,4185.843,24320.83,17752.273,51260.492
Malaysia,MYS,2005,6997.875,24492.56,21079.486,61521.18
Malaysia,MYS,2006,1245.021,4293.175,13201.512,3005.222
Malaysia,MYS,2007,1567.009,7233.999,15927.674,15884.743
Malaysia,MYS,2008,858.634,2532.973,8994.2,5023.014
Malaysia,MYS,2009,4937.149,22710.889,35504.55,31232.84
Malaysia,MYS,2010,2769.098,15970.607,22023.982,17172.693
Malaysia,MYS,2011,1330.885,4379.037,7276.93,36084.12
Malaysia,MYS,2012,1266.487,3477.473,6590.022,6976.408
Malaysia,MYS,2013,1180.625,3842.391,7191.066,20585.768
Malaysia,MYS,2014,5559.659,21723.457,30760.592,35547.477
Malaysia,MYS,2015,3434.54,11162.254,8801.008,12235.544
Malaysia,MYS,2016,3348.677,24728.684,19448.076,5452.331
Malaysia,MYS,2017,42.932,214.659,107.329,386.386
Malaysia,MYS,2018,472.25,4808.356,6268.036,6568.554
Malaysia,MYS,2019,2296.847,12450.204,9530.849,8114.098
Malaysia,MYS,2020,450.784,2318.315,2704.701,9144.461
Malaysia,MYS,2021,515.182,2146.585,2747.634,5838.716
Malaysia,MYS,2022,0,21.466,214.659,3434.539
Malaysia,MYS,2023,214.659,815.703,1352.35,9230.323
Malaysia,MYS,2024,3992.653,9788.437,12815.123,3584.801
Malaysia,MYS,2025,279.056,1567.009,2876.428,2339.781
Mali,MLI,2002,5770347,177007.55,42.932,953492.4
Mali,MLI,2003,5305461,191475.53,493.716,1016730.8
Mali,MLI,2004,8109804.5,217363.38,171.728,1238752.2
Mali,MLI,2005,7533854,319948.75,150.261,1178969.9
Mali,MLI,2006,7401645.5,201886.48,321.988,1283079.2
Mali,MLI,2007,6828013.5,214572.81,214.659,925758.44
Mali,MLI,2008,7171381.5,260788.83,107.33,1135480
Mali,MLI,2009,5388684,169451.56,150.262,896178.5
Mali,MLI,2010,5994214.5,172564.11,171.728,960855.1
Mali,MLI,2011,5560346.5,203711.08,64.398,906181.56
Mali,MLI,2012,5065644,146611.88,150.262,546435.1
Mali,MLI,2013,5789151,135342.3,236.125,527201.7
Mali,MLI,2014,5191133.5,135535.48,171.727,408087.6
Mali,MLI,2015,4991866,118276.93,64.398,352276.34
Mali,MLI,2016,6931908,239086.83,386.386,652755.56
Mali,MLI,2017,5179434.5,100653.45,150.261,494530.66
Mali,MLI,2018,4365663.5,75860.375,64.398,384367.8
Mali,MLI,2019,4924377.5,75989.17,171.727,399823.25
Mali,MLI,2020,6062841,119114.1,321.988,459949.16
Mali,MLI,2021,5998508,70236.32,42.932,611863.06
Mali,MLI,2022,5522523.5,62637.4,21.466,738447.3
Mali,MLI,2023,5892938.5,46838.523,0,666429.3
Mali,MLI,2024,6847397,65986.08,42.932,471368.97
Mali,MLI,2025,6724741,49779.348,0,523359.3
Malta,MLT,2002,0,0,0,0
Malta,MLT,2003,0,0,0,0
Malta,MLT,2004,0,0,0,0
Malta,MLT,2005,0,0,0,0
Malta,MLT,2006,0,0,0,0
Malta,MLT,2007,0,0,0,0
Malta,MLT,2008,0,0,0,0
Malta,MLT,2009,0,0,0,0
Malta,MLT,2010,0,0,0,0
Malta,MLT,2011,0,0,0,0
Malta,MLT,2012,0,0,0,0
Malta,MLT,2013,0,0,0,0
Malta,MLT,2014,0,0,0,0
Malta,MLT,2015,0,0,0,0
Malta,MLT,2016,0,0,0,0
Malta,MLT,2017,0,0,0,0
Malta,MLT,2018,0,0,0,0
Malta,MLT,2019,0,0,0,0
Malta,MLT,2020,0,0,0,0
Malta,MLT,2021,0,0,0,0
Malta,MLT,2022,0,0,0,0
Malta,MLT,2023,0,0,0,0
Malta,MLT,2024,0,0,0,0
Malta,MLT,2025,0,0,0,0
Martinique,MTQ,2002,0,0,0,0
Martinique,MTQ,2003,0,0,0,0
Martinique,MTQ,2004,0,0,0,0
Martinique,MTQ,2005,0,0,0,0
Martinique,MTQ,2006,0,0,0,0
Martinique,MTQ,2007,0,0,0,0
Martinique,MTQ,2008,0,0,0,0
Martinique,MTQ,2009,0,0,0,0
Martinique,MTQ,2010,0,0,0,0
Martinique,MTQ,2011,0,0,0,0
Martinique,MTQ,2012,0,0,0,0
Martinique,MTQ,2013,0,0,0,0
Martinique,MTQ,2014,0,0,0,0
Martinique,MTQ,2015,0,0,0,0
Martinique,MTQ,2016,0,0,0,0
Martinique,MTQ,2017,0,0,0,0
Martinique,MTQ,2018,0,0,0,0
Martinique,MTQ,2019,0,0,0,0
Martinique,MTQ,2020,0,0,0,0
Martinique,MTQ,2021,0,0,0,0
Martinique,MTQ,2022,0,0,0,0
Martinique,MTQ,2023,0,0,0,0
Martinique,MTQ,2024,0,0,0,0
Martinique,MTQ,2025,0,0,0,0
Mauritania,MRT,2002,92754.016,0,0,0
Mauritania,MRT,2003,32842.777,0,0,0
Mauritania,MRT,2004,264523.88,0,0,0
Mauritania,MRT,2005,292665.62,0,0,0
Mauritania,MRT,2006,330359.7,0,0,0
Mauritania,MRT,2007,848717.44,0,0,0
Mauritania,MRT,2008,374150.06,21.466,0,0
Mauritania,MRT,2009,369964.22,0,0,85.864
Mauritania,MRT,2010,645264,0,0,21.466
Mauritania,MRT,2011,291978.72,0,0,150.261
Mauritania,MRT,2012,283714.38,0,0,42.932
Mauritania,MRT,2013,267250.06,0,0,472.249
Mauritania,MRT,2014,36127.055,0,0,171.727
Mauritania,MRT,2015,42459.49,21.466,0,42.932
Mauritania,MRT,2016,160736.4,21.466,0,257.591
Mauritania,MRT,2017,81570.3,0,0,257.59
Mauritania,MRT,2018,22367.434,0,0,107.329
Mauritania,MRT,2019,156529.11,0,0,751.305
Mauritania,MRT,2020,157709.73,0,0,601.045
Mauritania,MRT,2021,271478.8,0,0,236.125
Mauritania,MRT,2022,156357.38,42.932,0,1352.351
Mauritania,MRT,2023,268409.2,0,0,1674.338
Mauritania,MRT,2024,204161.86,107.329,0,450.783
Mauritania,MRT,2025,276201.3,0,0,858.635
Mauritius,MUS,2002,0,0,0,493.716
Mauritius,MUS,2003,0,0,0,858.635
Mauritius,MUS,2004,0,0,0,0
Mauritius,MUS,2005,0,0,0,0
Mauritius,MUS,2006,107.329,85.864,0,1910.461
Mauritius,MUS,2007,0,0,0,0
Mauritius,MUS,2008,0,0,0,0
Mauritius,MUS,2009,0,0,0,0
Mauritius,MUS,2010,42.932,0,0,2210.984
Mauritius,MUS,2011,0,0,0,0
Mauritius,MUS,2012,0,21.466,0,858.635
Mauritius,MUS,2013,0,0,0,1330.885
Mauritius,MUS,2014,42.932,0,0,1674.339
Mauritius,MUS,2015,0,0,0,0
Mauritius,MUS,2016,0,0,0,0
Mauritius,MUS,2017,0,0,0,0
Mauritius,MUS,2018,0,0,0,107.33
Mauritius,MUS,2019,0,0,0,0
Mauritius,MUS,2020,0,0,0,0
Mauritius,MUS,2021,0,0,0,0
Mauritius,MUS,2022,0,0,0,0
Mauritius,MUS,2023,0,0,0,0
Mauritius,MUS,2024,0,0,0,150.261
Mauritius,MUS,2025,0,0,0,0
Mayotte,MYT,2002,0,0,0,0
Mayotte,MYT,2003,0,0,0,0
Mayotte,MYT,2004,0,0,0,0
Mayotte,MYT,2005,0,0,0,0
Mayotte,MYT,2006,0,0,0,0
Mayotte,MYT,2007,0,0,0,0
Mayotte,MYT,2008,0,0,0,0
Mayotte,MYT,2009,0,0,0,0
Mayotte,MYT,2010,0,0,0,0
Mayotte,MYT,2011,0,0,0,0
Mayotte,MYT,2012,0,0,0,0
Mayotte,MYT,2013,0,0,0,0
Mayotte,MYT,2014,0,0,0,0
Mayotte,MYT,2015,0,0,0,0
Mayotte,MYT,2016,0,0,0,0
Mayotte,MYT,2017,0,0,0,0
Mayotte,MYT,2018,0,0,0,0
Mayotte,MYT,2019,0,0,0,0
Mayotte,MYT,2020,0,0,0,0
Mayotte,MYT,2021,0,0,0,0
Mayotte,MYT,2022,0,0,0,0
Mayotte,MYT,2023,0,0,0,0
Mayotte,MYT,2024,0,42.932,128.795,0
Mayotte,MYT,2025,0,0,0,0
Mexico,MEX,2002,133431.83,824847.44,275407.1,311040.44
Mexico,MEX,2003,184563.53,1279236.9,645865,341414.62
Mexico,MEX,2004,114391.61,383165.72,100030.945,356505.12
Mexico,MEX,2005,298096.5,1398673,420516.34,372647.47
Mexico,MEX,2006,176986.08,653313.7,321966.56,311534.12
Mexico,MEX,2007,163462.58,874261.9,223373.81,300307.5
Mexico,MEX,2008,244646.48,808125.5,299878.16,413539.94
Mexico,MEX,2009,301981.84,669305.75,292966.16,330982.22
Mexico,MEX,2010,150132.28,429489.06,145753.25,254821.33
Mexico,MEX,2011,842277.7,1457682.6,426977.6,360047
Mexico,MEX,2012,205063.44,779747.6,186409.6,207832.53
Mexico,MEX,2013,209528.34,806665.8,451362.8,258556.38
Mexico,MEX,2014,106427.77,196863.47,36942.76,181815.9
Mexico,MEX,2015,94256.63,399673,193085.48,184391.81
Mexico,MEX,2016,158825.95,661191.6,235909.89,318854
Mexico,MEX,2017,318768.12,982106.4,363717.66,236360.67
Mexico,MEX,2018,249519.23,657585.4,167584.03,209099.02
Mexico,MEX,2019,282619.62,942952.6,459348.1,257869.47
Mexico,MEX,2020,219187.97,557897.9,391365.7,247522.92
Mexico,MEX,2021,179282.92,692488.9,261175.22,238614.58
Mexico,MEX,2022,202144.08,544868.1,228976.4,239129.77
Mexico,MEX,2023,304815.3,674479,298139.44,255594.1
Mexico,MEX,2024,200147.75,943725.4,546800.06,159083.55
Mexico,MEX,2025,259178.88,759870.25,173937.94,179476.12
Micronesia (country),FSM,2002,0,0,0,0
Micronesia (country),FSM,2003,0,0,0,0
Micronesia (country),FSM,2004,0,0,0,0
Micronesia (country),FSM,2005,0,0,0,0
Micronesia (country),FSM,2006,0,0,0,0
Micronesia (country),FSM,2007,0,0,0,0
Micronesia (country),FSM,2008,0,0,0,0
Micronesia (country),FSM,2009,0,0,0,0
Micronesia (country),FSM,2010,0,0,0,0
Micronesia (country),FSM,2011,0,0,0,0
Micronesia (country),FSM,2012,0,0,0,0
Micronesia (country),FSM,2013,0,0,0,0
Micronesia (country),FSM,2014,0,0,0,0
Micronesia (country),FSM,2015,0,0,0,0
Micronesia (country),FSM,2016,0,0,0,0
Micronesia (country),FSM,2017,0,0,0,0
Micronesia (country),FSM,2018,0,0,0,0
Micronesia (country),FSM,2019,0,0,0,0
Micronesia (country),FSM,2020,0,0,0,0
Micronesia (country),FSM,2021,0,0,0,0
Micronesia (country),FSM,2022,0,0,0,0
Micronesia (country),FSM,2023,0,0,0,0
Micronesia (country),FSM,2024,0,0,0,0
Micronesia (country),FSM,2025,0,0,0,0
Moldova,MDA,2002,85.864,0,0,14467.993
Moldova,MDA,2003,236.125,0,0,944.501
Moldova,MDA,2004,150.261,0,0,17387.354
Moldova,MDA,2005,85.863,64.398,150.262,35611.87
Moldova,MDA,2006,429.318,0,64.398,35805.066
Moldova,MDA,2007,880.101,429.318,321.988,32585.188
Moldova,MDA,2008,429.318,64.398,0,128924
Moldova,MDA,2009,21.466,42.932,0,25007.736
Moldova,MDA,2010,214.659,558.112,128.796,37951.652
Moldova,MDA,2011,1223.554,1137.692,601.045,35332.82
Moldova,MDA,2012,558.113,493.715,64.398,8929.804
Moldova,MDA,2013,472.25,622.511,558.113,37007.156
Moldova,MDA,2014,880.101,2210.984,2210.987,63925.36
Moldova,MDA,2015,429.317,364.92,150.261,38939.086
Moldova,MDA,2016,300.523,107.33,21.466,61134.79
Moldova,MDA,2017,85.864,85.864,214.659,32671.05
Moldova,MDA,2018,42.932,193.193,21.466,13201.51
Moldova,MDA,2019,300.523,429.317,214.659,13265.905
Moldova,MDA,2020,601.045,21.466,21.466,3155.484
Moldova,MDA,2021,257.591,107.33,386.385,22023.98
Moldova,MDA,2022,2318.316,1137.69,794.238,13437.638
Moldova,MDA,2023,21.466,21.466,21.466,2897.893
Moldova,MDA,2024,579.579,0,21.466,2168.051
Moldova,MDA,2025,85.864,0,0,1287.953
Mongolia,MNG,2002,939174.6,64376.14,14575.328,279.057
Mongolia,MNG,2003,1768036.1,24363.762,2296.848,16786.309
Mongolia,MNG,2004,1401420.6,5709.92,21.466,171.727
Mongolia,MNG,2005,999322,8693.677,107.329,20778.96
Mongolia,MNG,2006,1219776.5,20499.902,923.032,1588.475
Mongolia,MNG,2007,1670259.1,93097.47,7598.917,150.262
Mongolia,MNG,2008,723013.4,117654.42,1524.078,107.33
Mongolia,MNG,2009,278798.7,150561.6,19641.27,11591.569
Mongolia,MNG,2010,254413.47,3885.321,107.33,193.193
Mongolia,MNG,2011,1783856.5,12342.874,7491.589,85.864
Mongolia,MNG,2012,2054133.2,138605.11,1695.804,3971.186
Mongolia,MNG,2013,945893.44,1051.828,64.398,236.125
Mongolia,MNG,2014,1228813.6,1631.405,515.181,85.864
Mongolia,MNG,2015,1836705.5,43683.043,6718.816,1738.737
Mongolia,MNG,2016,1116568.5,450.784,150.261,2060.724
Mongolia,MNG,2017,446876.44,52376.72,5709.921,64.398
Mongolia,MNG,2018,23269,10475.344,837.169,0
Mongolia,MNG,2019,318038.28,19254.883,21.466,0
Mongolia,MNG,2020,61478.246,923.034,0,0
Mongolia,MNG,2021,105783.8,0,0,0
Mongolia,MNG,2022,418884.94,21.466,64.398,257.591
Mongolia,MNG,2023,1937659.5,772.771,128.795,9745.504
Mongolia,MNG,2024,260509.77,1760.201,579.579,0
Mongolia,MNG,2025,143993.03,29172.115,4765.423,21.466
Montenegro,MNE,2002,0,0,0,0
Montenegro,MNE,2003,1588.475,1073.295,364.92,0
Montenegro,MNE,2004,0,0,0,0
Montenegro,MNE,2005,0,0,0,0
Montenegro,MNE,2006,1652.872,1008.896,21.466,0
Montenegro,MNE,2007,17365.889,13716.689,472.25,0
Montenegro,MNE,2008,2769.096,2769.096,300.522,0
Montenegro,MNE,2009,128.795,0,0,0
Montenegro,MNE,2010,236.124,214.659,0,0
Montenegro,MNE,2011,6268.034,5559.661,772.771,171.727
Montenegro,MNE,2012,13029.783,15391.028,944.499,0
Montenegro,MNE,2013,364.92,364.92,0,0
Montenegro,MNE,2014,0,150.261,64.398,0
Montenegro,MNE,2015,8564.882,4894.217,558.113,0
Montenegro,MNE,2016,472.249,214.659,0,0
Montenegro,MNE,2017,14725.584,13952.812,2640.303,0
Montenegro,MNE,2018,2060.723,794.238,0,0
Montenegro,MNE,2019,386.386,1481.146,300.523,0
Montenegro,MNE,2020,3498.937,2404.179,1030.361,0
Montenegro,MNE,2021,11784.763,11720.364,128.796,0
Montenegro,MNE,2022,1416.748,3155.485,751.306,0
Montenegro,MNE,2023,0,0,0,0
Montenegro,MNE,2024,4679.559,2962.29,42.932,0
Montenegro,MNE,2025,7341.325,3992.652,193.193,0
Montserrat,MSR,2002,0,0,0,0
Montserrat,MSR,2003,0,0,0,0
Montserrat,MSR,2004,0,0,0,0
Montserrat,MSR,2005,0,0,0,0
Montserrat,MSR,2006,0,0,0,0
Montserrat,MSR,2007,0,0,0,0
Montserrat,MSR,2008,0,0,0,0
Montserrat,MSR,2009,0,0,0,0
Montserrat,MSR,2010,257.591,85.864,85.864,150.262
Montserrat,MSR,2011,0,0,0,0
Montserrat,MSR,2012,0,0,0,0
Montserrat,MSR,2013,0,0,0,0
Montserrat,MSR,2014,0,0,0,0
Montserrat,MSR,2015,0,0,0,0
Montserrat,MSR,2016,0,0,0,0
Montserrat,MSR,2017,0,0,0,0
Montserrat,MSR,2018,0,0,0,0
Montserrat,MSR,2019,0,0,0,0
Montserrat,MSR,2020,0,0,0,0
Montserrat,MSR,2021,0,0,0,0
Montserrat,MSR,2022,0,0,0,0
Montserrat,MSR,2023,0,0,0,0
Montserrat,MSR,2024,0,0,0,0
Montserrat,MSR,2025,0,0,0,0
Morocco,MAR,2002,257.591,64.398,0,171.727
Morocco,MAR,2003,1974.86,128.795,257.59,1202.089
Morocco,MAR,2004,3863.859,300.523,1438.213,5581.125
Morocco,MAR,2005,5666.991,579.579,708.375,1674.339
Morocco,MAR,2006,3885.322,193.193,1159.157,3692.128
Morocco,MAR,2007,1073.293,214.658,85.864,643.976
Morocco,MAR,2008,321.988,0,85.864,429.319
Morocco,MAR,2009,3520.404,171.727,107.33,1888.996
Morocco,MAR,2010,2382.711,0,0,1760.202
Morocco,MAR,2011,3456.006,236.124,0,686.908
Morocco,MAR,2012,8951.268,1567.008,1266.487,1330.885
Morocco,MAR,2013,3026.687,21.466,0,729.84
Morocco,MAR,2014,3799.458,150.262,236.125,472.249
Morocco,MAR,2015,42.932,107.33,42.932,2425.642
Morocco,MAR,2016,2747.631,407.851,472.25,1588.474
Morocco,MAR,2017,2039.258,107.33,236.125,643.976
Morocco,MAR,2018,64.398,64.398,0,3391.608
Morocco,MAR,2019,2125.122,1395.282,364.92,1287.95
Morocco,MAR,2020,3284.279,1888.996,1524.076,493.715
Morocco,MAR,2021,2876.426,751.306,321.988,601.045
Morocco,MAR,2022,19898.857,3305.744,5645.522,3026.688
Morocco,MAR,2023,5817.248,686.909,364.92,64.398
Morocco,MAR,2024,257.591,0,21.466,214.659
Morocco,MAR,2025,622.51,1481.145,493.715,622.509
Mozambique,MOZ,2002,2819713.5,13971124,2329948.2,258599.31
Mozambique,MOZ,2003,2194069.2,15274596,3092179.8,171490.81
Mozambique,MOZ,2004,2838431.8,13384398,3172805.5,87688.06
Mozambique,MOZ,2005,2809216.5,14721914,3572907.8,76203.836
Mozambique,MOZ,2006,2668980,13651412,3562840.2,77620.58
Mozambique,MOZ,2007,2801467.5,14552313,3526584.5,91680.72
Mozambique,MOZ,2008,3095979,15479874,3835564,90392.77
Mozambique,MOZ,2009,2713371.5,13672105,3350457,93505.31
Mozambique,MOZ,2010,2778477.5,15472039,4640448.5,76611.68
Mozambique,MOZ,2011,2742887,13200156,3731025.2,76869.27
Mozambique,MOZ,2012,2044516.5,14075792,4334409.5,62615.938
Mozambique,MOZ,2013,2301355.8,14537523,4348255,55789.785
Mozambique,MOZ,2014,3071078.8,13579093,4189987,50101.34
Mozambique,MOZ,2015,2995025.2,13553270,3886674.2,53943.73
Mozambique,MOZ,2016,1328222,12791382,4337221.5,51346.355
Mozambique,MOZ,2017,1898291,11841495,4021565.8,44434.344
Mozambique,MOZ,2018,2128362.2,13549406,4128272.8,51603.945
Mozambique,MOZ,2019,1986601.6,13199791,3357369,40720.754
Mozambique,MOZ,2020,1705978.4,12804132,3127984.8,51539.547
Mozambique,MOZ,2021,2680593,12195897,3251649.5,47611.297
Mozambique,MOZ,2022,2850152,14983991,3078978.2,50723.848
Mozambique,MOZ,2023,2738679.8,12622703,2270616.5,44026.496
Mozambique,MOZ,2024,2811213,12556373,2258123.5,43811.84
Mozambique,MOZ,2025,2040824.4,12178810,2223134,43511.312
Myanmar,MMR,2002,33508.22,422147.75,690492.56,213778.58
Myanmar,MMR,2003,72855.16,807846.44,2014442.9,367667.38
Myanmar,MMR,2004,107608.4,1455342.9,3439218.2,405146.78
Myanmar,MMR,2005,105225.69,882633.5,1906190.5,379538
Myanmar,MMR,2006,94192.23,842664.1,1651197.5,320056.1
Myanmar,MMR,2007,133023.98,1473266.9,3103900,322503.2
Myanmar,MMR,2008,106835.625,797757.5,1356921.9,248682.08
Myanmar,MMR,2009,151506.1,1452788.4,2621862.5,318403.22
Myanmar,MMR,2010,204741.44,1611872,2853651,411350.4
Myanmar,MMR,2011,125510.93,755641.44,1374244.9,262184.1
Myanmar,MMR,2012,137553.28,1181653.1,2154250,255937.53
Myanmar,MMR,2013,114477.47,863443.06,1753310.6,303076.6
Myanmar,MMR,2014,147813.95,1086859.8,2152275.2,327762.34
Myanmar,MMR,2015,137145.44,1048822.2,2247347.5,331196.88
Myanmar,MMR,2016,133303.05,751777.6,1267538,320700.06
Myanmar,MMR,2017,200147.75,800097.25,1464809.4,356354.88
Myanmar,MMR,2018,148758.47,625837.4,1220248.8,414377.1
Myanmar,MMR,2019,127915.11,716401.9,1493466.2,289166.7
Myanmar,MMR,2020,206995.36,999923.06,2285771.5,376704.5
Myanmar,MMR,2021,231809.9,804583.6,2007080,289123.78
Myanmar,MMR,2022,188642.05,449001.56,1054167.2,224275.38
Myanmar,MMR,2023,278154.72,1045130.1,1548504.8,310782.8
Myanmar,MMR,2024,319948.75,660762.3,1347434,326474.38
Myanmar,MMR,2025,377434.34,1254765.9,2905319.2,337786.88
Namibia,NAM,2002,3113538.2,4293.175,0,28571.068
Namibia,NAM,2003,3114225,601.044,0,20628.7
Namibia,NAM,2004,3653748.2,450.783,0,16206.73
Namibia,NAM,2005,3457636,0,0,10775.864
Namibia,NAM,2006,5174540.5,21.466,0,14532.392
Namibia,NAM,2007,4525691.5,472.249,128.795,9681.105
Namibia,NAM,2008,2822847.5,5216.206,42.932,9080.062
Namibia,NAM,2009,5353566,901.566,21.466,2382.712
Namibia,NAM,2010,4747284,2168.052,42.932,1888.997
Namibia,NAM,2011,8304672,3112.551,171.727,4572.23
Namibia,NAM,2012,8731113,2210.985,150.262,12643.396
Namibia,NAM,2013,3683328.2,1545.543,42.932,17065.365
Namibia,NAM,2014,2605698.8,622.51,0,18761.168
Namibia,NAM,2015,2456596.8,1416.748,21.466,15627.151
Namibia,NAM,2016,2072658.2,193.194,0,18825.566
Namibia,NAM,2017,2695876.8,236.125,0,9938.698
Namibia,NAM,2018,1983617.9,386.386,0,3906.788
Namibia,NAM,2019,908736,536.648,128.795,7233.996
Namibia,NAM,2020,3248987.8,0,364.92,6568.555
Namibia,NAM,2021,3919066.2,193.193,21.466,12299.943
Namibia,NAM,2022,2451595.2,85.864,107.329,13609.361
Namibia,NAM,2023,2383312.2,85.864,85.864,15326.629
Namibia,NAM,2024,1046997.7,64.398,0,9938.698
Namibia,NAM,2025,2146286.2,343.454,0,5366.466
Nauru,NRU,2002,0,0,0,0
Nauru,NRU,2003,0,0,0,0
Nauru,NRU,2004,0,0,0,0
Nauru,NRU,2005,0,0,0,0
Nauru,NRU,2006,0,0,0,0
Nauru,NRU,2007,0,0,0,0
Nauru,NRU,2008,0,0,0,0
Nauru,NRU,2009,0,0,0,0
Nauru,NRU,2010,0,0,0,0
Nauru,NRU,2011,0,0,0,0
Nauru,NRU,2012,0,0,0,0
Nauru,NRU,2013,0,0,0,0
Nauru,NRU,2014,0,0,0,0
Nauru,NRU,2015,0,0,0,0
Nauru,NRU,2016,0,0,0,0
Nauru,NRU,2017,0,0,0,0
Nauru,NRU,2018,0,0,0,0
Nauru,NRU,2019,0,0,0,0
Nauru,NRU,2020,0,0,0,0
Nauru,NRU,2021,0,0,0,0
Nauru,NRU,2022,0,0,0,0
Nauru,NRU,2023,0,0,0,0
Nauru,NRU,2024,0,0,0,0
Nauru,NRU,2025,0,0,0,0
Nepal,NPL,2002,1223.555,3563.335,17537.613,1824.598
Nepal,NPL,2003,3885.321,28506.674,144357.95,10883.195
Nepal,NPL,2004,11291.045,30588.863,115164.375,6568.556
Nepal,NPL,2005,5237.673,38273.64,114520.41,7040.806
Nepal,NPL,2006,6375.363,12965.387,70279.25,1567.01
Nepal,NPL,2007,5409.399,11183.717,47933.28,3048.155
Nepal,NPL,2008,3992.65,36556.375,97562.37,1760.202
Nepal,NPL,2009,11548.634,50573.586,142597.77,2447.112
Nepal,NPL,2010,7255.464,40291.43,172735.84,3842.393
Nepal,NPL,2011,5430.864,11355.444,102392.19,3756.525
Nepal,NPL,2012,6225.101,30910.848,175118.55,2296.847
Nepal,NPL,2013,5881.646,25716.11,185744.16,3584.801
Nepal,NPL,2014,5988.977,48491.395,181837.36,4271.709
Nepal,NPL,2015,1738.736,6847.613,24642.816,1652.872
Nepal,NPL,2016,16206.732,134290.47,446726.16,5581.127
Nepal,NPL,2017,5452.329,18181.592,105976.984,4035.583
Nepal,NPL,2018,6310.968,32606.654,75581.32,5559.662
Nepal,NPL,2019,4722.492,62079.285,237562.75,7427.193
Nepal,NPL,2020,6053.375,12149.684,35053.76,2468.576
Nepal,NPL,2021,14854.381,110570.68,238228.2,7663.316
Nepal,NPL,2022,4121.444,34216.594,80797.52,2597.371
Nepal,NPL,2023,10818.799,53170.953,210451.36,4336.106
Nepal,NPL,2024,12686.327,123214.08,369449.03,13115.644
Nepal,NPL,2025,7684.781,42888.805,94235.16,8006.768
Netherlands,NLD,2002,0,0,0,0
Netherlands,NLD,2003,21.466,0,0,0
Netherlands,NLD,2004,0,0,0,0
Netherlands,NLD,2005,0,0,0,0
Netherlands,NLD,2006,0,0,0,472.25
Netherlands,NLD,2007,0,42.932,0,558.113
Netherlands,NLD,2008,0,0,0,0
Netherlands,NLD,2009,0,0,0,0
Netherlands,NLD,2010,0,0,0,0
Netherlands,NLD,2011,0,0,0,0
Netherlands,NLD,2012,0,0,0,0
Netherlands,NLD,2013,0,0,0,0
Netherlands,NLD,2014,0,0,0,0
Netherlands,NLD,2015,0,0,0,0
Netherlands,NLD,2016,0,0,0,0
Netherlands,NLD,2017,0,0,0,0
Netherlands,NLD,2018,0,0,0,0
Netherlands,NLD,2019,0,0,0,0
Netherlands,NLD,2020,0,21.466,0,21.466
Netherlands,NLD,2021,0,0,0,0
Netherlands,NLD,2022,0,85.863,0,150.261
Netherlands,NLD,2023,0,21.466,0,0
Netherlands,NLD,2024,0,0,0,0
Netherlands,NLD,2025,0,21.466,0,0
New Caledonia,NCL,2002,944.498,10432.413,880.101,21.466
New Caledonia,NCL,2003,21.466,1395.281,0,0
New Caledonia,NCL,2004,300.523,9638.174,751.305,0
New Caledonia,NCL,2005,21.466,4014.117,622.51,0
New Caledonia,NCL,2006,85.863,4915.684,493.714,0
New Caledonia,NCL,2007,0,0,0,0
New Caledonia,NCL,2008,0,0,0,0
New Caledonia,NCL,2009,0,0,0,0
New Caledonia,NCL,2010,0,0,0,0
New Caledonia,NCL,2011,0,965.964,0,0
New Caledonia,NCL,2012,0,0,0,0
New Caledonia,NCL,2013,0,601.045,0,0
New Caledonia,NCL,2014,0,0,0,0
New Caledonia,NCL,2015,107.329,2339.78,407.851,0
New Caledonia,NCL,2016,21.466,2790.563,42.932,0
New Caledonia,NCL,2017,150.261,4271.708,858.635,21.466
New Caledonia,NCL,2018,64.398,2017.792,171.727,0
New Caledonia,NCL,2019,794.238,11741.832,1846.065,21.466
New Caledonia,NCL,2020,21.466,729.84,0,0
New Caledonia,NCL,2021,386.386,4615.161,21.466,21.466
New Caledonia,NCL,2022,0,0,0,0
New Caledonia,NCL,2023,107.33,3649.197,257.591,21.466
New Caledonia,NCL,2024,429.317,7169.6,107.329,0
New Caledonia,NCL,2025,0,622.51,42.932,0
New Zealand,NZL,2002,21.466,0,0,0
New Zealand,NZL,2003,0,0,214.659,708.374
New Zealand,NZL,2004,515.18,85.864,42.932,0
New Zealand,NZL,2005,0,0,0,0
New Zealand,NZL,2006,1416.748,171.727,42.932,1996.326
New Zealand,NZL,2007,1760.202,858.635,965.964,128.795
New Zealand,NZL,2008,472.249,193.193,279.056,0
New Zealand,NZL,2009,0,0,128.795,0
New Zealand,NZL,2010,772.771,279.056,128.795,0
New Zealand,NZL,2011,364.92,536.647,21.466,0
New Zealand,NZL,2012,42.932,128.796,257.591,0
New Zealand,NZL,2013,858.634,150.262,257.591,1695.803
New Zealand,NZL,2014,472.249,343.453,0,0
New Zealand,NZL,2015,1008.896,0,0,0
New Zealand,NZL,2016,2232.45,343.454,0,3820.925
New Zealand,NZL,2017,1008.895,2060.723,429.318,0
New Zealand,NZL,2018,128.795,0,0,171.727
New Zealand,NZL,2019,2425.645,150.261,1567.009,1180.622
New Zealand,NZL,2020,5065.944,171.727,686.908,2554.438
New Zealand,NZL,2021,321.988,1652.872,536.647,364.92
New Zealand,NZL,2022,407.852,42.932,236.125,0
New Zealand,NZL,2023,42.932,42.932,300.523,0
New Zealand,NZL,2024,64.398,815.703,558.112,42.932
New Zealand,NZL,2025,64.398,772.771,2232.45,343.454
Nicaragua,NIC,2002,7169.6,31254.305,1051.828,34667.38
Nicaragua,NIC,2003,39625.99,232325.08,32842.777,31941.215
Nicaragua,NIC,2004,10754.401,62766.195,2082.19,32735.451
Nicaragua,NIC,2005,71781.86,263343.25,41472.055,21809.322
Nicaragua,NIC,2006,18653.842,77169.79,7513.054,22861.15
Nicaragua,NIC,2007,23741.25,62894.992,2940.826,27197.258
Nicaragua,NIC,2008,52183.527,104367.05,8500.486,37801.395
Nicaragua,NIC,2009,12192.615,44155.293,4529.299,39711.855
Nicaragua,NIC,2010,65427.97,131371.11,16356.991,22002.514
Nicaragua,NIC,2011,24106.172,80625.8,9015.666,31790.95
Nicaragua,NIC,2012,20800.426,40227.04,4057.05,42051.637
Nicaragua,NIC,2013,41772.582,135771.61,18288.92,38831.754
Nicaragua,NIC,2014,56991.88,163956.3,22367.436,54201.32
Nicaragua,NIC,2015,9852.837,54072.52,9938.698,45958.426
Nicaragua,NIC,2016,32993.04,134612.45,20757.492,35933.863
Nicaragua,NIC,2017,16035.005,33143.3,3692.131,37329.145
Nicaragua,NIC,2018,41429.13,127958.04,17516.148,39282.54
Nicaragua,NIC,2019,28334.945,114692.13,20049.121,44069.43
Nicaragua,NIC,2020,48405.535,180506.48,33508.22,33594.086
Nicaragua,NIC,2021,20564.305,41514.99,2919.358,45872.562
Nicaragua,NIC,2022,18031.33,30460.07,3370.142,37608.203
Nicaragua,NIC,2023,101490.625,414291.25,60147.363,44863.66
Nicaragua,NIC,2024,44477.277,199868.69,53986.656,28141.754
Nicaragua,NIC,2025,16507.256,48512.86,2490.04,31468.963
Niger,NER,2002,230564.88,0,0,33637.016
Niger,NER,2003,263450.6,64.398,0,35375.75
Niger,NER,2004,180163.02,21.466,0,21680.525
Niger,NER,2005,206737.77,0,0,33100.367
Niger,NER,2006,151463.16,21.466,0,28850.127
Niger,NER,2007,281052.6,0,0,32048.541
Niger,NER,2008,223524.08,0,0,22925.547
Niger,NER,2009,214164.95,0,0,25372.654
Niger,NER,2010,230929.8,0,0,29708.76
Niger,NER,2011,183490.23,0,0,20736.027
Niger,NER,2012,184069.81,21.466,0,25651.713
Niger,NER,2013,224919.36,0,0,17580.545
Niger,NER,2014,273174.62,0,0,15455.425
Niger,NER,2015,175075.61,0,0,14425.062
Niger,NER,2016,311941.97,21.466,0,19211.951
Niger,NER,2017,253919.73,0,0,27132.857
Niger,NER,2018,283285.06,0,0,34259.523
Niger,NER,2019,205020.5,0,0,40956.875
Niger,NER,2020,308786.5,0,0,53793.465
Niger,NER,2021,699186.25,0,0,66887.65
Niger,NER,2022,464542.84,0,0,53149.49
Niger,NER,2023,414098.06,0,0,56240.574
Niger,NER,2024,772878.56,0,0,36169.984
Niger,NER,2025,1100941.4,0,0,40506.09
Nigeria,NGA,2002,3551141.2,1499777.2,61843.168,4409690
Nigeria,NGA,2003,4117024.5,2257436.5,107243.47,5653444
Nigeria,NGA,2004,4778152,1267559.5,40656.355,4511867.5
Nigeria,NGA,2005,4933929.5,2945911.2,98463.94,5655590.5
Nigeria,NGA,2006,4685720,1533457.1,72060.92,4367746
Nigeria,NGA,2007,4613659,1417305.4,55746.86,4056963
Nigeria,NGA,2008,3487237.5,1460988.4,53106.562,4080532.5
Nigeria,NGA,2009,3182293.2,1007758.06,24084.705,2777361.2
Nigeria,NGA,2010,3573423,1450706.2,34474.184,3134703.5
Nigeria,NGA,2011,2973258.8,1171328,34238.062,2873850.2
Nigeria,NGA,2012,2979870.2,980603.75,36084.13,2211864.5
Nigeria,NGA,2013,2615744.8,1367483.1,72382.91,2045783
Nigeria,NGA,2014,2521295,953685.56,40913.945,2229831.2
Nigeria,NGA,2015,2523849.2,940333.8,29859.025,3084022.8
Nigeria,NGA,2016,3468669.5,1876954,52312.316,4123915
Nigeria,NGA,2017,2872240.5,1017374.75,31340.17,3446495.2
Nigeria,NGA,2018,2503392.5,600078.3,10647.073,2648587.5
Nigeria,NGA,2019,2553429.2,976611.1,40849.55,2751065.5
Nigeria,NGA,2020,2916825,1372935.4,145645.9,3023617.8
Nigeria,NGA,2021,3500031.2,821584.6,49543.227,3402855.2
Nigeria,NGA,2022,3249803.5,1171714.4,44885.125,4289309.5
Nigeria,NGA,2023,3257810.2,632126.9,43060.535,3490307
Nigeria,NGA,2024,2997064.5,796276.4,60619.617,2839741
Nigeria,NGA,2025,2890250.2,658014.7,27068.46,2941768.2
North America,OWID_NAM,2002,1321267,4154954.8,719492.94,985991.7
North America,OWID_NAM,2003,1526545.1,4570212,1812556.4,1541807.4
North America,OWID_NAM,2004,1005053.4,4977806,575843.4,1679489.5
North America,OWID_NAM,2005,2312110,5387246,1189273.5,1458627.1
North America,OWID_NAM,2006,2547247.2,3382226.5,782516.75,1416919
North America,OWID_NAM,2007,2087899,3656023.8,817978.4,1565055
North America,OWID_NAM,2008,1713040.6,2950118.5,826521.75,1541506.9
North America,OWID_NAM,2009,1670216.2,2700170,788784.8,1438857.1
North America,OWID_NAM,2010,1180257.8,3489384.2,606432.25,1589139.6
North America,OWID_NAM,2011,3498206.5,4264087,1118972.8,1433426.2
North America,OWID_NAM,2012,2632316.2,2935285.8,710584.6,1003078.5
North America,OWID_NAM,2013,1148531.2,5430456.5,1157375.2,1072799.6
North America,OWID_NAM,2014,1644285.5,3830283.8,565604.2,956583.5
North America,OWID_NAM,2015,1364606.6,4574719.5,1415953,1496235.4
North America,OWID_NAM,2016,1851860.4,2494999.2,861124.75,1212199
North America,OWID_NAM,2017,2640495,4514808.5,1171435.4,1222695.9
North America,OWID_NAM,2018,2425535.8,2970919,1278507.1,1009003.1
North America,OWID_NAM,2019,1397256.2,3271398.2,1106329.4,1286921.8
North America,OWID_NAM,2020,2764353,2645496.5,1650982.9,1407474
North America,OWID_NAM,2021,1729955.8,5024022,1499047.4,1186289.8
North America,OWID_NAM,2022,1776644,2701071.5,793872.2,1197237.2
North America,OWID_NAM,2023,1766941.5,12374128,3032247,1312981.2
North America,OWID_NAM,2024,2705536.5,6192924.5,1768637.2,1058138.5
North America,OWID_NAM,2025,1580810.9,4992231,1525386.1,1020229.8
North Korea,PRK,2002,1116.226,7083.738,3241.347,6289.501
North Korea,PRK,2003,1738.735,10625.606,5602.592,7169.599
North Korea,PRK,2004,2854.962,15391.03,72726.36,9058.596
North Korea,PRK,2005,4808.357,13502.033,19920.328,10668.538
North Korea,PRK,2006,858.636,6117.773,7019.338,8350.223
North Korea,PRK,2007,1094.76,8307.291,1824.6,6783.213
North Korea,PRK,2008,5624.058,4915.686,11591.568,9080.063
North Korea,PRK,2009,9895.766,24234.967,46924.387,29537.03
North Korea,PRK,2010,1137.691,2876.429,3284.278,8221.43
North Korea,PRK,2011,9122.994,26231.293,23097.271,22839.684
North Korea,PRK,2012,944.499,3434.54,4743.958,7491.588
North Korea,PRK,2013,3069.618,3541.872,5581.127,5838.718
North Korea,PRK,2014,5602.593,15777.413,67510.16,10282.152
North Korea,PRK,2015,3477.471,9852.837,15541.291,17086.83
North Korea,PRK,2016,386.386,686.909,772.772,3606.266
North Korea,PRK,2017,1481.146,4250.242,4722.492,9080.062
North Korea,PRK,2018,4829.819,3241.347,15949.14,5495.263
North Korea,PRK,2019,5645.524,13201.51,14854.382,9058.596
North Korea,PRK,2020,965.965,2361.246,643.977,7963.837
North Korea,PRK,2021,407.852,42.932,85.863,5302.069
North Korea,PRK,2022,601.045,3498.937,364.92,1137.692
North Korea,PRK,2023,965.965,493.716,1180.622,6525.623
North Korea,PRK,2024,923.033,579.579,10647.07,4421.971
North Korea,PRK,2025,1717.27,880.1,3606.267,4314.639
North Macedonia,MKD,2002,536.648,42.932,0,3262.812
North Macedonia,MKD,2003,279.056,0,0,965.965
North Macedonia,MKD,2004,1030.361,0,0,2790.562
North Macedonia,MKD,2005,2232.451,0,0,2361.246
North Macedonia,MKD,2006,987.43,21.466,21.466,1309.418
North Macedonia,MKD,2007,28678.396,12514.602,2189.519,1888.999
North Macedonia,MKD,2008,5903.113,1545.544,407.852,1330.883
North Macedonia,MKD,2009,515.182,21.466,0,257.59
North Macedonia,MKD,2010,1395.282,85.864,21.466,686.907
North Macedonia,MKD,2011,12020.886,1738.74,472.25,2919.358
North Macedonia,MKD,2012,11591.57,5538.197,794.238,601.044
North Macedonia,MKD,2013,4958.617,300.522,0,1180.622
North Macedonia,MKD,2014,107.329,85.864,150.261,171.727
North Macedonia,MKD,2015,3005.223,987.433,42.932,751.306
North Macedonia,MKD,2016,1438.215,128.796,0,2447.109
North Macedonia,MKD,2017,14725.587,2790.569,128.796,364.92
North Macedonia,MKD,2018,815.704,665.442,21.466,1008.896
North Macedonia,MKD,2019,9058.597,3649.202,729.84,1416.747
North Macedonia,MKD,2020,128.796,214.659,42.932,407.851
North Macedonia,MKD,2021,4164.38,3370.143,2425.644,1223.556
North Macedonia,MKD,2022,880.102,751.307,536.647,751.305
North Macedonia,MKD,2023,8328.758,364.92,42.932,2897.893
North Macedonia,MKD,2024,56605.492,5666.993,1159.157,3155.485
North Macedonia,MKD,2025,11248.114,6396.831,1051.829,1159.157
Northern Mariana Islands,MNP,2002,0,0,0,0
Northern Mariana Islands,MNP,2003,0,0,0,0
Northern Mariana Islands,MNP,2004,0,0,0,0
Northern Mariana Islands,MNP,2005,0,0,0,0
Northern Mariana Islands,MNP,2006,0,0,0,0
Northern Mariana Islands,MNP,2007,0,0,0,0
Northern Mariana Islands,MNP,2008,0,0,0,0
Northern Mariana Islands,MNP,2009,0,0,0,0
Northern Mariana Islands,MNP,2010,0,0,0,0
Northern Mariana Islands,MNP,2011,0,0,0,0
Northern Mariana Islands,MNP,2012,0,0,0,0
Northern Mariana Islands,MNP,2013,0,0,0,0
Northern Mariana Islands,MNP,2014,0,0,0,0
Northern Mariana Islands,MNP,2015,0,0,0,0
Northern Mariana Islands,MNP,2016,0,0,0,0
Northern Mariana Islands,MNP,2017,0,0,0,0
Northern Mariana Islands,MNP,2018,0,0,0,0
Northern Mariana Islands,MNP,2019,0,0,0,0
Northern Mariana Islands,MNP,2020,0,0,0,0
Northern Mariana Islands,MNP,2021,0,0,0,0
Northern Mariana Islands,MNP,2022,0,0,0,0
Northern Mariana Islands,MNP,2023,0,0,0,0
Northern Mariana Islands,MNP,2024,0,0,0,0
Northern Mariana Islands,MNP,2025,0,0,0,0
Norway,NOR,2002,21.466,42.932,0,450.783
Norway,NOR,2003,107.329,3005.221,0,0
Norway,NOR,2004,0,0,0,0
Norway,NOR,2005,0,0,0,0
Norway,NOR,2006,386.386,1481.145,429.318,193.193
Norway,NOR,2007,21.466,2661.768,300.522,0
Norway,NOR,2008,729.839,3971.186,21.466,515.181
Norway,NOR,2009,0,0,0,0
Norway,NOR,2010,0,0,0,0
Norway,NOR,2011,0,0,0,0
Norway,NOR,2012,0,0,0,0
Norway,NOR,2013,0,0,0,0
Norway,NOR,2014,0,0,42.932,0
Norway,NOR,2015,0,0,0,0
Norway,NOR,2016,0,0,0,0
Norway,NOR,2017,0,0,0,0
Norway,NOR,2018,171.727,150.262,343.456,0
Norway,NOR,2019,236.125,1051.827,0,0
Norway,NOR,2020,0,0,0,0
Norway,NOR,2021,0,0,0,0
Norway,NOR,2022,0,0,0,0
Norway,NOR,2023,0,0,0,0
Norway,NOR,2024,0,0,0,0
Norway,NOR,2025,0,0,0,0
Oceania,OWID_OCE,2002,68558960,7869516,803810.9,135599.89
Oceania,OWID_OCE,2003,24450182,6225080,1203204.9,123514.61
Oceania,OWID_OCE,2004,57982870,5551352.5,225606.27,902188.94
Oceania,OWID_OCE,2005,21861632,5611585.5,128322.97,557039.3
Oceania,OWID_OCE,2006,50300668,6062175.5,996424.06,644083.4
Oceania,OWID_OCE,2007,47396548,3891225.2,371295.12,66844.71
Oceania,OWID_OCE,2008,27155074,4393183,78071.375,157130.16
Oceania,OWID_OCE,2009,32584264,7529904,579535.5,266348.47
Oceania,OWID_OCE,2010,15877915,2329325.8,100782.25,368053.75
Oceania,OWID_OCE,2011,80061850,6979626.5,218737.2,833949
Oceania,OWID_OCE,2012,81050800,8198716,331776.47,599026.5
Oceania,OWID_OCE,2013,23145398,4600092.5,520053.6,320957.66
Oceania,OWID_OCE,2014,39631680,6607408.5,376811.84,571464.4
Oceania,OWID_OCE,2015,36300824,5772794,434984.34,404867.72
Oceania,OWID_OCE,2016,19696822,3999778,309494.9,389648.44
Oceania,OWID_OCE,2017,44690068,3473456.5,203882.81,999493.75
Oceania,OWID_OCE,2018,47054664,4858005,349271.16,361592.53
Oceania,OWID_OCE,2019,26356092,6177082.5,3310187,470510.34
Oceania,OWID_OCE,2020,11135269,3910480,1836662.6,126455.42
Oceania,OWID_OCE,2021,23015812,3095356.5,73434.734,541218.94
Oceania,OWID_OCE,2022,24924534,2770427.8,88246.19,527609.56
Oceania,OWID_OCE,2023,67117750,4946487,186967.72,532911.6
Oceania,OWID_OCE,2024,31886086,2699289.8,136372.66,563822.44
Oceania,OWID_OCE,2025,46709960,3066506.5,296035.78,543043.5
Oman,OMN,2002,0,0,0,0
Oman,OMN,2003,0,0,0,0
Oman,OMN,2004,0,0,0,0
Oman,OMN,2005,0,0,0,0
Oman,OMN,2006,0,0,0,0
Oman,OMN,2007,0,0,0,0
Oman,OMN,2008,0,0,0,0
Oman,OMN,2009,0,0,0,0
Oman,OMN,2010,0,0,0,0
Oman,OMN,2011,0,0,0,0
Oman,OMN,2012,0,0,0,0
Oman,OMN,2013,0,0,0,0
Oman,OMN,2014,0,0,0,0
Oman,OMN,2015,0,0,0,0
Oman,OMN,2016,0,0,0,0
Oman,OMN,2017,21.466,0,0,0
Oman,OMN,2018,0,0,0,0
Oman,OMN,2019,0,0,0,0
Oman,OMN,2020,0,0,0,0
Oman,OMN,2021,0,0,0,0
Oman,OMN,2022,0,0,0,0
Oman,OMN,2023,0,0,0,0
Oman,OMN,2024,0,0,0,0
Oman,OMN,2025,0,0,0,0
Pakistan,PAK,2002,13566.427,3520.403,236.125,101855.54
Pakistan,PAK,2003,11376.911,987.431,0,133625.03
Pakistan,PAK,2004,23870.049,1524.079,214.658,235587.89
Pakistan,PAK,2005,27970.025,7877.973,1695.804,334631.4
Pakistan,PAK,2006,19340.746,2146.588,85.863,89491.195
Pakistan,PAK,2007,19405.146,3069.622,2597.37,101168.63
Pakistan,PAK,2008,43210.797,1180.624,0,105676.46
Pakistan,PAK,2009,41128.6,5044.482,1116.225,137252.75
Pakistan,PAK,2010,19254.885,751.307,279.056,177050.47
Pakistan,PAK,2011,15670.084,643.977,42.932,113490.04
Pakistan,PAK,2012,29880.49,3005.223,1073.293,173422.75
Pakistan,PAK,2013,10410.947,515.182,85.863,260917.62
Pakistan,PAK,2014,26746.47,2210.986,150.261,121453.88
Pakistan,PAK,2015,10217.754,965.966,0,121067.49
Pakistan,PAK,2016,51131.695,7341.326,2425.642,198494.88
Pakistan,PAK,2017,21165.344,2425.646,472.249,244775.28
Pakistan,PAK,2018,29644.361,7727.715,1330.885,284358.34
Pakistan,PAK,2019,10196.288,1008.897,429.317,169043.7
Pakistan,PAK,2020,32070.008,3541.871,0,144229.16
Pakistan,PAK,2021,39132.277,5323.537,364.92,244861.16
Pakistan,PAK,2022,50745.312,31683.621,6332.43,192849.36
Pakistan,PAK,2023,31297.234,880.102,0,159169.4
Pakistan,PAK,2024,93462.39,18288.92,3777.992,250485.2
Pakistan,PAK,2025,117912.01,12257.01,1953.393,310933.1
Palau,PLW,2002,0,0,0,0
Palau,PLW,2003,0,0,0,0
Palau,PLW,2004,0,0,0,0
Palau,PLW,2005,0,0,0,0
Palau,PLW,2006,0,0,0,0
Palau,PLW,2007,0,0,0,0
Palau,PLW,2008,0,0,0,0
Palau,PLW,2009,0,0,0,0
Palau,PLW,2010,0,0,0,0
Palau,PLW,2011,0,0,0,0
Palau,PLW,2012,0,0,0,0
Palau,PLW,2013,0,0,0,0
Palau,PLW,2014,0,0,0,0
Palau,PLW,2015,0,0,0,0
Palau,PLW,2016,0,0,0,0
Palau,PLW,2017,0,0,0,0
Palau,PLW,2018,0,0,0,0
Palau,PLW,2019,0,0,0,0
Palau,PLW,2020,0,0,0,0
Palau,PLW,2021,0,0,0,0
Palau,PLW,2022,0,0,0,0
Palau,PLW,2023,0,0,0,0
Palau,PLW,2024,0,0,0,0
Palau,PLW,2025,0,0,0,0
Palestine,PSE,2002,85.864,0,0,429.317
Palestine,PSE,2003,0,0,0,42.932
Palestine,PSE,2004,0,0,0,686.908
Palestine,PSE,2005,107.33,0,0,128.795
Palestine,PSE,2006,0,0,0,42.932
Palestine,PSE,2007,42.932,0,0,0
Palestine,PSE,2008,0,0,0,150.261
Palestine,PSE,2009,0,0,0,0
Palestine,PSE,2010,42.932,0,0,85.863
Palestine,PSE,2011,0,0,0,0
Palestine,PSE,2012,0,0,0,0
Palestine,PSE,2013,0,0,0,0
Palestine,PSE,2014,0,0,0,0
Palestine,PSE,2015,42.932,0,0,837.169
Palestine,PSE,2016,300.522,0,0,85.863
Palestine,PSE,2017,0,0,0,472.249
Palestine,PSE,2018,0,0,0,0
Palestine,PSE,2019,107.33,0,0,450.783
Palestine,PSE,2020,21.466,0,0,150.262
Palestine,PSE,2021,42.932,0,0,708.374
Palestine,PSE,2022,0,0,0,0
Palestine,PSE,2023,0,0,0,493.715
Palestine,PSE,2024,107.329,0,0,321.988
Palestine,PSE,2025,343.454,0,0,772.771
Panama,PAN,2002,1502.611,25759.043,1008.897,858.635
Panama,PAN,2003,11033.457,96939.86,21015.084,4550.764
Panama,PAN,2004,6182.17,83244.64,3928.254,3584.8
Panama,PAN,2005,2704.699,8736.61,321.989,2189.518
Panama,PAN,2006,3327.208,35332.816,987.431,3262.813
Panama,PAN,2007,2876.427,11033.457,729.842,4057.049
Panama,PAN,2008,2017.793,22088.377,1931.929,880.101
Panama,PAN,2009,3069.621,54609.168,4379.038,1781.668
Panama,PAN,2010,3949.719,7620.385,407.852,4314.639
Panama,PAN,2011,1652.871,5430.866,85.864,1287.952
Panama,PAN,2012,3112.551,22539.16,1008.896,2210.983
Panama,PAN,2013,2983.754,17795.201,279.057,2532.973
Panama,PAN,2014,3842.39,17258.559,236.126,2210.985
Panama,PAN,2015,6740.28,53922.258,2490.042,4743.957
Panama,PAN,2016,5903.115,29837.559,6117.773,3284.278
Panama,PAN,2017,4701.026,9552.311,536.647,4099.981
Panama,PAN,2018,2790.565,11527.172,85.864,1910.463
Panama,PAN,2019,8264.358,48083.547,3541.869,6418.298
Panama,PAN,2020,6117.77,29987.816,42.932,5838.717
Panama,PAN,2021,2253.915,2039.256,64.398,2661.769
Panama,PAN,2022,4014.117,2296.85,257.591,3820.924
Panama,PAN,2023,9638.176,13587.897,815.703,6332.434
Panama,PAN,2024,5130.343,8865.407,407.853,1717.269
Panama,PAN,2025,1803.134,407.852,21.466,708.375
Papua New Guinea,PNG,2002,62358.348,180914.34,50187.2,48190.875
Papua New Guinea,PNG,2003,45271.516,245247.53,14789.984,41794.047
Papua New Guinea,PNG,2004,74894.414,462074.25,89040.42,43983.566
Papua New Guinea,PNG,2005,33765.81,128043.91,9294.726,25329.725
Papua New Guinea,PNG,2006,55231.68,293416.94,26488.89,29343.844
Papua New Guinea,PNG,2007,41278.867,67875.08,5345.005,24771.611
Papua New Guinea,PNG,2008,37007.152,93333.59,7234.002,18396.248
Papua New Guinea,PNG,2009,32091.47,126949.15,8715.145,15820.346
Papua New Guinea,PNG,2010,35976.797,133174.25,10754.403,25673.178
Papua New Guinea,PNG,2011,27884.162,78286.02,5688.457,13931.348
Papua New Guinea,PNG,2012,25952.236,93526.79,6160.708,16442.855
Papua New Guinea,PNG,2013,36642.24,100932.516,10518.278,19276.35
Papua New Guinea,PNG,2014,43060.53,263836.97,10110.425,18331.854
Papua New Guinea,PNG,2015,101640.88,397268.8,195790.19,20907.756
Papua New Guinea,PNG,2016,22796.754,61607.047,7491.594,18203.057
Papua New Guinea,PNG,2017,40978.34,91079.68,8114.102,18932.895
Papua New Guinea,PNG,2018,43811.836,327934.06,25351.191,16571.65
Papua New Guinea,PNG,2019,33336.492,111944.5,10561.207,15734.482
Papua New Guinea,PNG,2020,27433.379,62873.527,4443.436,12621.929
Papua New Guinea,PNG,2021,28721.332,69313.29,7341.328,13308.838
Papua New Guinea,PNG,2022,28699.861,82128.414,18825.57,12600.463
Papua New Guinea,PNG,2023,42266.297,234965.39,12922.454,16292.593
Papua New Guinea,PNG,2024,26102.492,76354.09,10904.665,7019.34
Papua New Guinea,PNG,2025,17881.066,33465.293,2833.498,9444.982
Paraguay,PRY,2002,156636.44,2653589,362837.56,93913.17
Paraguay,PRY,2003,130984.73,2959821,189436.28,131306.72
Paraguay,PRY,2004,113382.71,1592660,94428.36,113490.04
Paraguay,PRY,2005,131929.22,2533509,172156.27,136308.27
Paraguay,PRY,2006,141782.06,2246768,96532.016,84382.33
Paraguay,PRY,2007,259050.1,3111391.5,410491.78,121818.8
Paraguay,PRY,2008,134698.33,1875215.2,75237.875,114627.74
Paraguay,PRY,2009,108831.945,1315750.4,66844.73,66630.055
Paraguay,PRY,2010,115722.49,1326547.6,74400.7,85391.22
Paraguay,PRY,2011,127636.05,1666416.8,88310.586,108445.57
Paraguay,PRY,2012,98013.15,1371368.4,73456.21,100181.2
Paraguay,PRY,2013,379731.2,1788643.4,90178.12,121496.81
Paraguay,PRY,2014,85305.36,1117920.9,30653.268,93784.375
Paraguay,PRY,2015,84146.2,1019886.3,15154.905,89298.01
Paraguay,PRY,2016,119393.164,1495290.9,28334.951,150604.53
Paraguay,PRY,2017,272637.97,2934942.2,117890.555,110034.04
Paraguay,PRY,2018,116774.32,1360463.8,34903.508,150175.22
Paraguay,PRY,2019,262162.62,1891572.2,229813.58,124673.76
Paraguay,PRY,2020,236210.4,3301171.2,88976.03,164063.62
Paraguay,PRY,2021,271865.22,2132054.2,130319.29,160435.89
Paraguay,PRY,2022,177050.48,1500313.9,38595.637,104023.6
Paraguay,PRY,2023,183855.16,1665407.9,37157.43,101769.69
Paraguay,PRY,2024,227817.25,1388176.1,170095.55,149552.7
Paraguay,PRY,2025,101404.76,628928.44,11462.782,100116.81
Peru,PER,2002,9874.3,8715.142,17580.545,2661.766
Peru,PER,2003,45722.3,17344.424,38681.492,3069.618
Peru,PER,2004,14661.188,9251.793,17923.998,2812.028
Peru,PER,2005,132015.08,51947.402,94836.21,1180.623
Peru,PER,2006,23397.797,25458.525,25651.713,1760.201
Peru,PER,2007,24878.94,37028.62,55124.348,4658.092
Peru,PER,2008,38166.312,14253.337,19362.213,343.454
Peru,PER,2009,22925.55,18825.568,11655.966,2726.165
Peru,PER,2010,107071.75,64698.13,53085.098,4529.299
Peru,PER,2011,8607.814,17752.275,10496.807,6117.772
Peru,PER,2012,37973.12,48555.797,29107.717,1438.214
Peru,PER,2013,29537.04,14317.736,21251.21,214.658
Peru,PER,2014,28120.287,13716.692,17215.627,4937.149
Peru,PER,2015,34796.18,16678.979,19963.256,3713.595
Peru,PER,2016,95394.31,47654.234,21723.463,13845.486
Peru,PER,2017,36384.645,16764.846,7770.645,4722.492
Peru,PER,2018,33207.695,14146.006,20456.975,1008.896
Peru,PER,2019,71374.01,29236.514,26274.225,3863.857
Peru,PER,2020,116881.65,42180.43,25286.797,9058.595
Peru,PER,2021,26166.896,17623.48,22560.63,4980.08
Peru,PER,2022,196713.22,33744.35,30181.01,6504.16
Peru,PER,2023,42266.297,25351.195,20929.225,14575.324
Peru,PER,2024,115872.75,60082.965,119199.96,5065.943
Peru,PER,2025,31511.896,5559.658,7319.862,8157.028
Philippines,PHL,2002,11248.114,74787.086,10926.129,35933.86
Philippines,PHL,2003,14425.066,73155.69,10775.87,52376.715
Philippines,PHL,2004,13008.319,43919.17,10539.747,32091.482
Philippines,PHL,2005,19834.467,77642.05,17580.553,42373.63
Philippines,PHL,2006,13137.115,41794.047,5559.665,27411.92
Philippines,PHL,2007,12793.665,66243.68,8543.419,37844.33
Philippines,PHL,2008,4314.644,17194.168,4035.582,9745.505
Philippines,PHL,2009,9745.505,42609.754,3413.077,19512.475
Philippines,PHL,2010,12020.889,86271.32,34946.438,28828.664
Philippines,PHL,2011,8500.481,38187.78,3176.954,17559.084
Philippines,PHL,2012,7362.796,37264.746,1996.328,15305.163
Philippines,PHL,2013,9165.929,33315.035,5924.578,15820.349
Philippines,PHL,2014,12750.727,59846.848,9487.921,27411.91
Philippines,PHL,2015,13180.047,62637.41,13845.488,31984.143
Philippines,PHL,2016,10797.34,64140.02,16228.201,27025.537
Philippines,PHL,2017,6761.75,37093.023,3777.995,16550.188
Philippines,PHL,2018,11441.31,53342.684,4357.576,18868.5
Philippines,PHL,2019,9359.122,58236.902,10775.867,26274.225
Philippines,PHL,2020,10432.414,53750.54,13287.377,25351.191
Philippines,PHL,2021,8929.805,28592.54,4464.903,24535.484
Philippines,PHL,2022,4271.709,22109.844,2833.496,7234.001
Philippines,PHL,2023,7641.85,42137.504,8650.746,17559.082
Philippines,PHL,2024,12106.751,77899.63,17194.162,25759.043
Philippines,PHL,2025,4078.516,13609.364,965.966,10024.563
Poland,POL,2002,364.92,858.636,321.989,16893.639
Poland,POL,2003,2597.37,6418.293,2404.178,10389.483
Poland,POL,2004,257.591,236.126,42.932,6740.283
Poland,POL,2005,493.715,4443.434,193.194,5516.727
Poland,POL,2006,128.796,171.728,21.466,7770.647
Poland,POL,2007,42.932,21.466,0,3456.004
Poland,POL,2008,236.125,150.261,107.329,14296.268
Poland,POL,2009,150.262,493.715,64.398,1824.6
Poland,POL,2010,686.909,837.171,128.795,7040.806
Poland,POL,2011,128.795,364.921,21.466,3262.811
Poland,POL,2012,386.387,1373.817,279.056,2361.247
Poland,POL,2013,236.125,751.306,21.466,1438.213
Poland,POL,2014,107.33,193.193,0,1245.021
Poland,POL,2015,257.59,429.318,85.864,3692.129
Poland,POL,2016,21.466,0,0,1309.418
Poland,POL,2017,85.864,214.659,407.852,128.795
Poland,POL,2018,236.125,858.635,64.398,1931.929
Poland,POL,2019,107.33,42.932,0,729.84
Poland,POL,2020,1867.531,1051.827,794.237,601.046
Poland,POL,2021,0,0,0,193.193
Poland,POL,2022,214.659,772.771,0,2747.631
Poland,POL,2023,21.466,0,0,1953.394
Poland,POL,2024,85.864,42.932,0,171.727
Poland,POL,2025,300.522,472.249,64.398,1910.464
Portugal,PRT,2002,34323.926,52870.434,6010.449,8135.565
Portugal,PRT,2003,147084.12,200469.73,68154.13,57549.992
Portugal,PRT,2004,64698.125,31254.305,3069.621,8414.617
Portugal,PRT,2005,48727.523,217298.98,62551.54,3477.474
Portugal,PRT,2006,15412.494,38380.973,8672.212,6225.102
Portugal,PRT,2007,4829.822,10947.595,858.635,364.92
Portugal,PRT,2008,1524.077,1481.147,236.125,3520.404
Portugal,PRT,2009,28571.068,35568.945,1588.476,1137.692
Portugal,PRT,2010,42845.87,76117.97,13459.099,18567.975
Portugal,PRT,2011,21852.254,28463.742,1867.531,3777.993
Portugal,PRT,2012,37350.61,40570.496,8242.898,2318.316
Portugal,PRT,2013,46044.29,85670.27,10990.528,35418.68
Portugal,PRT,2014,3928.255,4658.096,643.976,1717.271
Portugal,PRT,2015,10754.4,24063.242,5903.114,1846.065
Portugal,PRT,2016,21594.664,109669.12,25265.328,4507.836
Portugal,PRT,2017,71824.79,353242.3,94256.625,2232.452
Portugal,PRT,2018,14832.916,14832.917,4593.697,1459.679
Portugal,PRT,2019,2575.905,20950.69,1888.995,3327.21
Portugal,PRT,2020,9273.255,23397.799,20070.588,1008.897
Portugal,PRT,2021,9165.925,4636.63,407.852,1781.668
Portugal,PRT,2022,16185.268,66501.266,9981.63,2769.097
Portugal,PRT,2023,4980.084,17537.617,5087.409,300.523
Portugal,PRT,2024,6053.375,103315.22,27841.234,2854.961
Portugal,PRT,2025,60812.8,170932.7,29215.043,5881.649
Puerto Rico,PRI,2002,0,0,0,0
Puerto Rico,PRI,2003,0,64.398,0,1309.416
Puerto Rico,PRI,2004,0,0,0,1008.896
Puerto Rico,PRI,2005,150.261,21.466,0,1223.555
Puerto Rico,PRI,2006,0,0,0,1287.953
Puerto Rico,PRI,2007,0,21.466,0,2511.506
Puerto Rico,PRI,2008,0,21.466,0,2060.723
Puerto Rico,PRI,2009,0,0,0,386.386
Puerto Rico,PRI,2010,0,21.466,0,1803.132
Puerto Rico,PRI,2011,0,42.932,0,1609.941
Puerto Rico,PRI,2012,0,85.864,21.466,2296.848
Puerto Rico,PRI,2013,579.578,85.864,0,2210.985
Puerto Rico,PRI,2014,0,64.398,21.466,21.466
Puerto Rico,PRI,2015,64.398,171.727,0,450.783
Puerto Rico,PRI,2016,0,0,0,279.056
Puerto Rico,PRI,2017,0,0,0,257.591
Puerto Rico,PRI,2018,0,64.398,0,364.92
Puerto Rico,PRI,2019,0,42.932,0,1330.883
Puerto Rico,PRI,2020,0,0,0,0
Puerto Rico,PRI,2021,21.466,193.194,0,0
Puerto Rico,PRI,2022,0,0,0,0
Puerto Rico,PRI,2023,0,0,0,300.522
Puerto Rico,PRI,2024,21.466,0,0,64.398
Puerto Rico,PRI,2025,0,21.466,0,772.772
Qatar,QAT,2002,0,0,0,0
Qatar,QAT,2003,0,0,0,0
Qatar,QAT,2004,0,0,0,0
Qatar,QAT,2005,0,0,0,0
Qatar,QAT,2006,0,0,0,0
Qatar,QAT,2007,0,0,0,0
Qatar,QAT,2008,0,0,0,0
Qatar,QAT,2009,0,0,0,0
Qatar,QAT,2010,0,0,0,0
Qatar,QAT,2011,0,0,0,0
Qatar,QAT,2012,0,0,0,0
Qatar,QAT,2013,0,0,0,0
Qatar,QAT,2014,0,0,0,0
Qatar,QAT,2015,0,0,0,0
Qatar,QAT,2016,0,0,0,0
Qatar,QAT,2017,0,0,0,0
Qatar,QAT,2018,0,0,0,0
Qatar,QAT,2019,0,0,0,0
Qatar,QAT,2020,0,0,0,0
Qatar,QAT,2021,0,0,0,0
Qatar,QAT,2022,0,0,0,0
Qatar,QAT,2023,0,0,0,0
Qatar,QAT,2024,0,0,0,0
Qatar,QAT,2025,0,0,0,0
Reunion,REU,2002,0,0,0,0
Reunion,REU,2003,0,0,0,0
Reunion,REU,2004,0,0,0,0
Reunion,REU,2005,0,0,0,0
Reunion,REU,2006,0,0,0,0
Reunion,REU,2007,0,0,0,0
Reunion,REU,2008,0,0,0,0
Reunion,REU,2009,0,0,0,0
Reunion,REU,2010,214.659,493.715,236.125,0
Reunion,REU,2011,193.193,1395.282,472.249,0
Reunion,REU,2012,0,0,0,0
Reunion,REU,2013,0,0,0,0
Reunion,REU,2014,0,0,0,0
Reunion,REU,2015,0,0,0,0
Reunion,REU,2016,0,0,0,0
Reunion,REU,2017,0,0,0,0
Reunion,REU,2018,0,0,0,0
Reunion,REU,2019,0,0,0,0
Reunion,REU,2020,0,0,0,0
Reunion,REU,2021,0,0,0,0
Reunion,REU,2022,0,0,0,0
Reunion,REU,2023,0,0,0,0
Reunion,REU,2024,107.329,0,0,0
Reunion,REU,2025,0,0,0,0
Romania,ROU,2002,2790.565,6182.171,1223.554,29601.43
Romania,ROU,2003,3413.072,6611.488,150.262,36878.36
Romania,ROU,2004,2318.315,3906.787,450.783,115164.38
Romania,ROU,2005,2296.849,1588.475,987.43,152751.11
Romania,ROU,2006,4615.163,8801.007,2618.839,205020.5
Romania,ROU,2007,12257.012,16593.115,1330.886,103637.21
Romania,ROU,2008,6804.682,2189.519,450.784,491053.2
Romania,ROU,2009,3434.54,8994.198,1738.736,116903.12
Romania,ROU,2010,1481.146,1867.531,1159.157,229169.6
Romania,ROU,2011,24170.568,37844.33,4314.641,249712.44
Romania,ROU,2012,42201.9,30223.947,5366.47,227237.67
Romania,ROU,2013,3756.529,2812.028,965.964,116924.58
Romania,ROU,2014,3134.018,2339.781,407.851,148415.02
Romania,ROU,2015,2275.383,3026.688,0,96446.14
Romania,ROU,2016,1008.896,729.84,128.795,147835.44
Romania,ROU,2017,9702.573,15691.549,1416.749,103551.35
Romania,ROU,2018,1910.465,1631.406,622.51,56626.96
Romania,ROU,2019,14747.053,18138.658,1159.158,157194.55
Romania,ROU,2020,10067.494,10518.274,1738.735,61757.3
Romania,ROU,2021,5688.457,1867.531,343.455,122333.98
Romania,ROU,2022,22861.148,28141.754,12471.67,28163.217
Romania,ROU,2023,3134.016,2210.985,21.466,12428.735
Romania,ROU,2024,3091.084,4421.972,2704.701,25673.178
Romania,ROU,2025,9380.585,22088.379,2704.699,21465.867
Russia,RUS,2002,3061483.5,6650920,1037853.25,4982764.5
Russia,RUS,2003,6046634.5,12414269,1516026.9,2365753.2
Russia,RUS,2004,1600301.9,3726603.5,1249313.5,3890044.5
Russia,RUS,2005,2999704.8,3976616.2,627576.1,5067490
Russia,RUS,2006,3438445.5,4809062.5,1138914.5,5131694.5
Russia,RUS,2007,3064467.2,3154860,541412.1,4187282.2
Russia,RUS,2008,3330064.5,10693930,1826251.6,7502256
Russia,RUS,2009,2197933,4433431.5,802007.75,5370953
Russia,RUS,2010,3367393.5,3602208.8,1222373.9,2730437
Russia,RUS,2011,2768173.8,6690460,1295229,1800900.4
Russia,RUS,2012,2549565.5,8351532,2100134.5,1565527.1
Russia,RUS,2013,945249.5,4373842,575156.44,868551.94
Russia,RUS,2014,3700694,10356336,1955905.5,3254654.8
Russia,RUS,2015,2639249.8,4148987.2,685426.6,1968999.6
Russia,RUS,2016,1844604.9,5016423,1382509.2,1028537.06
Russia,RUS,2017,1666674.4,3935037,748149.9,1728732.1
Russia,RUS,2018,1464444.4,7863441,1218080.6,1386373
Russia,RUS,2019,3096880.8,5747636.5,1108733.5,1590620.8
Russia,RUS,2020,2855883.5,5542014.5,557275.4,1479019.8
Russia,RUS,2021,2002057,9143687,574877.4,873081.25
Russia,RUS,2022,1752323.1,3982433.5,581832.3,1424324.8
Russia,RUS,2023,1717119.1,4784248,472807.22,973799.06
Russia,RUS,2024,1988533.5,6366153.5,494680.94,906525.06
Russia,RUS,2025,1162484,2879324,358351.2,930609.75
Rwanda,RWA,2002,39368.402,17838.137,1245.02,1051.827
Rwanda,RWA,2003,28935.99,4271.708,0,300.523
Rwanda,RWA,2004,22388.9,1760.201,0,42.932
Rwanda,RWA,2005,19104.621,3627.732,64.398,193.193
Rwanda,RWA,2006,12578.998,1803.133,0,772.771
Rwanda,RWA,2007,5387.933,150.261,0,150.261
Rwanda,RWA,2008,13802.553,1287.952,64.398,107.329
Rwanda,RWA,2009,11140.785,1309.419,85.864,85.864
Rwanda,RWA,2010,33035.97,1545.542,450.784,42.932
Rwanda,RWA,2011,5709.92,858.634,0,107.329
Rwanda,RWA,2012,25415.586,3434.54,0,772.771
Rwanda,RWA,2013,31254.303,1824.599,837.169,386.387
Rwanda,RWA,2014,26875.266,965.965,107.33,407.852
Rwanda,RWA,2015,49672.016,10046.025,0,1588.475
Rwanda,RWA,2016,48341.133,7298.396,622.51,2361.247
Rwanda,RWA,2017,43575.71,5903.114,21.466,1567.009
Rwanda,RWA,2018,27111.39,5151.808,0,643.977
Rwanda,RWA,2019,25716.11,8393.154,0,300.523
Rwanda,RWA,2020,32070.006,10647.07,0,407.851
Rwanda,RWA,2021,25780.508,10690.003,0,279.057
Rwanda,RWA,2022,30009.283,4314.639,64.398,42.932
Rwanda,RWA,2023,30009.281,4765.423,493.715,429.318
Rwanda,RWA,2024,34839.1,14768.517,0,321.989
Rwanda,RWA,2025,20134.984,11162.251,21.466,1373.817
Saint Helena,SHN,2002,0,0,0,0
Saint Helena,SHN,2003,0,0,0,0
Saint Helena,SHN,2004,0,0,0,0
Saint Helena,SHN,2005,0,0,0,0
Saint Helena,SHN,2006,0,0,0,0
Saint Helena,SHN,2007,0,0,0,0
Saint Helena,SHN,2008,0,0,0,0
Saint Helena,SHN,2009,0,0,0,0
Saint Helena,SHN,2010,0,0,0,0
Saint Helena,SHN,2011,0,0,0,0
Saint Helena,SHN,2012,0,0,0,0
Saint Helena,SHN,2013,0,0,0,0
Saint Helena,SHN,2014,0,0,0,0
Saint Helena,SHN,2015,0,0,0,0
Saint Helena,SHN,2016,0,0,0,0
Saint Helena,SHN,2017,0,0,0,0
Saint Helena,SHN,2018,0,0,0,0
Saint Helena,SHN,2019,0,0,0,0
Saint Helena,SHN,2020,0,0,0,0
Saint Helena,SHN,2021,0,0,0,0
Saint Helena,SHN,2022,0,0,0,0
Saint Helena,SHN,2023,0,0,0,0
Saint Helena,SHN,2024,0,0,0,0
Saint Helena,SHN,2025,0,0,0,0
Saint Kitts and Nevis,KNA,2002,0,0,0,0
Saint Kitts and Nevis,KNA,2003,0,0,0,0
Saint Kitts and Nevis,KNA,2004,0,0,0,0
Saint Kitts and Nevis,KNA,2005,0,0,0,0
Saint Kitts and Nevis,KNA,2006,0,0,0,0
Saint Kitts and Nevis,KNA,2007,0,0,0,0
Saint Kitts and Nevis,KNA,2008,0,0,0,0
Saint Kitts and Nevis,KNA,2009,0,0,0,0
Saint Kitts and Nevis,KNA,2010,21.466,64.398,0,0
Saint Kitts and Nevis,KNA,2011,0,0,0,0
Saint Kitts and Nevis,KNA,2012,0,0,0,0
Saint Kitts and Nevis,KNA,2013,0,0,0,0
Saint Kitts and Nevis,KNA,2014,0,0,0,0
Saint Kitts and Nevis,KNA,2015,0,0,0,0
Saint Kitts and Nevis,KNA,2016,0,0,0,0
Saint Kitts and Nevis,KNA,2017,0,0,0,0
Saint Kitts and Nevis,KNA,2018,0,0,0,0
Saint Kitts and Nevis,KNA,2019,0,0,0,0
Saint Kitts and Nevis,KNA,2020,0,0,0,0
Saint Kitts and Nevis,KNA,2021,0,0,0,0
Saint Kitts and Nevis,KNA,2022,0,0,0,0
Saint Kitts and Nevis,KNA,2023,0,0,0,0
Saint Kitts and Nevis,KNA,2024,0,0,0,0
Saint Kitts and Nevis,KNA,2025,0,0,0,0
Saint Lucia,LCA,2002,0,0,0,0
Saint Lucia,LCA,2003,0,0,0,0
Saint Lucia,LCA,2004,0,0,0,0
Saint Lucia,LCA,2005,0,0,0,0
Saint Lucia,LCA,2006,0,0,0,0
Saint Lucia,LCA,2007,0,0,0,0
Saint Lucia,LCA,2008,0,0,0,0
Saint Lucia,LCA,2009,0,0,0,0
Saint Lucia,LCA,2010,0,0,0,0
Saint Lucia,LCA,2011,0,0,0,0
Saint Lucia,LCA,2012,0,0,0,0
Saint Lucia,LCA,2013,0,0,0,0
Saint Lucia,LCA,2014,0,0,0,0
Saint Lucia,LCA,2015,0,0,0,0
Saint Lucia,LCA,2016,0,0,0,0
Saint Lucia,LCA,2017,0,0,0,0
Saint Lucia,LCA,2018,0,0,0,0
Saint Lucia,LCA,2019,0,0,0,0
Saint Lucia,LCA,2020,0,0,0,0
Saint Lucia,LCA,2021,0,0,0,0
Saint Lucia,LCA,2022,0,0,0,0
Saint Lucia,LCA,2023,0,0,0,0
Saint Lucia,LCA,2024,0,0,0,0
Saint Lucia,LCA,2025,0,0,0,0
Saint Pierre and Miquelon,SPM,2002,0,0,0,0
Saint Pierre and Miquelon,SPM,2003,0,0,0,0
Saint Pierre and Miquelon,SPM,2004,0,0,0,0
Saint Pierre and Miquelon,SPM,2005,0,0,0,0
Saint Pierre and Miquelon,SPM,2006,0,0,0,0
Saint Pierre and Miquelon,SPM,2007,0,0,0,0
Saint Pierre and Miquelon,SPM,2008,0,0,0,0
Saint Pierre and Miquelon,SPM,2009,0,0,0,0
Saint Pierre and Miquelon,SPM,2010,0,0,0,0
Saint Pierre and Miquelon,SPM,2011,0,0,0,0
Saint Pierre and Miquelon,SPM,2012,0,0,0,0
Saint Pierre and Miquelon,SPM,2013,0,0,0,0
Saint Pierre and Miquelon,SPM,2014,0,0,0,0
Saint Pierre and Miquelon,SPM,2015,0,0,0,0
Saint Pierre and Miquelon,SPM,2016,0,0,0,0
Saint Pierre and Miquelon,SPM,2017,0,0,0,0
Saint Pierre and Miquelon,SPM,2018,0,0,0,0
Saint Pierre and Miquelon,SPM,2019,0,0,0,0
Saint Pierre and Miquelon,SPM,2020,0,0,0,0
Saint Pierre and Miquelon,SPM,2021,0,0,0,0
Saint Pierre and Miquelon,SPM,2022,0,0,0,0
Saint Pierre and Miquelon,SPM,2023,0,0,0,0
Saint Pierre and Miquelon,SPM,2024,0,0,0,0
Saint Pierre and Miquelon,SPM,2025,0,0,0,0
Saint Vincent and the Grenadines,VCT,2002,0,0,0,0
Saint Vincent and the Grenadines,VCT,2003,0,0,0,0
Saint Vincent and the Grenadines,VCT,2004,0,0,0,0
Saint Vincent and the Grenadines,VCT,2005,0,0,0,0
Saint Vincent and the Grenadines,VCT,2006,0,0,0,0
Saint Vincent and the Grenadines,VCT,2007,0,0,0,0
Saint Vincent and the Grenadines,VCT,2008,0,0,0,0
Saint Vincent and the Grenadines,VCT,2009,0,0,0,0
Saint Vincent and the Grenadines,VCT,2010,0,0,0,0
Saint Vincent and the Grenadines,VCT,2011,0,0,0,0
Saint Vincent and the Grenadines,VCT,2012,0,0,0,0
Saint Vincent and the Grenadines,VCT,2013,0,0,0,0
Saint Vincent and the Grenadines,VCT,2014,0,0,0,0
Saint Vincent and the Grenadines,VCT,2015,0,0,0,0
Saint Vincent and the Grenadines,VCT,2016,0,0,0,0
Saint Vincent and the Grenadines,VCT,2017,0,0,0,0
Saint Vincent and the Grenadines,VCT,2018,0,0,0,0
Saint Vincent and the Grenadines,VCT,2019,0,0,0,0
Saint Vincent and the Grenadines,VCT,2020,0,0,0,0
Saint Vincent and the Grenadines,VCT,2021,0,0,0,0
Saint Vincent and the Grenadines,VCT,2022,0,0,0,0
Saint Vincent and the Grenadines,VCT,2023,0,0,0,0
Saint Vincent and the Grenadines,VCT,2024,0,0,0,0
Saint Vincent and the Grenadines,VCT,2025,0,0,0,0
Samoa,WSM,2002,0,0,0,0
Samoa,WSM,2003,0,0,0,0
Samoa,WSM,2004,0,0,0,0
Samoa,WSM,2005,0,0,0,0
Samoa,WSM,2006,0,0,0,0
Samoa,WSM,2007,0,0,0,0
Samoa,WSM,2008,0,0,0,0
Samoa,WSM,2009,0,0,0,0
Samoa,WSM,2010,0,0,0,0
Samoa,WSM,2011,0,0,1416.748,0
Samoa,WSM,2012,0,0,0,0
Samoa,WSM,2013,0,0,0,0
Samoa,WSM,2014,0,0,0,0
Samoa,WSM,2015,0,0,0,0
Samoa,WSM,2016,0,0,0,0
Samoa,WSM,2017,0,0,0,0
Samoa,WSM,2018,0,0,0,0
Samoa,WSM,2019,0,0,0,0
Samoa,WSM,2020,0,0,0,0
Samoa,WSM,2021,0,0,0,0
Samoa,WSM,2022,0,0,0,0
Samoa,WSM,2023,0,0,0,0
Samoa,WSM,2024,0,0,0,0
Samoa,WSM,2025,0,0,0,0
San Marino,SMR,2002,0,0,0,0
San Marino,SMR,2003,0,0,0,0
San Marino,SMR,2004,0,0,0,0
San Marino,SMR,2005,0,0,0,0
San Marino,SMR,2006,0,0,0,0
San Marino,SMR,2007,0,0,0,0
San Marino,SMR,2008,0,0,0,0
San Marino,SMR,2009,0,0,0,0
San Marino,SMR,2010,0,0,0,0
San Marino,SMR,2011,0,0,0,0
San Marino,SMR,2012,0,0,0,0
San Marino,SMR,2013,0,0,0,0
San Marino,SMR,2014,0,0,0,0
San Marino,SMR,2015,0,0,0,0
San Marino,SMR,2016,0,0,0,0
San Marino,SMR,2017,0,0,0,0
San Marino,SMR,2018,0,0,0,0
San Marino,SMR,2019,0,0,0,0
San Marino,SMR,2020,0,0,0,0
San Marino,SMR,2021,0,0,0,0
San Marino,SMR,2022,0,0,0,0
San Marino,SMR,2023,0,0,0,0
San Marino,SMR,2024,0,0,0,0
San Marino,SMR,2025,0,0,0,0
Sao Tome and Principe,STP,2002,0,0,0,0
Sao Tome and Principe,STP,2003,0,0,0,0
Sao Tome and Principe,STP,2004,0,0,0,0
Sao Tome and Principe,STP,2005,0,0,0,0
Sao Tome and Principe,STP,2006,0,0,0,0
Sao Tome and Principe,STP,2007,0,0,0,0
Sao Tome and Principe,STP,2008,0,0,0,0
Sao Tome and Principe,STP,2009,0,0,0,0
Sao Tome and Principe,STP,2010,0,0,0,0
Sao Tome and Principe,STP,2011,0,0,0,0
Sao Tome and Principe,STP,2012,0,0,0,0
Sao Tome and Principe,STP,2013,0,0,0,0
Sao Tome and Principe,STP,2014,0,0,0,0
Sao Tome and Principe,STP,2015,0,0,0,0
Sao Tome and Principe,STP,2016,0,0,0,0
Sao Tome and Principe,STP,2017,0,0,0,0
Sao Tome and Principe,STP,2018,0,0,0,0
Sao Tome and Principe,STP,2019,0,21.466,0,0
Sao Tome and Principe,STP,2020,0,0,0,0
Sao Tome and Principe,STP,2021,0,0,0,0
Sao Tome and Principe,STP,2022,0,0,0,0
Sao Tome and Principe,STP,2023,0,21.466,0,0
Sao Tome and Principe,STP,2024,0,0,0,0
Sao Tome and Principe,STP,2025,0,0,0,0
Saudi Arabia,SAU,2002,51646.88,0,0,42824.406
Saudi Arabia,SAU,2003,23440.729,0,0,36921.29
Saudi Arabia,SAU,2004,25930.77,0,0,51024.367
Saudi Arabia,SAU,2005,31554.824,0,0,62980.855
Saudi Arabia,SAU,2006,24857.477,0,0,45207.117
Saudi Arabia,SAU,2007,23118.74,0,0,34753.242
Saudi Arabia,SAU,2008,6160.704,42.932,0,9380.585
Saudi Arabia,SAU,2009,11484.241,0,0,9724.036
Saudi Arabia,SAU,2010,9273.256,0,0,11097.855
Saudi Arabia,SAU,2011,1781.668,0,0,8929.801
Saudi Arabia,SAU,2012,3370.141,0,0,4786.889
Saudi Arabia,SAU,2013,1287.953,0,0,12943.917
Saudi Arabia,SAU,2014,1373.817,0,0,6890.545
Saudi Arabia,SAU,2015,4679.558,0,0,4121.447
Saudi Arabia,SAU,2016,1953.396,0,0,5087.41
Saudi Arabia,SAU,2017,1996.326,0,0,1738.736
Saudi Arabia,SAU,2018,4185.845,0,0,300.523
Saudi Arabia,SAU,2019,858.636,0,0,300.522
Saudi Arabia,SAU,2020,2683.233,0,0,3198.414
Saudi Arabia,SAU,2021,4593.695,21.466,0,1373.815
Saudi Arabia,SAU,2022,8328.757,0,0,901.566
Saudi Arabia,SAU,2023,5216.205,0,0,2962.29
Saudi Arabia,SAU,2024,5323.536,0,0,7470.123
Saudi Arabia,SAU,2025,8908.336,837.169,0,257.591
Senegal,SEN,2002,3694125.5,346265.9,2425.644,904764.9
Senegal,SEN,2003,2245952.2,127099.4,1996.325,532675.5
Senegal,SEN,2004,3894509.5,245397.8,1760.2,706291.44
Senegal,SEN,2005,4166417.5,270169.4,2854.961,653721.5
Senegal,SEN,2006,4855450.5,359896.72,17280.025,688260.1
Senegal,SEN,2007,3288678.2,346866.94,14467.996,523015.84
Senegal,SEN,2008,3831764.8,263042.75,24535.486,490645.3
Senegal,SEN,2009,3311925.8,261218.14,15970.605,471433.38
Senegal,SEN,2010,3938299.8,273067.3,13502.031,460335.53
Senegal,SEN,2011,4772699.5,279077.75,9659.642,490452.12
Senegal,SEN,2012,2852942.5,337207.3,21573.197,364511.9
Senegal,SEN,2013,3650721.5,303742.03,27347.518,336413.06
Senegal,SEN,2014,3307546.8,390034.8,16593.115,183146.78
Senegal,SEN,2015,2296182.2,289960.94,7792.111,163569.9
Senegal,SEN,2016,3756548.2,283456.78,9144.461,368375.75
Senegal,SEN,2017,3551227.2,356032.88,3842.389,333257.6
Senegal,SEN,2018,2705751,295992.84,5023.014,255873.14
Senegal,SEN,2019,3448835,307906.4,5946.046,255422.36
Senegal,SEN,2020,3834448,321344.03,16571.65,449044.47
Senegal,SEN,2021,3815665.2,268988.78,12707.796,596944.3
Senegal,SEN,2022,3484425.5,181708.56,5967.512,854169.8
Senegal,SEN,2023,4223817.5,213005.8,3842.391,841955.7
Senegal,SEN,2024,3381668.2,249411.9,2404.177,513334.75
Senegal,SEN,2025,3263391.5,185529.48,1438.214,484033.84
Serbia,SRB,2002,21.466,2125.121,622.51,15755.947
Serbia,SRB,2003,0,794.238,128.796,33529.684
Serbia,SRB,2004,42.932,0,0,58966.74
Serbia,SRB,2005,0,321.987,42.932,11741.83
Serbia,SRB,2006,0,1030.36,107.329,41235.934
Serbia,SRB,2007,3219.881,19383.684,4958.616,31619.225
Serbia,SRB,2008,64.398,837.17,107.33,86958.234
Serbia,SRB,2009,193.193,1781.667,450.783,43146.39
Serbia,SRB,2010,236.125,729.84,128.795,11140.787
Serbia,SRB,2011,2082.19,1609.942,1202.088,65642.625
Serbia,SRB,2012,923.034,6160.705,2425.644,171125.89
Serbia,SRB,2013,21.466,42.932,0,5903.114
Serbia,SRB,2014,0,42.932,21.466,3906.791
Serbia,SRB,2015,493.715,300.522,64.398,5130.342
Serbia,SRB,2016,64.398,1159.157,42.932,5881.648
Serbia,SRB,2017,128.796,2253.916,257.59,25930.771
Serbia,SRB,2018,794.237,1051.829,150.261,52269.39
Serbia,SRB,2019,858.636,5538.193,1760.201,25673.178
Serbia,SRB,2020,64.398,515.18,386.386,12836.589
Serbia,SRB,2021,1051.828,1631.405,279.057,11935.022
Serbia,SRB,2022,171.727,2017.792,1137.691,8457.552
Serbia,SRB,2023,0,107.329,0,17473.217
Serbia,SRB,2024,4228.776,8929.804,1974.861,99408.43
Serbia,SRB,2025,2318.315,6525.623,665.442,4464.901
Seychelles,SYC,2002,0,0,0,0
Seychelles,SYC,2003,0,0,0,0
Seychelles,SYC,2004,0,0,0,0
Seychelles,SYC,2005,0,0,0,0
Seychelles,SYC,2006,0,0,0,0
Seychelles,SYC,2007,0,0,0,0
Seychelles,SYC,2008,0,0,0,0
Seychelles,SYC,2009,0,0,0,0
Seychelles,SYC,2010,0,0,0,0
Seychelles,SYC,2011,0,0,0,0
Seychelles,SYC,2012,0,0,0,0
Seychelles,SYC,2013,0,0,0,0
Seychelles,SYC,2014,0,0,0,0
Seychelles,SYC,2015,0,0,0,0
Seychelles,SYC,2016,0,0,0,0
Seychelles,SYC,2017,0,0,0,0
Seychelles,SYC,2018,0,0,0,0
Seychelles,SYC,2019,0,0,0,0
Seychelles,SYC,2020,0,0,0,0
Seychelles,SYC,2021,0,0,0,0
Seychelles,SYC,2022,0,0,0,0
Seychelles,SYC,2023,0,0,0,0
Seychelles,SYC,2024,0,0,0,0
Seychelles,SYC,2025,0,0,0,0
Sierra Leone,SLE,2002,2812.029,385827.5,171.728,163698.7
Sierra Leone,SLE,2003,7148.134,799882.6,12428.739,215839.3
Sierra Leone,SLE,2004,4894.216,883384.8,7663.318,172929.03
Sierra Leone,SLE,2005,3048.154,765794.8,5130.343,141503
Sierra Leone,SLE,2006,6482.691,1428510.5,12450.201,278498.16
Sierra Leone,SLE,2007,8929.8,1267366.2,6890.544,144679.94
Sierra Leone,SLE,2008,5988.978,668211,2468.577,126026.11
Sierra Leone,SLE,2009,12858.056,619290.25,6031.909,143134.4
Sierra Leone,SLE,2010,5108.877,326903.7,2404.179,87602.2
Sierra Leone,SLE,2011,9466.449,435885.9,2339.782,128559.08
Sierra Leone,SLE,2012,16678.98,851572.44,5817.252,164879.33
Sierra Leone,SLE,2013,13523.498,687744.94,5860.182,112996.33
Sierra Leone,SLE,2014,19426.611,775647.6,10496.812,123192.62
Sierra Leone,SLE,2015,18975.826,1110686.9,45808.16,233827.69
Sierra Leone,SLE,2016,16979.502,862541.5,3928.255,160414.42
Sierra Leone,SLE,2017,19533.94,698456.4,7491.587,170567.78
Sierra Leone,SLE,2018,15691.55,458274.8,2468.575,178703.34
Sierra Leone,SLE,2019,19083.156,431678.6,3262.811,135814.55
Sierra Leone,SLE,2020,7191.065,440586.94,1867.532,111493.72
Sierra Leone,SLE,2021,14489.462,405060.9,2769.097,122484.24
Sierra Leone,SLE,2022,19254.883,580909.3,6504.158,161315.98
Sierra Leone,SLE,2023,15498.357,370629.66,4228.777,148135.95
Sierra Leone,SLE,2024,18009.863,738554.6,8758.076,153631.22
Sierra Leone,SLE,2025,15026.108,469501.44,6310.965,89083.34
Singapore,SGP,2002,0,0,0,0
Singapore,SGP,2003,0,0,0,0
Singapore,SGP,2004,0,0,0,0
Singapore,SGP,2005,0,0,0,0
Singapore,SGP,2006,0,0,0,0
Singapore,SGP,2007,0,0,0,0
Singapore,SGP,2008,0,0,0,0
Singapore,SGP,2009,0,0,0,0
Singapore,SGP,2010,0,0,0,0
Singapore,SGP,2011,0,0,0,0
Singapore,SGP,2012,0,0,0,0
Singapore,SGP,2013,0,0,0,0
Singapore,SGP,2014,0,0,0,0
Singapore,SGP,2015,0,0,0,0
Singapore,SGP,2016,0,0,0,0
Singapore,SGP,2017,0,0,0,0
Singapore,SGP,2018,0,0,0,0
Singapore,SGP,2019,0,0,0,0
Singapore,SGP,2020,0,0,0,0
Singapore,SGP,2021,0,0,0,0
Singapore,SGP,2022,0,0,0,0
Singapore,SGP,2023,0,0,0,0
Singapore,SGP,2024,0,0,0,0
Singapore,SGP,2025,0,0,0,0
Slovakia,SVK,2002,21.466,0,0,5452.331
Slovakia,SVK,2003,0,21.466,42.932,815.703
Slovakia,SVK,2004,0,0,0,2125.122
Slovakia,SVK,2005,21.466,21.466,64.398,944.498
Slovakia,SVK,2006,0,0,0,171.727
Slovakia,SVK,2007,128.795,42.932,279.057,643.976
Slovakia,SVK,2008,21.466,0,0,386.386
Slovakia,SVK,2009,0,0,21.466,257.59
Slovakia,SVK,2010,0,0,0,193.193
Slovakia,SVK,2011,42.932,0,0,1781.667
Slovakia,SVK,2012,64.398,0,64.398,2168.053
Slovakia,SVK,2013,0,0,0,1180.623
Slovakia,SVK,2014,64.398,0,128.795,2039.258
Slovakia,SVK,2015,0,0,0,1180.623
Slovakia,SVK,2016,0,0,0,729.84
Slovakia,SVK,2017,64.398,0,42.932,171.727
Slovakia,SVK,2018,0,0,171.727,0
Slovakia,SVK,2019,0,0,0,42.932
Slovakia,SVK,2020,0,0,0,321.988
Slovakia,SVK,2021,0,0,21.466,321.989
Slovakia,SVK,2022,0,0,0,772.772
Slovakia,SVK,2023,0,0,0,171.727
Slovakia,SVK,2024,0,0,21.466,321.988
Slovakia,SVK,2025,21.466,42.932,0,965.964
Slovenia,SVN,2002,0,0,0,0
Slovenia,SVN,2003,21.466,171.727,558.113,0
Slovenia,SVN,2004,0,0,21.466,0
Slovenia,SVN,2005,0,0,0,0
Slovenia,SVN,2006,0,64.398,429.317,0
Slovenia,SVN,2007,0,0,42.932,0
Slovenia,SVN,2008,0,0,0,0
Slovenia,SVN,2009,0,0,128.795,0
Slovenia,SVN,2010,0,0,0,0
Slovenia,SVN,2011,0,150.261,1481.145,0
Slovenia,SVN,2012,0,257.591,536.647,0
Slovenia,SVN,2013,0,0,21.466,0
Slovenia,SVN,2014,0,0,64.398,0
Slovenia,SVN,2015,0,0,0,0
Slovenia,SVN,2016,21.466,279.056,64.398,0
Slovenia,SVN,2017,0,171.727,0,0
Slovenia,SVN,2018,0,0,150.261,0
Slovenia,SVN,2019,0,0,0,0
Slovenia,SVN,2020,0,0,0,0
Slovenia,SVN,2021,0,0,0,0
Slovenia,SVN,2022,214.658,901.567,2532.972,0
Slovenia,SVN,2023,0,0,0,0
Slovenia,SVN,2024,0,0,21.466,0
Slovenia,SVN,2025,42.932,107.329,64.398,0
Solomon Islands,SLB,2002,0,0,21.466,0
Solomon Islands,SLB,2003,0,0,0,0
Solomon Islands,SLB,2004,0,0,0,0
Solomon Islands,SLB,2005,0,0,0,0
Solomon Islands,SLB,2006,0,0,0,0
Solomon Islands,SLB,2007,0,0,0,0
Solomon Islands,SLB,2008,0,0,0,0
Solomon Islands,SLB,2009,0,0,0,0
Solomon Islands,SLB,2010,0,0,0,0
Solomon Islands,SLB,2011,0,0,0,0
Solomon Islands,SLB,2012,0,0,0,0
Solomon Islands,SLB,2013,0,0,0,0
Solomon Islands,SLB,2014,0,0,0,0
Solomon Islands,SLB,2015,42.932,21.466,21.466,0
Solomon Islands,SLB,2016,0,0,0,0
Solomon Islands,SLB,2017,0,0,0,0
Solomon Islands,SLB,2018,0,0,0,0
Solomon Islands,SLB,2019,0,0,0,0
Solomon Islands,SLB,2020,0,0,0,0
Solomon Islands,SLB,2021,0,0,0,0
Solomon Islands,SLB,2022,0,0,0,0
Solomon Islands,SLB,2023,0,0,0,0
Solomon Islands,SLB,2024,0,0,0,0
Solomon Islands,SLB,2025,0,0,0,0
Somalia,SOM,2002,20521.37,214.659,0,2833.495
Somalia,SOM,2003,132143.88,3391.607,0,5280.603
Somalia,SOM,2004,17816.672,1116.225,0,1631.405
Somalia,SOM,2005,25179.46,214.659,0,1309.419
Somalia,SOM,2006,7255.462,257.59,0,42.932
Somalia,SOM,2007,36513.445,601.044,0,300.523
Somalia,SOM,2008,25415.588,987.43,0,214.66
Somalia,SOM,2009,11999.42,42.932,0,257.59
Somalia,SOM,2010,21895.184,0,0,2382.711
Somalia,SOM,2011,3670.664,0,0,0
Somalia,SOM,2012,66093.41,42.932,0,171.728
Somalia,SOM,2013,70408.05,21.466,0,1567.008
Somalia,SOM,2014,14618.253,21.466,0,708.374
Somalia,SOM,2015,2339.779,64.398,0,21.466
Somalia,SOM,2016,5795.786,21.466,0,128.796
Somalia,SOM,2017,21.466,0,0,0
Somalia,SOM,2018,429.318,0,0,0
Somalia,SOM,2019,2640.301,107.329,0,0
Somalia,SOM,2020,16421.389,472.25,0,0
Somalia,SOM,2021,4894.218,0,0,772.771
Somalia,SOM,2022,1287.952,0,0,0
Somalia,SOM,2023,3305.744,21.466,0,21.466
Somalia,SOM,2024,13330.304,236.124,0,42.932
Somalia,SOM,2025,2854.961,236.125,0,0
South Africa,ZAF,2002,4753337.5,172091.86,18761.172,334910.47
South Africa,ZAF,2003,3249588.8,156271.52,45894.027,331690.6
South Africa,ZAF,2004,2802776.8,104302.66,17194.16,227709.92
South Africa,ZAF,2005,4583134.5,181300.72,68154.13,339182.2
South Africa,ZAF,2006,3325900,123664.87,20414.04,342423.53
South Africa,ZAF,2007,3599332.2,204634.12,74958.81,245226.06
South Africa,ZAF,2008,3631724.2,197657.7,44005.03,308571.84
South Africa,ZAF,2009,3597829.8,192634.69,23419.264,339482.7
South Africa,ZAF,2010,4131127.8,176792.89,34710.31,269933.28
South Africa,ZAF,2011,3958692.2,132358.55,28721.332,329114.7
South Africa,ZAF,2012,3581279.5,204591.19,30331.273,241920.33
South Africa,ZAF,2013,3401631.5,214401.1,29343.848,213198.98
South Africa,ZAF,2014,3400515.5,216912.6,40763.684,239859.6
South Africa,ZAF,2015,2429206.2,108187.98,19770.072,201092.25
South Africa,ZAF,2016,1364907.1,140193.58,24234.965,94235.16
South Africa,ZAF,2017,2703003.5,131156.45,36534.906,222858.64
South Africa,ZAF,2018,2743724.2,151871.02,85112.164,205127.83
South Africa,ZAF,2019,2468467.5,170889.78,38144.848,173272.48
South Africa,ZAF,2020,2631372,117547.09,32778.38,252782.06
South Africa,ZAF,2021,4645922,138948.56,22217.176,376189.34
South Africa,ZAF,2022,3066699.8,98292.2,11698.901,244453.3
South Africa,ZAF,2023,5244261.5,136651.72,16979.504,191861.92
South Africa,ZAF,2024,4082786.5,265039.06,71116.42,281782.44
South Africa,ZAF,2025,2131625,135836.02,25179.465,293975.06
South America,OWID_SAM,2002,11433172,22127124,4283578.5,2080471.9
South America,OWID_SAM,2003,10909555,19618364,3490908,2289957.2
South America,OWID_SAM,2004,11546512,20785356,5702150,2378697.2
South America,OWID_SAM,2005,10780330,22244884,5159085,2127890
South America,OWID_SAM,2006,8534593,14080343,3142109.5,2094016.8
South America,OWID_SAM,2007,15317785,30846428,6865664.5,2744454.2
South America,OWID_SAM,2008,9741662,16258591,2538446.2,2248828.8
South America,OWID_SAM,2009,7483194.5,10135946,1157611.4,2030778.4
South America,OWID_SAM,2010,14855712,29051862,8179182.5,2511871.5
South America,OWID_SAM,2011,8428122,13385986,2020753.9,2115847.8
South America,OWID_SAM,2012,9317367,21115652,2770191.8,1688741.2
South America,OWID_SAM,2013,7347401.5,11237167,1183713.9,1512570.9
South America,OWID_SAM,2014,8814680,14171293,1478311.4,1618462
South America,OWID_SAM,2015,9315950,16356218,2971863.8,1614061.5
South America,OWID_SAM,2016,9954495,15274768,2529967.2,1767392.2
South America,OWID_SAM,2017,10964143,19882308,3330515.2,1771213.1
South America,OWID_SAM,2018,8202408.5,10202899,1402773,1606376.8
South America,OWID_SAM,2019,9917810,18527942,4746597,2002207.2
South America,OWID_SAM,2020,12738511,22291938,5246859,2233952.8
South America,OWID_SAM,2021,8806866,14680163,3556293.2,2059242.1
South America,OWID_SAM,2022,9870972,14895358,3561938.8,1406915.9
South America,OWID_SAM,2023,8564817,13491083,3414768.8,1357887.9
South America,OWID_SAM,2024,12810723,19027044,12809713,2443652.8
South America,OWID_SAM,2025,7549889,9627463,1035105.6,1052621.8
South Korea,KOR,2002,0,686.908,1588.474,3176.948
South Korea,KOR,2003,21.466,3713.594,2210.984,3906.789
South Korea,KOR,2004,579.578,3477.472,1481.145,3670.663
South Korea,KOR,2005,321.988,5559.66,3391.607,493.715
South Korea,KOR,2006,64.398,1116.225,364.92,193.193
South Korea,KOR,2007,21.466,3413.072,1159.159,171.726
South Korea,KOR,2008,0,2747.631,300.522,0
South Korea,KOR,2009,386.385,2726.166,2082.188,493.715
South Korea,KOR,2010,0,107.33,364.92,536.647
South Korea,KOR,2011,729.84,9573.776,2597.368,6568.555
South Korea,KOR,2012,42.932,257.591,622.51,64.398
South Korea,KOR,2013,64.398,386.385,1395.282,2060.723
South Korea,KOR,2014,214.659,3949.72,1116.225,2597.371
South Korea,KOR,2015,64.398,1051.827,85.864,4894.218
South Korea,KOR,2016,85.864,343.454,21.466,2125.12
South Korea,KOR,2017,965.964,5430.864,472.249,1824.599
South Korea,KOR,2018,0,0,21.466,0
South Korea,KOR,2019,42.932,2296.848,643.976,1631.405
South Korea,KOR,2020,171.727,3477.471,858.635,2726.166
South Korea,KOR,2021,0,0,0,0
South Korea,KOR,2022,193.192,3799.458,16571.65,794.237
South Korea,KOR,2023,193.193,923.032,300.523,965.964
South Korea,KOR,2024,21.466,0,0,450.784
South Korea,KOR,2025,837.169,27283.117,68239.99,1051.827
South Sudan,SSD,2002,14690789,18756446,95437.25,1765095.4
South Sudan,SSD,2003,10744633,17864818,226980.08,1771213.1
South Sudan,SSD,2004,12909079,17452566,240932.89,1178282.9
South Sudan,SSD,2005,13293576,19589922,388467.8,1278764.6
South Sudan,SSD,2006,10955556,13230037,118362.8,1247209.9
South Sudan,SSD,2007,12425174,19261988,330424.1,1200607.4
South Sudan,SSD,2008,10890107,19234126,304364.53,1451564.9
South Sudan,SSD,2009,12808554,20002432,160972.55,1219991.1
South Sudan,SSD,2010,8295785,15260686,162668.34,866641.44
South Sudan,SSD,2011,11570596,19013350,317952.44,1101113.1
South Sudan,SSD,2012,12324370,17249176,182352.55,1070567.2
South Sudan,SSD,2013,11618809,16337886,249089.92,749437.8
South Sudan,SSD,2014,10175272,18385580,333579.6,1027356.44
South Sudan,SSD,2015,12666751,17917710,120766.97,892078.5
South Sudan,SSD,2016,11733393,20141444,199010.06,1124747
South Sudan,SSD,2017,8249934,17159964,175934.25,968754.56
South Sudan,SSD,2018,12384839,20979064,214937.73,1169846.9
South Sudan,SSD,2019,6240578.5,10843354,145817.64,841869.9
South Sudan,SSD,2020,9136689,19634980,605616.5,946773.56
South Sudan,SSD,2021,10707196,16231201,361141.75,835236.9
South Sudan,SSD,2022,6473139.5,13905567,311298,654172.3
South Sudan,SSD,2023,8974707,14574658,240482.11,846442.06
South Sudan,SSD,2024,9415316,19061734,500584.03,668382.7
South Sudan,SSD,2025,8480864,17092906,381448.47,601344.8
Spain,ESP,2002,21036.555,25501.45,3434.542,108059.18
Spain,ESP,2003,65878.75,40506.094,15433.965,84575.516
Spain,ESP,2004,55446.34,41450.594,6310.968,96875.46
Spain,ESP,2005,67274.03,94342.49,14618.258,6568.555
Spain,ESP,2006,19190.486,84554.055,26939.664,11784.76
Spain,ESP,2007,40656.355,10561.207,5173.274,28485.207
Spain,ESP,2008,14897.31,7641.849,558.114,9831.366
Spain,ESP,2009,50079.867,27755.367,5473.799,10475.342
Spain,ESP,2010,10303.62,14339.201,815.704,5087.41
Spain,ESP,2011,15433.959,49435.89,3348.679,18610.906
Spain,ESP,2012,113125.125,60447.887,9681.112,21294.14
Spain,ESP,2013,16314.061,13201.511,2382.712,42588.28
Spain,ESP,2014,12514.601,6482.693,1717.271,11999.42
Spain,ESP,2015,32306.133,27261.654,4507.834,18353.316
Spain,ESP,2016,14532.389,27798.3,4185.845,29322.373
Spain,ESP,2017,34216.598,74894.414,11548.641,19126.088
Spain,ESP,2018,5645.523,3284.277,343.455,2940.825
Spain,ESP,2019,28635.469,14553.86,2597.369,5881.648
Spain,ESP,2020,17709.342,27390.45,944.498,9380.584
Spain,ESP,2021,34774.703,9230.325,8092.634,17752.271
Spain,ESP,2022,150819.19,89126.28,32349.066,12042.351
Spain,ESP,2023,12471.671,28914.525,19340.746,665.442
Spain,ESP,2024,15133.438,5216.208,515.181,3799.459
Spain,ESP,2025,93097.47,228268.03,28699.867,19512.473
Sri Lanka,LKA,2002,9037.13,29257.977,386.386,22839.68
Sri Lanka,LKA,2003,6117.774,37565.27,1266.486,25072.139
Sri Lanka,LKA,2004,6869.08,58129.574,279.057,12836.59
Sri Lanka,LKA,2005,11591.568,58623.285,128.796,20349.643
Sri Lanka,LKA,2006,9187.393,25737.574,171.726,2854.961
Sri Lanka,LKA,2007,9766.97,27991.49,107.329,4829.821
Sri Lanka,LKA,2008,6675.886,16979.502,0,16958.037
Sri Lanka,LKA,2009,9981.63,37114.49,42.932,13180.043
Sri Lanka,LKA,2010,2339.781,11140.787,0,14124.541
Sri Lanka,LKA,2011,5752.855,16893.637,0,10840.264
Sri Lanka,LKA,2012,6804.68,32155.867,107.329,17387.354
Sri Lanka,LKA,2013,3949.722,7062.271,0,12042.353
Sri Lanka,LKA,2014,1309.42,11763.297,150.262,11419.84
Sri Lanka,LKA,2015,3176.949,5237.673,0,19104.621
Sri Lanka,LKA,2016,1888.997,13566.429,364.92,16442.855
Sri Lanka,LKA,2017,107.33,2275.382,0,407.852
Sri Lanka,LKA,2018,300.523,2554.438,0,9659.641
Sri Lanka,LKA,2019,214.659,1953.395,0,4057.049
Sri Lanka,LKA,2020,407.851,42.932,0,1309.418
Sri Lanka,LKA,2021,21.466,3863.856,0,579.578
Sri Lanka,LKA,2022,128.795,4615.16,0,1287.95
Sri Lanka,LKA,2023,450.783,5860.183,21.466,3949.72
Sri Lanka,LKA,2024,21.466,236.125,0,965.964
Sri Lanka,LKA,2025,364.92,42.932,0,5001.548
Sudan,SDN,2002,6494884.5,268473.6,85.864,1515382.9
Sudan,SDN,2003,7439855,336820.94,236.125,1628014.2
Sudan,SDN,2004,7748770,382672.03,64.398,1414901.1
Sudan,SDN,2005,8224024.5,384410.75,214.659,1388347.9
Sudan,SDN,2006,6797553.5,353628.7,193.194,1098666
Sudan,SDN,2007,8932806,475318.7,880.101,1150012.4
Sudan,SDN,2008,6834990,476885.72,493.715,960919.56
Sudan,SDN,2009,7187030,280322.75,42.932,1023578.44
Sudan,SDN,2010,5579773,214186.42,214.659,759247.75
Sudan,SDN,2011,4676682.5,386772,21.466,675423.5
Sudan,SDN,2012,7216631.5,214336.69,536.648,819352.1
Sudan,SDN,2013,6391290.5,264738.53,279.057,696266.9
Sudan,SDN,2014,5265985,221012.56,321.989,733982.4
Sudan,SDN,2015,5462741.5,171297.62,321.989,682915.1
Sudan,SDN,2016,5762812.5,329951.84,601.045,760600.06
Sudan,SDN,2017,5299493.5,242070.6,386.386,812118.2
Sudan,SDN,2018,4981605.5,182202.28,729.84,711293
Sudan,SDN,2019,4407028.5,181579.77,901.566,752206.94
Sudan,SDN,2020,6201596.5,214057.62,2468.575,951088.2
Sudan,SDN,2021,5487298,256259.53,2125.121,772341.94
Sudan,SDN,2022,3816287.8,176835.81,214.659,678922.44
Sudan,SDN,2023,6681530.5,269053.2,858.635,981612.6
Sudan,SDN,2024,5429855.5,265811.84,2189.519,697061.1
Sudan,SDN,2025,8343095.5,281074.06,1438.214,943339
Suriname,SUR,2002,16142.333,21036.55,1502.612,5065.945
Suriname,SUR,2003,14510.926,7963.834,4314.639,8736.608
Suriname,SUR,2004,28828.658,15519.822,965.964,6332.431
Suriname,SUR,2005,2747.63,686.908,128.795,2575.904
Suriname,SUR,2006,17322.955,5001.548,407.853,3949.719
Suriname,SUR,2007,1996.325,515.181,150.262,1695.804
Suriname,SUR,2008,6804.68,3820.927,279.058,1781.668
Suriname,SUR,2009,18396.248,13137.113,686.909,6332.43
Suriname,SUR,2010,1266.487,772.771,236.126,2726.165
Suriname,SUR,2011,8221.427,8414.621,193.194,3692.129
Suriname,SUR,2012,20886.29,15026.108,536.648,2618.836
Suriname,SUR,2013,2661.767,1588.474,193.193,8886.869
Suriname,SUR,2014,21659.062,10904.661,343.455,6310.966
Suriname,SUR,2015,17537.613,7942.369,1030.361,10647.07
Suriname,SUR,2016,5903.113,2425.643,450.784,1910.462
Suriname,SUR,2017,17151.227,3949.721,236.125,1438.213
Suriname,SUR,2018,5344.999,1245.02,279.057,8843.937
Suriname,SUR,2019,23698.318,9659.641,1094.76,12986.849
Suriname,SUR,2020,8972.732,3498.937,1202.09,13931.347
Suriname,SUR,2021,493.714,85.864,64.398,2554.439
Suriname,SUR,2022,8951.266,2490.041,21.466,1996.325
Suriname,SUR,2023,20134.984,8414.619,1395.284,13888.416
Suriname,SUR,2024,12235.546,17966.932,12149.68,6246.567
Suriname,SUR,2025,11248.114,2404.177,364.92,1888.997
Svalbard and Jan Mayen,SJM,2002,0,0,0,0
Svalbard and Jan Mayen,SJM,2003,0,0,0,0
Svalbard and Jan Mayen,SJM,2004,0,0,0,0
Svalbard and Jan Mayen,SJM,2005,0,0,0,0
Svalbard and Jan Mayen,SJM,2006,0,0,0,0
Svalbard and Jan Mayen,SJM,2007,0,0,0,0
Svalbard and Jan Mayen,SJM,2008,0,0,0,0
Svalbard and Jan Mayen,SJM,2009,0,0,0,0
Svalbard and Jan Mayen,SJM,2010,0,0,0,0
Svalbard and Jan Mayen,SJM,2011,0,0,0,0
Svalbard and Jan Mayen,SJM,2012,0,0,0,0
Svalbard and Jan Mayen,SJM,2013,0,0,0,0
Svalbard and Jan Mayen,SJM,2014,0,0,0,0
Svalbard and Jan Mayen,SJM,2015,0,0,0,0
Svalbard and Jan Mayen,SJM,2016,0,0,0,0
Svalbard and Jan Mayen,SJM,2017,0,0,0,0
Svalbard and Jan Mayen,SJM,2018,0,0,0,0
Svalbard and Jan Mayen,SJM,2019,0,0,0,0
Svalbard and Jan Mayen,SJM,2020,0,0,0,0
Svalbard and Jan Mayen,SJM,2021,0,0,0,0
Svalbard and Jan Mayen,SJM,2022,0,0,0,0
Svalbard and Jan Mayen,SJM,2023,0,0,0,0
Svalbard and Jan Mayen,SJM,2024,0,0,0,0
Svalbard and Jan Mayen,SJM,2025,0,0,0,0
Sweden,SWE,2002,21.466,64.398,0,214.659
Sweden,SWE,2003,0,0,0,0
Sweden,SWE,2004,0,0,0,42.932
Sweden,SWE,2005,0,0,0,150.261
Sweden,SWE,2006,0,2597.37,558.113,193.193
Sweden,SWE,2007,0,0,0,386.386
Sweden,SWE,2008,0,214.658,0,0
Sweden,SWE,2009,0,0,0,42.932
Sweden,SWE,2010,0,0,0,0
Sweden,SWE,2011,0,0,0,0
Sweden,SWE,2012,0,0,21.466,0
Sweden,SWE,2013,0,0,0,0
Sweden,SWE,2014,0,2812.029,9015.665,0
Sweden,SWE,2015,0,0,0,558.113
Sweden,SWE,2016,0,0,0,0
Sweden,SWE,2017,0,0,0,0
Sweden,SWE,2018,193.193,12085.284,2039.258,150.261
Sweden,SWE,2019,0,0,0,0
Sweden,SWE,2020,0,0,0,0
Sweden,SWE,2021,0,0,0,0
Sweden,SWE,2022,0,0,0,0
Sweden,SWE,2023,0,0,0,0
Sweden,SWE,2024,0,0,0,0
Sweden,SWE,2025,0,0,0,0
Switzerland,CHE,2002,0,64.398,214.659,0
Switzerland,CHE,2003,64.398,64.398,193.193,0
Switzerland,CHE,2004,0,0,0,0
Switzerland,CHE,2005,0,0,0,21.466
Switzerland,CHE,2006,0,0,0,0
Switzerland,CHE,2007,64.398,0,42.932,0
Switzerland,CHE,2008,0,0,0,0
Switzerland,CHE,2009,0,0,171.727,0
Switzerland,CHE,2010,0,0,0,0
Switzerland,CHE,2011,0,0,0,0
Switzerland,CHE,2012,0,0,0,0
Switzerland,CHE,2013,0,0,0,0
Switzerland,CHE,2014,193.194,150.261,364.921,0
Switzerland,CHE,2015,0,0,0,0
Switzerland,CHE,2016,42.932,64.398,64.398,0
Switzerland,CHE,2017,0,64.398,64.398,0
Switzerland,CHE,2018,0,0,21.466,0
Switzerland,CHE,2019,0,0,0,0
Switzerland,CHE,2020,0,0,0,0
Switzerland,CHE,2021,0,0,0,0
Switzerland,CHE,2022,0,0,21.466,0
Switzerland,CHE,2023,21.466,0,0,42.932
Switzerland,CHE,2024,0,0,21.466,0
Switzerland,CHE,2025,0,0,0,0
Syria,SYR,2002,236.126,0,0,30631.795
Syria,SYR,2003,4314.641,21.466,0,46387.74
Syria,SYR,2004,5924.581,472.249,665.442,17602.012
Syria,SYR,2005,193.193,0,0,10303.616
Syria,SYR,2006,665.444,0,0,8157.029
Syria,SYR,2007,4121.448,407.852,1180.623,8264.359
Syria,SYR,2008,0,42.932,0,321.989
Syria,SYR,2009,1159.159,0,0,27111.39
Syria,SYR,2010,1180.624,21.466,0,39647.457
Syria,SYR,2011,965.964,0,0,10003.097
Syria,SYR,2012,7577.453,1008.898,3005.222,13544.963
Syria,SYR,2013,5988.979,429.319,193.193,54931.156
Syria,SYR,2014,1888.998,193.193,21.466,19018.762
Syria,SYR,2015,8071.167,236.126,236.124,107222.01
Syria,SYR,2016,4057.049,429.318,107.329,25179.465
Syria,SYR,2017,1481.145,236.126,0,16958.033
Syria,SYR,2018,1030.362,64.398,0,8028.237
Syria,SYR,2019,181944.69,85.864,21.466,552917.8
Syria,SYR,2020,47353.7,4228.777,601.045,259114.48
Syria,SYR,2021,2747.632,0,0,32070.008
Syria,SYR,2022,64.398,42.932,0,12793.661
Syria,SYR,2023,15798.882,2082.189,772.772,72447.305
Syria,SYR,2024,54480.37,450.784,64.398,99086.445
Syria,SYR,2025,12729.259,5624.058,5967.512,13630.827
Taiwan,TWN,2002,0,0,21.466,0
Taiwan,TWN,2003,21.466,150.261,85.864,1180.623
Taiwan,TWN,2004,0,0,751.306,42.932
Taiwan,TWN,2005,0,171.727,0,1180.623
Taiwan,TWN,2006,0,0,0,0
Taiwan,TWN,2007,0,0,0,0
Taiwan,TWN,2008,21.466,64.398,0,1373.816
Taiwan,TWN,2009,21.466,236.125,21.466,1287.953
Taiwan,TWN,2010,0,279.056,21.466,42.932
Taiwan,TWN,2011,0,0,0,0
Taiwan,TWN,2012,0,0,0,0
Taiwan,TWN,2013,0,193.193,193.193,42.932
Taiwan,TWN,2014,0,0,0,0
Taiwan,TWN,2015,0,21.466,64.398,236.124
Taiwan,TWN,2016,0,42.932,0,0
Taiwan,TWN,2017,0,0,0,21.466
Taiwan,TWN,2018,0,0,0,0
Taiwan,TWN,2019,0,0,0,515.181
Taiwan,TWN,2020,0,0,0,0
Taiwan,TWN,2021,0,21.466,0,858.635
Taiwan,TWN,2022,0,0,0,0
Taiwan,TWN,2023,21.466,21.466,0,837.169
Taiwan,TWN,2024,21.466,193.193,0,0
Taiwan,TWN,2025,0,0,0,85.863
Tajikistan,TJK,2002,4550.763,0,0,2125.12
Tajikistan,TJK,2003,14360.666,0,0,4615.162
Tajikistan,TJK,2004,15906.208,0,0,7491.588
Tajikistan,TJK,2005,3477.47,0,0,1481.145
Tajikistan,TJK,2006,6654.42,0,0,837.169
Tajikistan,TJK,2007,7899.438,0,0,279.056
Tajikistan,TJK,2008,193.193,0,0,85.864
Tajikistan,TJK,2009,2640.302,0,0,364.92
Tajikistan,TJK,2010,4250.242,0,0,708.374
Tajikistan,TJK,2011,1266.487,0,0,429.318
Tajikistan,TJK,2012,1395.282,0,0,429.317
Tajikistan,TJK,2013,8285.825,0,0,1524.077
Tajikistan,TJK,2014,3498.935,0,0,450.783
Tajikistan,TJK,2015,321.988,0,0,128.795
Tajikistan,TJK,2016,1051.827,0,0,214.659
Tajikistan,TJK,2017,257.591,0,0,429.318
Tajikistan,TJK,2018,343.454,0,0,0
Tajikistan,TJK,2019,85.863,0,0,85.864
Tajikistan,TJK,2020,1567.007,42.932,0,686.908
Tajikistan,TJK,2021,1416.747,0,0,2769.096
Tajikistan,TJK,2022,987.43,0,0,85.864
Tajikistan,TJK,2023,171.727,0,0,21.466
Tajikistan,TJK,2024,0,0,0,0
Tajikistan,TJK,2025,2296.849,0,0,1137.692
Tanzania,TZA,2002,3553996.2,7710239,1116139.2,312221.03
Tanzania,TZA,2003,4270763,11088988,1779778,154039.08
Tanzania,TZA,2004,3855677.5,9442921,1555202.1,99429.91
Tanzania,TZA,2005,4047883,11314015,2155216,52827.504
Tanzania,TZA,2006,2197804.2,7528917,1510789.2,47418.105
Tanzania,TZA,2007,4700789,8757967,1504950.5,84275
Tanzania,TZA,2008,3535771.8,8824360,1708017.6,71846.26
Tanzania,TZA,2009,3318301,9638089,1876417.4,61091.863
Tanzania,TZA,2010,4006840.2,9831582,1865276.5,61542.65
Tanzania,TZA,2011,2819756.2,8629987,1556275.4,53943.73
Tanzania,TZA,2012,3290824.8,9392669,1777610,43082.004
Tanzania,TZA,2013,2881470.8,8546013,1297762,40463.164
Tanzania,TZA,2014,2454192.5,7541088,1232784.8,32649.588
Tanzania,TZA,2015,2587302.5,8705633,1692519.2,43618.65
Tanzania,TZA,2016,3116886.8,7793097.5,1592359.5,41794.047
Tanzania,TZA,2017,1658195.4,6870258,1643276.5,37350.613
Tanzania,TZA,2018,2296525.8,5918783.5,1213830.4,27540.709
Tanzania,TZA,2019,2267547,6819727.5,1190561.4,28935.988
Tanzania,TZA,2020,2821838.5,6061961,969742,16764.844
Tanzania,TZA,2021,2769590.5,6032016,1162419.6,25544.387
Tanzania,TZA,2022,2146822.8,5926404,829183.5,33508.227
Tanzania,TZA,2023,2170714.2,5287708.5,728594.44,40978.348
Tanzania,TZA,2024,2801832.2,4656955.5,615082.94,22023.98
Tanzania,TZA,2025,2443760.2,5055684,862970.8,26016.635
Thailand,THA,2002,48534.332,337980.1,194416.38,534392.8
Thailand,THA,2003,77041.01,392610.72,258728.11,749030
Thailand,THA,2004,103894.805,684525.06,706355.9,945550
Thailand,THA,2005,113597.375,529820.56,446060.72,1034633.4
Thailand,THA,2006,75280.8,296228.97,251322.38,474674.72
Thailand,THA,2007,101640.88,708201.9,771311.56,638566.6
Thailand,THA,2008,64075.62,355345.97,325079.1,384711.28
Thailand,THA,2009,64698.125,420945.66,493049.53,434340.38
Thailand,THA,2010,75860.38,490967.34,376318.12,416974.5
Thailand,THA,2011,36341.723,161487.72,192420.05,397719.6
Thailand,THA,2012,66050.48,503288.72,466174.25,652261.9
Thailand,THA,2013,75152.01,301917.44,241813,595398.75
Thailand,THA,2014,60748.41,429596.4,600786.7,462739.72
Thailand,THA,2015,48341.14,366465.28,474374.22,517627.94
Thailand,THA,2016,48255.28,433889.6,482230.72,423736.22
Thailand,THA,2017,41600.86,278584.03,518593.9,452693.7
Thailand,THA,2018,30524.47,151033.86,251665.84,460872.2
Thailand,THA,2019,46237.48,404524.28,751949.4,660397.44
Thailand,THA,2020,52548.445,347403.6,771762.3,521921.1
Thailand,THA,2021,30481.543,181966.17,494745.3,184005.42
Thailand,THA,2022,16464.328,51561.027,63732.164,155498.75
Thailand,THA,2023,46130.156,321172.3,496505.53,246471.1
Thailand,THA,2024,29966.361,222193.2,378572.03,194995.94
Thailand,THA,2025,22689.43,178338.44,273603.94,210022.06
Togo,TGO,2002,342380.6,495883,3456.006,340105.22
Togo,TGO,2003,400767.75,542893.25,4486.366,297280.8
Togo,TGO,2004,294361.44,355904.1,4400.504,187504.34
Togo,TGO,2005,724644.75,1116074.9,8178.496,292386.56
Togo,TGO,2006,428029.4,691737.56,5538.193,165523.3
Togo,TGO,2007,332978.53,327805.25,3241.347,153073.1
Togo,TGO,2008,420022.62,532675.5,708.374,172327.98
Togo,TGO,2009,394006,633457.75,1545.543,156164.19
Togo,TGO,2010,359682.06,444686.9,815.704,141610.33
Togo,TGO,2011,529412.7,1015206.75,2168.054,198237.28
Togo,TGO,2012,306060.34,338366.47,536.648,132938.11
Togo,TGO,2013,389197.66,564187.4,407.852,110527.75
Togo,TGO,2014,320099,324027.28,429.317,85412.69
Togo,TGO,2015,406198.6,854277.1,1330.885,120122.99
Togo,TGO,2016,427428.34,421503.78,1352.351,191217.94
Togo,TGO,2017,393447.88,390764.66,2017.792,160908.14
Togo,TGO,2018,210022.05,390056.28,1137.691,65642.625
Togo,TGO,2019,331068.06,243573.2,4185.845,84124.734
Togo,TGO,2020,353607.22,542657.1,5108.878,74443.63
Togo,TGO,2021,280945.28,335812.03,2125.122,68411.72
Togo,TGO,2022,469973.7,489292.97,2640.303,96338.81
Togo,TGO,2023,239387.36,191561.4,2404.177,58000.773
Togo,TGO,2024,366250.62,208433.58,3413.075,53149.49
Togo,TGO,2025,245140.2,139957.45,944.499,36706.633
Tokelau,TKL,2002,0,0,0,0
Tokelau,TKL,2003,0,0,0,0
Tokelau,TKL,2004,0,0,0,0
Tokelau,TKL,2005,0,0,0,0
Tokelau,TKL,2006,0,0,0,0
Tokelau,TKL,2007,0,0,0,0
Tokelau,TKL,2008,0,0,0,0
Tokelau,TKL,2009,0,0,0,0
Tokelau,TKL,2010,0,0,0,0
Tokelau,TKL,2011,0,0,0,0
Tokelau,TKL,2012,0,0,0,0
Tokelau,TKL,2013,0,0,0,0
Tokelau,TKL,2014,0,0,0,0
Tokelau,TKL,2015,0,0,0,0
Tokelau,TKL,2016,0,0,0,0
Tokelau,TKL,2017,0,0,0,0
Tokelau,TKL,2018,0,0,0,0
Tokelau,TKL,2019,0,0,0,0
Tokelau,TKL,2020,0,0,0,0
Tokelau,TKL,2021,0,0,0,0
Tokelau,TKL,2022,0,0,0,0
Tokelau,TKL,2023,0,0,0,0
Tokelau,TKL,2024,0,0,0,0
Tokelau,TKL,2025,0,0,0,0
Tonga,TON,2002,0,0,0,0
Tonga,TON,2003,0,0,0,0
Tonga,TON,2004,0,0,0,0
Tonga,TON,2005,0,0,0,0
Tonga,TON,2006,0,0,0,0
Tonga,TON,2007,0,0,0,0
Tonga,TON,2008,0,0,0,0
Tonga,TON,2009,0,0,0,0
Tonga,TON,2010,0,0,0,0
Tonga,TON,2011,0,0,0,0
Tonga,TON,2012,0,0,0,0
Tonga,TON,2013,0,0,0,0
Tonga,TON,2014,0,0,0,0
Tonga,TON,2015,0,0,0,0
Tonga,TON,2016,0,0,0,0
Tonga,TON,2017,0,0,0,0
Tonga,TON,2018,0,0,0,0
Tonga,TON,2019,0,0,0,0
Tonga,TON,2020,0,0,0,0
Tonga,TON,2021,0,0,0,0
Tonga,TON,2022,0,0,0,0
Tonga,TON,2023,0,0,0,0
Tonga,TON,2024,0,0,0,0
Tonga,TON,2025,0,0,0,0
Trinidad and Tobago,TTO,2002,0,0,0,0
Trinidad and Tobago,TTO,2003,1159.157,171.728,343.454,343.454
Trinidad and Tobago,TTO,2004,300.523,107.33,0,42.932
Trinidad and Tobago,TTO,2005,880.1,300.523,42.932,150.261
Trinidad and Tobago,TTO,2006,858.635,236.124,21.466,107.329
Trinidad and Tobago,TTO,2007,880.101,536.647,171.727,42.932
Trinidad and Tobago,TTO,2008,257.591,64.398,0,343.454
Trinidad and Tobago,TTO,2009,150.261,236.124,64.398,171.727
Trinidad and Tobago,TTO,2010,2812.031,2618.836,1094.76,0
Trinidad and Tobago,TTO,2011,0,0,0,0
Trinidad and Tobago,TTO,2012,42.932,0,0,0
Trinidad and Tobago,TTO,2013,686.908,643.977,21.466,0
Trinidad and Tobago,TTO,2014,622.51,643.976,21.466,0
Trinidad and Tobago,TTO,2015,429.318,536.647,42.932,21.466
Trinidad and Tobago,TTO,2016,1867.531,1395.283,643.977,0
Trinidad and Tobago,TTO,2017,321.988,429.317,321.988,0
Trinidad and Tobago,TTO,2018,150.261,0,0,0
Trinidad and Tobago,TTO,2019,214.659,214.659,214.659,0
Trinidad and Tobago,TTO,2020,772.772,300.522,0,128.795
Trinidad and Tobago,TTO,2021,150.261,42.932,0,0
Trinidad and Tobago,TTO,2022,0,0,0,0
Trinidad and Tobago,TTO,2023,579.579,708.374,0,85.864
Trinidad and Tobago,TTO,2024,2532.973,1502.611,279.057,128.796
Trinidad and Tobago,TTO,2025,279.056,214.659,0,42.932
Tunisia,TUN,2002,643.977,386.385,107.33,450.784
Tunisia,TUN,2003,536.647,64.398,0,1309.418
Tunisia,TUN,2004,85.864,0,0,2575.904
Tunisia,TUN,2005,107.329,0,0,300.522
Tunisia,TUN,2006,214.659,0,0,150.261
Tunisia,TUN,2007,579.579,64.398,171.727,622.51
Tunisia,TUN,2008,343.454,21.466,0,472.249
Tunisia,TUN,2009,0,0,21.466,1309.419
Tunisia,TUN,2010,128.795,150.261,64.398,4185.843
Tunisia,TUN,2011,2318.314,279.058,321.988,2919.357
Tunisia,TUN,2012,2812.029,257.591,300.523,5516.729
Tunisia,TUN,2013,8307.292,536.647,923.031,3992.652
Tunisia,TUN,2014,6117.772,386.385,965.965,13308.839
Tunisia,TUN,2015,6225.101,214.659,236.125,321.988
Tunisia,TUN,2016,2404.178,64.398,0,3005.222
Tunisia,TUN,2017,8457.551,1245.02,4271.707,2962.291
Tunisia,TUN,2018,107.329,21.466,0,815.703
Tunisia,TUN,2019,2339.78,300.522,214.659,3606.265
Tunisia,TUN,2020,13824.018,321.99,257.59,4507.832
Tunisia,TUN,2021,16399.922,729.84,1266.486,6697.351
Tunisia,TUN,2022,3048.154,236.126,1674.338,3262.81
Tunisia,TUN,2023,751.306,601.045,987.429,2060.723
Tunisia,TUN,2024,85.864,107.33,171.728,64.398
Tunisia,TUN,2025,214.659,643.975,321.988,4958.617
Turkey,TUR,2002,27905.629,1888.995,150.261,361528.12
Turkey,TUR,2003,16206.737,1609.942,579.579,327719.4
Turkey,TUR,2004,22324.508,1373.816,536.648,384067.3
Turkey,TUR,2005,12986.852,1309.419,450.784,387780.9
Turkey,TUR,2006,37844.33,3756.53,2726.166,538213.7
Turkey,TUR,2007,26274.225,2490.045,1695.803,375309.22
Turkey,TUR,2008,37779.93,4958.616,5194.74,194480.77
Turkey,TUR,2009,46902.93,923.034,643.976,1277884.5
Turkey,TUR,2010,69270.36,579.58,85.864,720566.25
Turkey,TUR,2011,54265.715,686.909,1330.885,924148.5
Turkey,TUR,2012,24664.281,1395.281,1459.679,250313.48
Turkey,TUR,2013,31640.691,2468.577,794.237,576508.8
Turkey,TUR,2014,9702.573,1266.487,236.125,349958.03
Turkey,TUR,2015,68926.91,1180.623,429.318,919941.2
Turkey,TUR,2016,80497.01,1867.531,214.659,721188.75
Turkey,TUR,2017,32799.848,2125.123,1674.338,446769.1
Turkey,TUR,2018,30631.799,386.386,193.194,298375.56
Turkey,TUR,2019,43554.254,3541.869,4421.968,349936.56
Turkey,TUR,2020,34302.46,8650.748,5065.948,436551.34
Turkey,TUR,2021,87902.734,63839.492,26424.484,467612.47
Turkey,TUR,2022,9788.441,6482.692,665.443,319669.7
Turkey,TUR,2023,17924.008,3777.995,665.441,435413.66
Turkey,TUR,2024,42845.875,7577.454,1717.271,492255.28
Turkey,TUR,2025,49521.76,54287.184,19061.691,302582.88
Turkmenistan,TKM,2002,80110.62,0,0,20993.62
Turkmenistan,TKM,2003,307777.6,0,0,79466.64
Turkmenistan,TKM,2004,234364.34,0,0,34560.047
Turkmenistan,TKM,2005,113425.65,0,0,40162.64
Turkmenistan,TKM,2006,53020.69,0,0,21465.865
Turkmenistan,TKM,2007,138390.45,0,0,45228.582
Turkmenistan,TKM,2008,22023.98,0,0,5838.717
Turkmenistan,TKM,2009,54587.7,0,0,34216.594
Turkmenistan,TKM,2010,274247.9,0,0,18288.92
Turkmenistan,TKM,2011,23698.32,0,0,7899.44
Turkmenistan,TKM,2012,68862.51,0,0,20564.3
Turkmenistan,TKM,2013,65900.21,0,0,32628.117
Turkmenistan,TKM,2014,109991.11,0,0,80046.22
Turkmenistan,TKM,2015,106427.766,0,0,16185.261
Turkmenistan,TKM,2016,118341.33,0,0,17108.297
Turkmenistan,TKM,2017,46516.535,0,0,17322.955
Turkmenistan,TKM,2018,20156.451,0,0,13523.497
Turkmenistan,TKM,2019,323082.78,0,0,35568.94
Turkmenistan,TKM,2020,143885.7,0,0,65084.51
Turkmenistan,TKM,2021,47482.5,0,0,15970.606
Turkmenistan,TKM,2022,13158.58,0,0,2661.765
Turkmenistan,TKM,2023,11913.557,0,0,10754.399
Turkmenistan,TKM,2024,7019.339,0,0,8586.348
Turkmenistan,TKM,2025,48448.46,0,0,12063.816
Turks and Caicos Islands,TCA,2002,0,0,0,0
Turks and Caicos Islands,TCA,2003,0,0,0,0
Turks and Caicos Islands,TCA,2004,0,0,0,0
Turks and Caicos Islands,TCA,2005,0,0,0,0
Turks and Caicos Islands,TCA,2006,0,0,0,0
Turks and Caicos Islands,TCA,2007,0,0,0,0
Turks and Caicos Islands,TCA,2008,0,0,0,0
Turks and Caicos Islands,TCA,2009,279.057,150.261,0,0
Turks and Caicos Islands,TCA,2010,0,0,0,0
Turks and Caicos Islands,TCA,2011,0,0,0,0
Turks and Caicos Islands,TCA,2012,0,0,0,0
Turks and Caicos Islands,TCA,2013,0,0,0,0
Turks and Caicos Islands,TCA,2014,0,0,0,0
Turks and Caicos Islands,TCA,2015,0,0,0,0
Turks and Caicos Islands,TCA,2016,0,0,0,0
Turks and Caicos Islands,TCA,2017,0,0,0,0
Turks and Caicos Islands,TCA,2018,0,0,0,0
Turks and Caicos Islands,TCA,2019,0,0,0,0
Turks and Caicos Islands,TCA,2020,0,0,0,0
Turks and Caicos Islands,TCA,2021,0,0,0,0
Turks and Caicos Islands,TCA,2022,0,0,0,0
Turks and Caicos Islands,TCA,2023,0,0,0,0
Turks and Caicos Islands,TCA,2024,0,0,0,0
Turks and Caicos Islands,TCA,2025,0,0,0,0
Tuvalu,TUV,2002,0,0,0,0
Tuvalu,TUV,2003,0,0,0,0
Tuvalu,TUV,2004,0,0,0,0
Tuvalu,TUV,2005,0,0,0,0
Tuvalu,TUV,2006,0,0,0,0
Tuvalu,TUV,2007,0,0,0,0
Tuvalu,TUV,2008,0,0,0,0
Tuvalu,TUV,2009,0,0,0,0
Tuvalu,TUV,2010,0,0,0,0
Tuvalu,TUV,2011,0,0,0,0
Tuvalu,TUV,2012,0,0,0,0
Tuvalu,TUV,2013,0,0,0,0
Tuvalu,TUV,2014,0,0,0,0
Tuvalu,TUV,2015,0,0,0,0
Tuvalu,TUV,2016,0,0,0,0
Tuvalu,TUV,2017,0,0,0,0
Tuvalu,TUV,2018,0,0,0,0
Tuvalu,TUV,2019,0,0,0,0
Tuvalu,TUV,2020,0,0,0,0
Tuvalu,TUV,2021,0,0,0,0
Tuvalu,TUV,2022,0,0,0,0
Tuvalu,TUV,2023,0,0,0,0
Tuvalu,TUV,2024,0,0,0,0
Tuvalu,TUV,2025,0,0,0,0
Uganda,UGA,2002,544825.2,1235189,9337.654,918395.7
Uganda,UGA,2003,888150.25,2141950,13695.226,1389034.8
Uganda,UGA,2004,467505.12,1601718.6,9487.918,1098709
Uganda,UGA,2005,1024115.06,3040146.5,15584.226,1494432.2
Uganda,UGA,2006,216011.03,409869.28,7040.807,389970.4
Uganda,UGA,2007,1185817.5,2603702.5,4980.083,699250.6
Uganda,UGA,2008,752206.94,1818309.2,11763.301,766181.2
Uganda,UGA,2009,570820.4,981741.44,3649.2,352405.16
Uganda,UGA,2010,1063762.5,1620715.9,5108.88,614331.6
Uganda,UGA,2011,450954.94,853998.06,4228.778,443549.22
Uganda,UGA,2012,1260905,1521200.1,13180.048,715049.5
Uganda,UGA,2013,669928.25,1385729.1,7276.93,616456.8
Uganda,UGA,2014,515653.06,1109141.4,12106.754,499167.28
Uganda,UGA,2015,696996.75,1171628.5,10024.562,552939.25
Uganda,UGA,2016,651811.06,1912737.6,7169.604,947739.5
Uganda,UGA,2017,464864.84,1383196.1,11376.915,592822.9
Uganda,UGA,2018,734562,985047.2,8242.897,450461.22
Uganda,UGA,2019,140622.9,501871.97,14789.985,359188.38
Uganda,UGA,2020,1089865,1068291.9,1781.669,418434.16
Uganda,UGA,2021,807996.7,1132646.5,2919.362,582948.56
Uganda,UGA,2022,778545.56,797521.4,3563.336,403558.3
Uganda,UGA,2023,487876.25,938165.75,2339.783,487640.12
Uganda,UGA,2024,581639.1,753151.44,4743.958,327182.75
Uganda,UGA,2025,649943.56,789664.9,2769.098,357192.03
Ukraine,UKR,2002,52269.39,79037.33,10174.826,2043486.1
Ukraine,UKR,2003,16142.332,31211.373,7877.976,402399.16
Ukraine,UKR,2004,24814.545,8049.707,2554.442,1105363.4
Ukraine,UKR,2005,83008.51,86571.85,19233.418,2804021.8
Ukraine,UKR,2006,70021.66,51797.145,8629.279,1586671
Ukraine,UKR,2007,160264.17,77255.66,5538.199,2141563.8
Ukraine,UKR,2008,84596.984,55897.12,3520.406,4408123
Ukraine,UKR,2009,58000.777,90564.49,24471.096,2273256.8
Ukraine,UKR,2010,36642.242,61864.637,18224.523,1163793.5
Ukraine,UKR,2011,53535.875,50938.51,10496.811,1132539.1
Ukraine,UKR,2012,52741.64,168829.05,12557.53,428372.84
Ukraine,UKR,2013,11505.711,40312.906,21701.992,636763.5
Ukraine,UKR,2014,137574.75,180463.55,39497.203,2495192.5
Ukraine,UKR,2015,112202.09,247673.19,49564.69,2231806.2
Ukraine,UKR,2016,37050.086,19705.674,3241.349,1468329.8
Ukraine,UKR,2017,89061.89,63453.11,6890.547,2291910.8
Ukraine,UKR,2018,71137.88,123063.82,19147.555,903326.6
Ukraine,UKR,2019,66265.13,63066.723,35268.42,1932314.5
Ukraine,UKR,2020,112030.37,161380.39,52827.508,896049.7
Ukraine,UKR,2021,14038.678,16013.543,2189.519,585631.8
Ukraine,UKR,2022,78608.01,72726.37,11913.56,666128.8
Ukraine,UKR,2023,69034.234,19104.625,4507.834,520418.5
Ukraine,UKR,2024,179862.5,90263.98,24170.572,951281.4
Ukraine,UKR,2025,182116.42,121969.06,11505.709,874390.6
United Arab Emirates,ARE,2002,0,0,0,0
United Arab Emirates,ARE,2003,0,0,0,0
United Arab Emirates,ARE,2004,0,0,0,0
United Arab Emirates,ARE,2005,0,0,0,0
United Arab Emirates,ARE,2006,0,0,0,0
United Arab Emirates,ARE,2007,0,0,0,0
United Arab Emirates,ARE,2008,0,0,0,0
United Arab Emirates,ARE,2009,0,0,0,0
United Arab Emirates,ARE,2010,0,0,0,0
United Arab Emirates,ARE,2011,0,0,0,0
United Arab Emirates,ARE,2012,0,0,0,0
United Arab Emirates,ARE,2013,0,0,0,0
United Arab Emirates,ARE,2014,0,0,0,0
United Arab Emirates,ARE,2015,0,0,0,0
United Arab Emirates,ARE,2016,0,0,0,0
United Arab Emirates,ARE,2017,0,0,0,0
United Arab Emirates,ARE,2018,0,0,0,0
United Arab Emirates,ARE,2019,0,0,0,0
United Arab Emirates,ARE,2020,0,0,0,0
United Arab Emirates,ARE,2021,0,0,0,0
United Arab Emirates,ARE,2022,0,0,0,0
United Arab Emirates,ARE,2023,0,0,0,0
United Arab Emirates,ARE,2024,0,0,0,0
United Arab Emirates,ARE,2025,0,0,0,0
United Kingdom,GBR,2002,0,0,0,0
United Kingdom,GBR,2003,2790.563,18181.59,321.989,643.976
United Kingdom,GBR,2004,0,0,0,493.715
United Kingdom,GBR,2005,257.59,1803.133,21.466,107.33
United Kingdom,GBR,2006,128.796,1287.952,107.329,3885.322
United Kingdom,GBR,2007,1180.623,13502.031,386.386,0
United Kingdom,GBR,2008,0,0,0,0
United Kingdom,GBR,2009,64.398,1760.201,42.932,0
United Kingdom,GBR,2010,1030.362,2661.768,64.398,0
United Kingdom,GBR,2011,386.386,5087.412,85.864,794.237
United Kingdom,GBR,2012,751.305,4851.286,128.796,85.863
United Kingdom,GBR,2013,0,0,0,0
United Kingdom,GBR,2014,0,0,0,0
United Kingdom,GBR,2015,21.466,2296.849,0,965.964
United Kingdom,GBR,2016,0,579.578,0,0
United Kingdom,GBR,2017,128.795,751.306,42.932,0
United Kingdom,GBR,2018,579.579,5409.399,236.126,343.454
United Kingdom,GBR,2019,1824.598,12321.408,386.386,42.932
United Kingdom,GBR,2020,472.25,3176.949,85.864,42.932
United Kingdom,GBR,2021,0,0,0,0
United Kingdom,GBR,2022,2361.246,2382.712,64.398,2575.905
United Kingdom,GBR,2023,1738.736,880.1,128.795,21.466
United Kingdom,GBR,2024,0,0,0,0
United Kingdom,GBR,2025,3219.88,14467.995,579.579,407.852
United States,USA,2002,1070524.2,727070.4,271350.03,379087.22
United States,USA,2003,1120861.8,578204.6,280344.25,826908.1
United States,USA,2004,735055.7,2140769.5,270748.97,803982.6
United States,USA,2005,1822731.2,1594055.4,212769.7,633672.4
United States,USA,2006,2210297.5,657864.44,226679.56,655524.7
United States,USA,2007,1781709.9,1028236.5,366229.2,837812.8
United States,USA,2008,1326397.4,444965.97,396646.3,651746.7
United States,USA,2009,1244483.6,986184.9,222429.33,612228
United States,USA,2010,803403,474181.03,173208.1,966522.1
United States,USA,2011,2458528.8,855565.06,271092.44,681283.7
United States,USA,2012,2270444.8,733381.4,232196.3,447971.2
United States,USA,2013,683172.7,687551.75,267614.97,488219.7
United States,USA,2014,1224563.4,432494.3,257998.27,437839.3
United States,USA,2015,1084369.8,1561620.4,495110.22,936190.9
United States,USA,2016,1532126.2,557361.25,250055.89,619354.7
United States,USA,2017,2057761,857883.4,455570.12,522844.16
United States,USA,2018,1966574,774037.7,420194.38,523810.1
United States,USA,2019,971416.4,846313.3,227688.47,739756.75
United States,USA,2020,2347013.5,991551.4,895792.1,712301.9
United States,USA,2021,1367633.4,1201358.8,621265.1,646873.94
United States,USA,2022,1446219.9,971094.4,343732.94,697941.2
United States,USA,2023,647303.25,428222.6,260295.11,662522.56
United States,USA,2024,2240564.2,672847.6,298804.88,591599.3
United States,USA,2025,1133054.4,683859.6,257096.7,474674.75
United States Minor Outlying Islands,UMI,2002,0,0,0,0
United States Minor Outlying Islands,UMI,2003,0,0,0,0
United States Minor Outlying Islands,UMI,2004,0,0,0,0
United States Minor Outlying Islands,UMI,2005,0,0,0,0
United States Minor Outlying Islands,UMI,2006,0,0,0,0
United States Minor Outlying Islands,UMI,2007,0,0,0,0
United States Minor Outlying Islands,UMI,2008,0,0,0,0
United States Minor Outlying Islands,UMI,2009,0,0,0,0
United States Minor Outlying Islands,UMI,2010,0,0,0,0
United States Minor Outlying Islands,UMI,2011,0,0,0,0
United States Minor Outlying Islands,UMI,2012,0,0,0,0
United States Minor Outlying Islands,UMI,2013,0,0,0,0
United States Minor Outlying Islands,UMI,2014,0,0,0,0
United States Minor Outlying Islands,UMI,2015,0,0,0,0
United States Minor Outlying Islands,UMI,2016,0,0,0,0
United States Minor Outlying Islands,UMI,2017,0,0,0,0
United States Minor Outlying Islands,UMI,2018,0,0,0,0
United States Minor Outlying Islands,UMI,2019,0,0,0,0
United States Minor Outlying Islands,UMI,2020,0,0,0,0
United States Minor Outlying Islands,UMI,2021,0,0,0,0
United States Minor Outlying Islands,UMI,2022,0,0,0,0
United States Minor Outlying Islands,UMI,2023,0,0,0,0
United States Minor Outlying Islands,UMI,2024,0,0,0,0
United States Minor Outlying Islands,UMI,2025,0,0,0,0
United States Virgin Islands,VIR,2002,0,0,0,0
United States Virgin Islands,VIR,2003,0,0,0,0
United States Virgin Islands,VIR,2004,0,0,0,0
United States Virgin Islands,VIR,2005,0,0,0,0
United States Virgin Islands,VIR,2006,0,0,0,0
United States Virgin Islands,VIR,2007,0,0,0,0
United States Virgin Islands,VIR,2008,0,0,0,0
United States Virgin Islands,VIR,2009,0,0,0,0
United States Virgin Islands,VIR,2010,0,0,0,0
United States Virgin Islands,VIR,2011,0,0,0,0
United States Virgin Islands,VIR,2012,0,0,0,0
United States Virgin Islands,VIR,2013,0,0,0,0
United States Virgin Islands,VIR,2014,0,0,0,0
United States Virgin Islands,VIR,2015,0,0,0,0
United States Virgin Islands,VIR,2016,0,0,0,0
United States Virgin Islands,VIR,2017,0,0,0,0
United States Virgin Islands,VIR,2018,0,0,0,0
United States Virgin Islands,VIR,2019,0,0,0,0
United States Virgin Islands,VIR,2020,0,0,0,0
United States Virgin Islands,VIR,2021,0,0,0,0
United States Virgin Islands,VIR,2022,0,0,0,0
United States Virgin Islands,VIR,2023,0,0,0,0
United States Virgin Islands,VIR,2024,0,0,21.466,0
United States Virgin Islands,VIR,2025,0,0,0,0
Uruguay,URY,2002,13480.57,12385.81,107.33,3928.258
Uruguay,URY,2003,19340.752,14789.989,85.864,2812.029
Uruguay,URY,2004,21272.68,22947.018,1567.01,3498.936
Uruguay,URY,2005,7212.533,25587.316,579.578,880.102
Uruguay,URY,2006,9595.246,11591.569,85.864,2640.305
Uruguay,URY,2007,10410.945,11076.396,128.795,987.431
Uruguay,URY,2008,19083.162,22023.98,965.965,3863.858
Uruguay,URY,2009,13695.229,14017.219,128.796,1931.93
Uruguay,URY,2010,21444.404,10840.265,601.045,2704.7
Uruguay,URY,2011,10861.735,8650.746,1373.816,1524.079
Uruguay,URY,2012,17644.945,11870.625,214.66,5752.853
Uruguay,URY,2013,6997.875,6203.638,42.932,1996.328
Uruguay,URY,2014,3091.089,2747.634,107.33,1695.804
Uruguay,URY,2015,15863.28,10797.337,150.262,5430.866
Uruguay,URY,2016,8242.896,6160.706,42.932,2425.644
Uruguay,URY,2017,5881.651,4829.824,171.727,3863.858
Uruguay,URY,2018,6418.299,6783.22,343.455,2275.384
Uruguay,URY,2019,8307.294,8114.1,1137.692,6182.173
Uruguay,URY,2020,12600.471,14339.208,364.921,5409.401
Uruguay,URY,2021,8114.101,8715.145,3477.471,4679.561
Uruguay,URY,2022,9080.061,17795.203,6268.034,6396.832
Uruguay,URY,2023,7212.534,8199.963,257.591,5709.923
Uruguay,URY,2024,2404.179,3477.473,85.864,1567.008
Uruguay,URY,2025,10561.208,9659.646,236.126,3541.868
Uzbekistan,UZB,2002,24664.283,0,0,5001.548
Uzbekistan,UZB,2003,28935.988,0,0,27411.912
Uzbekistan,UZB,2004,47074.645,0,0,16807.777
Uzbekistan,UZB,2005,53471.477,21.466,0,18009.861
Uzbekistan,UZB,2006,31962.676,0,0,15176.37
Uzbekistan,UZB,2007,28571.068,0,0,7040.803
Uzbekistan,UZB,2008,36620.773,0,0,4250.241
Uzbekistan,UZB,2009,50766.773,0,0,3799.459
Uzbekistan,UZB,2010,2210.986,0,0,3606.267
Uzbekistan,UZB,2011,28270.549,0,0,11634.499
Uzbekistan,UZB,2012,65578.23,0,0,6890.543
Uzbekistan,UZB,2013,36534.906,472.249,0,15884.744
Uzbekistan,UZB,2014,61091.86,42.932,0,8822.471
Uzbekistan,UZB,2015,34238.06,0,0,7813.577
Uzbekistan,UZB,2016,20349.643,0,0,11527.17
Uzbekistan,UZB,2017,28463.74,0,0,11806.229
Uzbekistan,UZB,2018,53686.133,0,0,24063.238
Uzbekistan,UZB,2019,50187.2,0,0,4872.752
Uzbekistan,UZB,2020,28635.467,0,0,14103.075
Uzbekistan,UZB,2021,70665.63,0,0,13974.279
Uzbekistan,UZB,2022,24836.008,0,0,2125.12
Uzbekistan,UZB,2023,18567.975,0,0,9423.515
Uzbekistan,UZB,2024,558.113,0,0,5216.206
Uzbekistan,UZB,2025,12922.453,21.466,0,8221.428
Vanuatu,VUT,2002,0,0,0,0
Vanuatu,VUT,2003,321.988,42.932,558.113,0
Vanuatu,VUT,2004,0,0,0,0
Vanuatu,VUT,2005,0,0,558.113,0
Vanuatu,VUT,2006,0,0,0,0
Vanuatu,VUT,2007,0,0,0,0
Vanuatu,VUT,2008,0,0,0,0
Vanuatu,VUT,2009,0,0,0,0
Vanuatu,VUT,2010,0,0,0,0
Vanuatu,VUT,2011,0,0,0,0
Vanuatu,VUT,2012,0,0,0,0
Vanuatu,VUT,2013,0,0,0,0
Vanuatu,VUT,2014,0,0,0,0
Vanuatu,VUT,2015,0,21.466,751.305,0
Vanuatu,VUT,2016,0,0,0,0
Vanuatu,VUT,2017,257.59,171.727,2082.189,0
Vanuatu,VUT,2018,0,0,0,0
Vanuatu,VUT,2019,0,0,0,0
Vanuatu,VUT,2020,0,0,0,0
Vanuatu,VUT,2021,0,0,0,0
Vanuatu,VUT,2022,0,0,0,0
Vanuatu,VUT,2023,0,0,0,0
Vanuatu,VUT,2024,0,0,0,0
Vanuatu,VUT,2025,0,0,0,0
Venezuela,VEN,2002,819373.6,916356.44,12106.753,39776.258
Venezuela,VEN,2003,1232376.9,1917052.2,256152.19,61607.04
Venezuela,VEN,2004,1316201.1,1138399.4,23032.879,41643.785
Venezuela,VEN,2005,1522058.8,1344750.8,50745.316,77792.305
Venezuela,VEN,2006,1420933.1,1134492.5,33100.375,43983.566
Venezuela,VEN,2007,1537428.4,1302677.6,85391.23,47525.438
Venezuela,VEN,2008,1333159.1,1170276.1,29515.572,54952.625
Venezuela,VEN,2009,1710722.2,967981.8,16099.407,54351.58
Venezuela,VEN,2010,1148338,1242358.5,177587.12,45786.695
Venezuela,VEN,2011,992367.06,556373.8,10561.211,34409.785
Venezuela,VEN,2012,1021066.94,699937.56,9573.778,49070.977
Venezuela,VEN,2013,1377915.5,1121097.9,52419.652,55446.34
Venezuela,VEN,2014,1499262,1225100,40033.844,97390.64
Venezuela,VEN,2015,1424432,872437.25,47418.105,43318.12
Venezuela,VEN,2016,1361064.8,1104805.2,114456.01,41429.125
Venezuela,VEN,2017,1406787.1,783611.5,15197.839,51174.633
Venezuela,VEN,2018,1847417,1260110.9,36749.57,74529.49
Venezuela,VEN,2019,1823289.2,1494904.5,125596.8,79702.77
Venezuela,VEN,2020,2257007.2,2124434,137488.89,80604.336
Venezuela,VEN,2021,1402171.9,881946.6,11870.628,61607.043
Venezuela,VEN,2022,1645144.1,1380813.4,25544.387,90328.37
Venezuela,VEN,2023,1913360.1,1310126.2,34173.67,93548.25
Venezuela,VEN,2024,2661789,2112606.2,328298.97,62165.156
Venezuela,VEN,2025,1686573.2,1149347,28399.348,49908.145
Vietnam,VNM,2002,9981.631,213542.45,121754.4,64783.99
Vietnam,VNM,2003,18847.035,358737.6,219917.83,269289.3
Vietnam,VNM,2004,18031.334,452736.62,245290.47,318703.75
Vietnam,VNM,2005,25737.586,390077.75,210708.97,426848.78
Vietnam,VNM,2006,10046.03,261776.27,111515.195,126176.375
Vietnam,VNM,2007,17580.553,513892.88,282512.28,264051.62
Vietnam,VNM,2008,10217.756,217749.77,92539.36,412509.6
Vietnam,VNM,2009,16056.474,283907.56,114520.414,338430.88
Vietnam,VNM,2010,25200.932,377133.84,174989.77,666257.6
Vietnam,VNM,2011,21401.47,253082.58,114391.62,274097.66
Vietnam,VNM,2012,25759.049,379216.03,146161.1,549805.25
Vietnam,VNM,2013,18396.248,160736.42,69527.95,797843.4
Vietnam,VNM,2014,27132.861,298139.44,126863.29,705518.7
Vietnam,VNM,2015,43039.066,306103.28,107501.07,972468.2
Vietnam,VNM,2016,29687.3,202122.62,135170.56,796319.25
Vietnam,VNM,2017,13995.748,159427,63646.305,343711.47
Vietnam,VNM,2018,19126.092,188878.17,76439.95,493929.62
Vietnam,VNM,2019,22625.027,160500.31,89598.54,696610.3
Vietnam,VNM,2020,27411.914,166789.8,92088.58,788076.4
Vietnam,VNM,2021,19147.56,131349.66,77792.31,460185.28
Vietnam,VNM,2022,9080.064,82493.33,57077.742,137360.08
Vietnam,VNM,2023,26617.682,157409.22,98700.06,557382.75
Vietnam,VNM,2024,33637.016,98099.02,87215.83,732587.1
Vietnam,VNM,2025,22925.55,112330.89,77298.59,477400.9
Wallis and Futuna,WLF,2002,0,0,0,0
Wallis and Futuna,WLF,2003,0,0,0,0
Wallis and Futuna,WLF,2004,0,0,0,0
Wallis and Futuna,WLF,2005,0,0,0,0
Wallis and Futuna,WLF,2006,0,0,0,0
Wallis and Futuna,WLF,2007,0,0,0,0
Wallis and Futuna,WLF,2008,0,0,0,0
Wallis and Futuna,WLF,2009,0,0,0,0
Wallis and Futuna,WLF,2010,0,0,0,0
Wallis and Futuna,WLF,2011,0,0,0,0
Wallis and Futuna,WLF,2012,0,0,0,0
Wallis and Futuna,WLF,2013,0,0,0,0
Wallis and Futuna,WLF,2014,0,0,0,0
Wallis and Futuna,WLF,2015,0,0,0,0
Wallis and Futuna,WLF,2016,0,0,0,0
Wallis and Futuna,WLF,2017,0,0,0,0
Wallis and Futuna,WLF,2018,0,0,0,0
Wallis and Futuna,WLF,2019,0,0,0,0
Wallis and Futuna,WLF,2020,0,0,0,0
Wallis and Futuna,WLF,2021,0,0,0,0
Wallis and Futuna,WLF,2022,0,0,0,0
Wallis and Futuna,WLF,2023,0,0,0,0
Wallis and Futuna,WLF,2024,0,0,0,0
Wallis and Futuna,WLF,2025,0,0,0,0
Western Sahara,ESH,2002,0,0,0,0
Western Sahara,ESH,2003,0,0,0,0
Western Sahara,ESH,2004,0,0,0,0
Western Sahara,ESH,2005,0,0,0,0
Western Sahara,ESH,2006,0,0,0,0
Western Sahara,ESH,2007,0,0,0,0
Western Sahara,ESH,2008,0,0,0,0
Western Sahara,ESH,2009,0,0,0,0
Western Sahara,ESH,2010,0,0,0,0
Western Sahara,ESH,2011,0,0,0,0
Western Sahara,ESH,2012,0,0,0,0
Western Sahara,ESH,2013,0,0,0,0
Western Sahara,ESH,2014,0,0,0,0
Western Sahara,ESH,2015,0,0,0,0
Western Sahara,ESH,2016,0,0,0,0
Western Sahara,ESH,2017,0,0,0,0
Western Sahara,ESH,2018,0,0,0,0
Western Sahara,ESH,2019,0,0,0,0
Western Sahara,ESH,2020,0,0,0,0
Western Sahara,ESH,2021,0,0,0,0
Western Sahara,ESH,2022,0,0,0,0
Western Sahara,ESH,2023,0,0,0,0
Western Sahara,ESH,2024,0,0,0,0
Western Sahara,ESH,2025,0,0,0,0
World,OWID_WRL,2002,212980370,184240030,25253800,40428320
World,OWID_WRL,2003,155429980,208582290,34195236,39463388
World,OWID_WRL,2004,194898990,189205890,36613364,39681200
World,OWID_WRL,2005,170008940,207298820,35332988,43875204
World,OWID_WRL,2006,183751040,176616160,31350600,38659212
World,OWID_WRL,2007,191679700,196677840,36855220,37985440
World,OWID_WRL,2008,159760510,190580620,31068322,41615492
World,OWID_WRL,2009,145463340,170452580,30055112,35340010
World,OWID_WRL,2010,156273740,185733740,40843772,32821548
World,OWID_WRL,2011,217540620,176255700,32444586,31954778
World,OWID_WRL,2012,206551410,181357400,35888676,30060866
World,OWID_WRL,2013,131492650,167592740,30350740,25908036
World,OWID_WRL,2014,147489620,171396370,31086892,30896832
World,OWID_WRL,2015,146678670,173593440,33364892,30418744
World,OWID_WRL,2016,127826770,174357500,32861130,30002048
World,OWID_WRL,2017,156923630,165588670,32823200,31598014
World,OWID_WRL,2018,143486510,157802300,28389468,23796738
World,OWID_WRL,2019,121664584,158796420,35679664,28282848
World,OWID_WRL,2020,119396936,168139840,33877560,27265344
World,OWID_WRL,2021,137935790,157443660,29652928,26794598
World,OWID_WRL,2022,123562550,155113650,24251472,27059508
World,OWID_WRL,2023,178454660,154088600,25527552,24709682
World,OWID_WRL,2024,138900600,165234900,35336490,25474490
World,OWID_WRL,2025,143247360,142168860,24596578,22486914
Yemen,YEM,2002,0,0,0,0
Yemen,YEM,2003,0,0,0,0
Yemen,YEM,2004,0,0,0,0
Yemen,YEM,2005,0,0,0,0
Yemen,YEM,2006,0,0,0,0
Yemen,YEM,2007,21.466,0,0,0
Yemen,YEM,2008,0,0,0,0
Yemen,YEM,2009,0,0,0,0
Yemen,YEM,2010,0,0,0,0
Yemen,YEM,2011,0,0,0,0
Yemen,YEM,2012,0,0,0,0
Yemen,YEM,2013,107.329,0,0,0
Yemen,YEM,2014,42.932,0,0,0
Yemen,YEM,2015,0,0,0,0
Yemen,YEM,2016,64.398,0,0,0
Yemen,YEM,2017,0,0,0,0
Yemen,YEM,2018,0,0,0,0
Yemen,YEM,2019,0,0,0,0
Yemen,YEM,2020,0,0,0,0
Yemen,YEM,2021,85.864,0,0,0
Yemen,YEM,2022,364.92,0,0,0
Yemen,YEM,2023,279.057,0,0,42.932
Yemen,YEM,2024,64.398,0,0,0
Yemen,YEM,2025,686.908,0,0,21.466
Zambia,ZMB,2002,4442490,15227586,1952127.4,152235.94
Zambia,ZMB,2003,5194868.5,16918238,2978303.2,103293.76
Zambia,ZMB,2004,5598212.5,16160149,3274274.5,80303.81
Zambia,ZMB,2005,5756716.5,17127960,3278610.8,78543.61
Zambia,ZMB,2006,4591978.5,14954111,2469347.5,69034.23
Zambia,ZMB,2007,5260468.5,15693588,2763988,91101.14
Zambia,ZMB,2008,4829927.5,16231609,3265795.5,83158.77
Zambia,ZMB,2009,4203618,13437139,2847898,66801.78
Zambia,ZMB,2010,4539258,15182636,3913699.8,58086.637
Zambia,ZMB,2011,4690120.5,14287724,3948174,63818.023
Zambia,ZMB,2012,4968532.5,15108751,3870897,56777.215
Zambia,ZMB,2013,4741531,15673840,3710740,64698.125
Zambia,ZMB,2014,4663116,14700191,3677854.5,61800.234
Zambia,ZMB,2015,4669062.5,15357905,4433517.5,75795.98
Zambia,ZMB,2016,4691773,14967484,4258205.5,86657.7
Zambia,ZMB,2017,3668989,13478783,4358451,61950.492
Zambia,ZMB,2018,3544272.2,13925037,4029744.2,51346.355
Zambia,ZMB,2019,3846318.5,14801832,3977797,52333.785
Zambia,ZMB,2020,3398862.5,13953393,3414081.8,51110.234
Zambia,ZMB,2021,4031697.8,13335133,2902120.8,51217.56
Zambia,ZMB,2022,4055825.2,15355394,2720133.2,64247.348
Zambia,ZMB,2023,4345099.5,13186482,2471215,59782.44
Zambia,ZMB,2024,4078107,14933740,2992943,43532.777
Zambia,ZMB,2025,3947015,15183516,3472812.5,38101.918
Zimbabwe,ZWE,2002,1420117.4,503567.78,7276.931,421632.56
Zimbabwe,ZWE,2003,1671396.9,469007.72,9724.036,464049.12
Zimbabwe,ZWE,2004,2657088,409117.97,17086.832,468149.1
Zimbabwe,ZWE,2005,2549844.5,321193.78,25243.857,441595.8
Zimbabwe,ZWE,2006,2325311.5,271693.5,23440.73,491310.78
Zimbabwe,ZWE,2007,2865006.5,383423.3,42609.746,624055.7
Zimbabwe,ZWE,2008,3470708.8,380096.12,39840.652,588894.6
Zimbabwe,ZWE,2009,3531092.2,392267.25,30481.531,529047.75
Zimbabwe,ZWE,2010,3547406.2,551436.7,55940.05,565217.75
Zimbabwe,ZWE,2011,3550518.8,533662.94,38574.164,541004.25
Zimbabwe,ZWE,2012,2566566.5,575478.44,53492.945,549053.94
Zimbabwe,ZWE,2013,1877877,434512.1,45335.914,516339.97
Zimbabwe,ZWE,2014,2054798.6,486953.2,31082.58,531602.2
Zimbabwe,ZWE,2015,2623000.2,605058.4,55618.066,532654.06
Zimbabwe,ZWE,2016,1336872.8,397676.66,37608.2,502945.28
Zimbabwe,ZWE,2017,1731673,378872.56,20456.975,392009.7
Zimbabwe,ZWE,2018,1795383.6,431700.06,35719.21,373162.62
Zimbabwe,ZWE,2019,1772200.5,387652.1,27368.988,382392.97
Zimbabwe,ZWE,2020,630409.6,92947.2,8264.357,267657.9
Zimbabwe,ZWE,2021,1339963.9,150733.33,3627.734,314882.8
Zimbabwe,ZWE,2022,2056838,306639.9,14317.736,418949.34
Zimbabwe,ZWE,2023,1666631.4,187654.61,7663.316,310782.8
Zimbabwe,ZWE,2024,872329.94,162324.89,14467.999,287556.75
Zimbabwe,ZWE,2025,919597.75,122033.45,5023.014,269761.56