asset_url,title
https://ourworldindata.org/grapher/cost-of-sequencing-a-full-human-genome,Cost of sequencing a full human genome
https://ourworldindata.org/grapher/historical-cost-of-computer-memory-and-storage,Historical price of computer memory and storage
https://ourworldindata.org/grapher/transistors-per-microprocessor,Transistors per microprocessor
https://ourworldindata.org/grapher/share-of-individuals-using-the-internet,Share of individuals using the Internet
https://ourworldindata.org/grapher/solar-pv-prices,Solar photovoltaic module prices
https://ourworldindata.org/grapher/active-mobile-money-accounts,Active mobile money accounts
https://ourworldindata.org/grapher/ict-adoption,ICT adoption
https://ourworldindata.org/grapher/ict-adoption-per-100-people,ICT adoption per 100 people
https://ourworldindata.org/grapher/yearly-number-of-objects-launched-into-outer-space,Yearly number of objects launched into outer space
https://ourworldindata.org/grapher/annual-professional-service-robots-installed-by-area,Annual professional service robots installed by application area
https://ourworldindata.org/grapher/supercomputer-power-flops,Supercomputer power (FLOPS)
https://ourworldindata.org/grapher/cost-space-launches-low-earth-orbit,Cost of space launches to low Earth orbit
https://ourworldindata.org/grapher/cost-per-gigabase-dna-sequencing,Cost per gigabase of DNA sequencing
https://ourworldindata.org/grapher/industrial-robots-annual-installations-total-operational,Industrial robots: annual installations and total operational stock
https://ourworldindata.org/grapher/annual-space-visits,Annual space visits
https://ourworldindata.org/grapher/industrial-robots-in-operation-per-1000-employees,"Industrial robots in operation per 1,000 employees"
https://ourworldindata.org/grapher/landline-internet-subscriptions,Landline internet subscriptions
https://ourworldindata.org/grapher/broadband-penetration-by-country,Broadband penetration by country
https://ourworldindata.org/grapher/landline-phone-subscriptions,Landline phone subscriptions
https://ourworldindata.org/grapher/fixed-telephone-subscriptions-per-100-people,Fixed telephone subscriptions per 100 people
https://ourworldindata.org/grapher/levelized-cost-of-energy,Levelized cost of energy for renewables
https://ourworldindata.org/grapher/mobile-landline-subscriptions,Mobile and landline subscriptions
https://ourworldindata.org/grapher/mobile-cellular-subscriptions-by-country,Mobile cellular subscriptions by country
https://ourworldindata.org/grapher/mobile-cellular-subscriptions-per-100-people,Mobile cellular subscriptions per 100 people
https://ourworldindata.org/grapher/monthly-spending-data-center-us,Monthly spending on data centers in the United States
https://ourworldindata.org/grapher/nvidia-quarterly-revenue-segment,NVIDIA quarterly revenue by segment
https://ourworldindata.org/grapher/annual-industrial-robots-installed,Annual industrial robots installed
https://ourworldindata.org/grapher/number-of-internet-users,Number of Internet users
https://ourworldindata.org/grapher/price-changes-consumer-goods-services-united-states,Price changes of consumer goods and services in the United States
https://ourworldindata.org/grapher/air-conditioners-projections,Air conditioners: projections
https://ourworldindata.org/grapher/technology-adoption-by-households-in-the-united-states,Technology adoption by households in the United States
https://ourworldindata.org/grapher/households-air-conditioning,Households with air conditioning
https://ourworldindata.org/grapher/share-with-4g-mobile-network-coverage,Share with 4G mobile network coverage
https://ourworldindata.org/grapher/share-of-individuals-who-own-a-mobile-telephone-by-sex,"Share of individuals who own a mobile telephone, by sex"
https://ourworldindata.org/grapher/share-population-mobile-phone,Share of population with a mobile phone
https://ourworldindata.org/grapher/population-covered-by-mobile-network-by-network-capability,"Population covered by mobile network, by capability"
https://ourworldindata.org/grapher/solar-pv-prices-vs-cumulative-capacity,Solar PV prices vs. cumulative capacity
https://ourworldindata.org/grapher/technology-infrastructure-diffusion-uk,Technology infrastructure diffusion in the United Kingdom
https://ourworldindata.org/grapher/technology-infrastructure-diffusion-us,Technology infrastructure diffusion in the United States
https://ourworldindata.org/grapher/test-scores-ai-capabilities-relative-human-performance,Test scores of AI capabilities relative to human performance
https://ourworldindata.org/grapher/elec-fossil-nuclear-renewables,"Electricity production from fossil fuels, nuclear and renewables"
https://ourworldindata.org/grapher/global-primary-energy-by-source,Global primary energy use by source
https://ourworldindata.org/grapher/share-elec-by-source,Share of electricity production by source
https://ourworldindata.org/grapher/share-of-the-population-with-access-to-electricity,Share of the population with access to electricity
https://ourworldindata.org/grapher/energy-use-gdp-decoupling,Changes in energy use vs. changes in GDP
https://ourworldindata.org/grapher/consumption-energy-intensity,Consumption-based energy intensity per dollar
https://ourworldindata.org/grapher/consumption-based-energy-per-capita,Consumption-based energy use per person
https://ourworldindata.org/grapher/death-rates-from-energy-production-per-twh,Death rates per unit of electricity production
https://ourworldindata.org/grapher/electricity-as-a-share-of-primary-energy,Electricity as a share of primary energy
https://ourworldindata.org/grapher/elec-mix-bar,"Electricity generation from fossil fuels, nuclear and renewables"
https://ourworldindata.org/grapher/electricity-production-by-source,Electricity production by source
https://ourworldindata.org/grapher/traded-energy-share-domestic,Energy embedded in traded goods as a share of domestic energy
https://ourworldindata.org/grapher/energy-imports-and-exports-energy-use,Energy imports and exports
https://ourworldindata.org/grapher/energy-intensity-of-economies,Energy intensity
https://ourworldindata.org/grapher/energy-intensity,Energy intensity
https://ourworldindata.org/grapher/energy-intensity-by-sector,Energy intensity by sector
https://ourworldindata.org/grapher/fossil-fuel-consumption-by-type,Fossil fuel consumption
https://ourworldindata.org/grapher/fossil-fuel-cons-per-capita,Fossil fuel consumption per capita by source
https://ourworldindata.org/grapher/natural-gas-consumption-by-region,Gas consumption by region
https://ourworldindata.org/grapher/aviation-demand-efficiency,"Global aviation demand, energy efficiency and CO₂ emissions"
https://ourworldindata.org/grapher/installed-global-renewable-energy-capacity-by-technology,Global installed renewable energy capacity by technology
https://ourworldindata.org/grapher/hydropower-generation-by-region,Hydropower generation by region
https://ourworldindata.org/grapher/installed-geothermal-capacity,Installed geothermal energy capacity
https://ourworldindata.org/grapher/installed-solar-pv-capacity,Installed solar energy capacity
https://ourworldindata.org/grapher/cumulative-installed-wind-energy-capacity-gigawatts,Installed wind energy capacity
https://ourworldindata.org/grapher/long-term-energy-transitions,Long-term energy transitions
https://ourworldindata.org/grapher/natural-gas-production-by-region-terawatt-hours-twh,Natural gas production by region
https://ourworldindata.org/grapher/energy-embedded-traded-goods,Net energy embedded in traded goods
https://ourworldindata.org/grapher/number-of-people-with-and-without-electricity-access,Number of people with and without electricity access
https://ourworldindata.org/grapher/number-without-electricity-by-region,Number of people without access to electricity
https://ourworldindata.org/grapher/people-without-electricity-country,Number of people without access to electricity
https://ourworldindata.org/grapher/oil-consumption-by-region-terawatt-hours-twh,Oil consumption by region
https://ourworldindata.org/grapher/oil-production-by-region,Oil production by region
https://ourworldindata.org/grapher/people-without-clean-cooking-fuels-region,"People without clean fuels for cooking, by world region"
https://ourworldindata.org/grapher/per-capita-electricity-source-stacked,Per capita electricity generation by source
https://ourworldindata.org/grapher/per-capita-electricity-fossil-nuclear-renewables,"Per capita electricity generation from fossil fuels, nuclear and renewables"
https://ourworldindata.org/grapher/per-capita-energy-source-stacked,"Per capita energy from fossil fuels, nuclear and renewables"
https://ourworldindata.org/grapher/per-capita-energy-stacked,Per capita primary energy use by source
https://ourworldindata.org/grapher/primary-energy-from-fossil-nuclear-renewables,"Primary energy from fossil fuels, nuclear, and renewables"
https://ourworldindata.org/grapher/primary-energy-by-source,Primary energy use by source
https://ourworldindata.org/grapher/primary-energy-source-bar,Primary energy use by source
https://ourworldindata.org/grapher/production-consumption-carbon-intensity-energy,Production vs. consumption-based carbon intensity of energy
https://ourworldindata.org/grapher/production-consumption-energy-per-person,Production- vs. consumption-based energy use per person
https://ourworldindata.org/grapher/production-vs-consumption-energy,Production-based vs. consumption-based energy use
https://ourworldindata.org/grapher/modern-renewable-prod,Renewable electricity generation by source
https://ourworldindata.org/grapher/renewable-energy,Renewable energy
https://ourworldindata.org/grapher/renewable-energy-gen,Renewable energy generation
https://ourworldindata.org/grapher/electricity-fossil-renewables-nuclear-line,"Share of electricity generation from fossil fuels, renewables and nuclear"
https://ourworldindata.org/grapher/share-electricity-source-facet,Share of electricity production by source
https://ourworldindata.org/grapher/share-of-final-energy-consumption-from-renewable-sources,Share of final energy use that comes from renewable sources
https://ourworldindata.org/grapher/global-primary-energy-share-inc-biomass,Share of global primary energy use by source
https://ourworldindata.org/grapher/primary-energy-share-nuclear-renewables,Share of primary energy that comes from nuclear and renewables
https://ourworldindata.org/grapher/share-of-primary-energy-by-source,Share of primary energy use by source
https://ourworldindata.org/grapher/access-to-basic-services,Share of the population with access to basic services
https://ourworldindata.org/grapher/solar-pv-cumulative-capacity,Solar (photovoltaic) panels cumulative capacity
https://ourworldindata.org/grapher/solar-energy-generation-by-region,Solar energy generation by region
https://ourworldindata.org/grapher/the-long-term-energy-transition-in-europe,The long-term energy transition in Europe
https://ourworldindata.org/grapher/wind-energy-generation-by-region,Wind energy generation by region
https://ourworldindata.org/grapher/access-to-clean-fuels-for-cooking-vs-per-capita-energy-use,Access to clean fuels for cooking vs. per capita energy use
https://ourworldindata.org/grapher/access-to-electricity-vs-gdp-per-capita,Access to electricity vs. GDP per capita
https://ourworldindata.org/grapher/patents-ccs,Annual patents filed for carbon capture and storage technologies
https://ourworldindata.org/grapher/patents-electric-vehicles,Annual patents filed for electric vehicle technologies
https://ourworldindata.org/grapher/patents-energy-storage,Annual patents filed for energy storage technologies
https://ourworldindata.org/grapher/patents-filed-for-renewables,Annual patents filed for renewable energy technologies
https://ourworldindata.org/grapher/patents-for-renewables-by-country,Annual patents filed in sustainable energy
https://ourworldindata.org/grapher/co-emissions-per-capita-vs-fossil-fuel-consumption-per-capita,CO₂ emissions per capita vs. fossil fuel consumption per capita
https://ourworldindata.org/grapher/co2-per-capita-vs-renewable-electricity,CO₂ emissions per capita vs. share of electricity generation from renewables
https://ourworldindata.org/grapher/change-energy-gdp-per-capita,Changes in energy use vs. changes in GDP per capita
https://ourworldindata.org/grapher/coal-vs-gdp-per-capita,Coal energy consumption per capita vs. GDP per capita
https://ourworldindata.org/grapher/coal-prices,Coal prices
https://ourworldindata.org/grapher/coal-output-uk-tonnes,Coal production and imports in the United Kingdom
https://ourworldindata.org/grapher/cobalt-production,Cobalt production
https://ourworldindata.org/grapher/crude-oil-prices,Crude oil prices
https://ourworldindata.org/grapher/crude-oil-spot-prices,Crude oil spot prices
https://ourworldindata.org/grapher/death-rate-from-indoor-air-pollution-vs-per-capita-energy-use,Death rate from indoor air pollution vs. per capita energy use
https://ourworldindata.org/grapher/electricity-mix-uk,Electricity production in the United Kingdom
https://ourworldindata.org/grapher/energy-intensity-vs-gdp,Energy intensity vs. GDP per capita
https://ourworldindata.org/grapher/energy-use-per-capita-vs-co2-emissions-per-capita,Energy use per capita vs. CO₂ emissions per capita
https://ourworldindata.org/grapher/energy-use-per-person-vs-gdp-per-capita,Energy use per person vs. GDP per capita
https://ourworldindata.org/grapher/consumption-subsidies-for-fossil-fuels,Explicit consumption subsidies for fossil fuels
https://ourworldindata.org/grapher/fossil-fuel-price-index,Fossil fuel price index
https://ourworldindata.org/grapher/energy-use-per-capita-vs-gdp-per-capita,GDP per capita vs. energy use
https://ourworldindata.org/grapher/world-crude-oil-price-vs-oil-consumption,Global crude oil price vs. oil consumption
https://ourworldindata.org/grapher/electricity-air-conditioning,Global electricity use for air conditioning
https://ourworldindata.org/grapher/graphite-production,Graphite production
https://ourworldindata.org/grapher/global-change-over-the-last-50-years,How have things changed?
https://ourworldindata.org/grapher/hubberts-peak-vs-actual-oil-production-in-the-united-states,Hubbert's peak prediction vs. actual oil production in the United States
https://ourworldindata.org/grapher/hypothetical-number-of-deaths-from-energy-production,Hypothetical number of deaths from energy production
https://ourworldindata.org/grapher/investment-in-renewable-energy-by-technology,"Investment in renewable energy, by technology"
https://ourworldindata.org/grapher/kaya-identity-co2,Kaya identity: drivers of CO₂ emissions
https://ourworldindata.org/grapher/annual-co-emissions-by-region,Annual CO₂ emissions by world region
https://ourworldindata.org/grapher/annual-co2-emissions-per-country,Annual CO₂ emissions
https://ourworldindata.org/grapher/annual-co2-including-land-use,Annual CO₂ emissions including land-use change
https://ourworldindata.org/grapher/ghg-emissions-by-world-region,Annual greenhouse gas emissions by world region
https://ourworldindata.org/grapher/co2-by-source,CO₂ emissions by fuel or industry type
https://ourworldindata.org/grapher/co-emissions-per-capita,CO₂ emissions per capita
https://ourworldindata.org/grapher/total-ghg-emissions,Greenhouse gas emissions
https://ourworldindata.org/grapher/ghg-emissions-by-sector,Greenhouse gas emissions by sector
https://ourworldindata.org/grapher/per-capita-ghg-emissions,Per capita greenhouse gas emissions
https://ourworldindata.org/grapher/per-capita-ghg-excl-land-use,"Per capita greenhouse gas emissions, excluding land use and forestry"
https://ourworldindata.org/grapher/temperature-anomaly,Temperature change relative to the pre-industrial period
https://ourworldindata.org/grapher/annual-co2-cement,Annual CO₂ emissions from cement
https://ourworldindata.org/grapher/annual-co2-coal,Annual CO₂ emissions from coal
https://ourworldindata.org/grapher/annual-co2-flaring,Annual CO₂ emissions from flaring
https://ourworldindata.org/grapher/annual-co2-gas,Annual CO₂ emissions from gas
https://ourworldindata.org/grapher/co2-land-use,Annual CO₂ emissions from land-use change
https://ourworldindata.org/grapher/co2-land-use-per-capita,Annual CO₂ emissions from land-use change per capita
https://ourworldindata.org/grapher/annual-co2-oil,Annual CO₂ emissions from oil
https://ourworldindata.org/grapher/co2-gdp-growth,Annual change in GDP and CO₂ emissions
https://ourworldindata.org/grapher/change-co2-annual-pct,Annual percentage change in CO₂ emissions
https://ourworldindata.org/grapher/consumption-co2-per-capita-equity,Are consumption-based CO₂ per capita emissions above or below the global average?
https://ourworldindata.org/grapher/co2-emissions-by-fuel-line,CO₂ emissions by fuel or industry
https://ourworldindata.org/grapher/co-emissions-by-sector,CO₂ emissions by sector
https://ourworldindata.org/grapher/co-emissions-embedded-in-global-trade,CO₂ emissions embedded in trade
https://ourworldindata.org/grapher/co2-emissions-fossil-land,CO₂ emissions from fossil fuels and land-use change
https://ourworldindata.org/grapher/co2-fossil-plus-land-use,CO₂ emissions from fossil fuels and land-use change
https://ourworldindata.org/grapher/co2-per-capita-marimekko,CO₂ emissions per capita
https://ourworldindata.org/grapher/co2-emissions-vs-gdp,CO₂ emissions per capita vs. GDP per capita
https://ourworldindata.org/grapher/co2-mitigation-15c,CO₂ reductions needed to keep global temperature rise below 1.5°C
https://ourworldindata.org/grapher/co2-mitigation-2c,CO₂ reductions needed to keep global temperature rise below 2°C
https://ourworldindata.org/grapher/co2-income-level,Carbon dioxide emissions by income level
https://ourworldindata.org/grapher/carbon-emission-intensity-vs-gdp-per-capita,Carbon emission intensity vs. GDP per capita
https://ourworldindata.org/grapher/carbon-intensity-vs-gdp,Carbon intensity vs. GDP per capita
https://ourworldindata.org/grapher/co2-intensity,Carbon intensity: CO₂ emissions per dollar of GDP
https://ourworldindata.org/grapher/co2-emissions-and-gdp,Change in CO₂ emissions and GDP
https://ourworldindata.org/grapher/co2-emissions-and-gdp-per-capita,Change in per capita CO₂ emissions and GDP
https://ourworldindata.org/grapher/co2-emissions-and-gdp-long-term,Change in per capita CO₂ emissions and GDP
https://ourworldindata.org/grapher/consumption-co2-emissions,Consumption-based CO₂ emissions
https://ourworldindata.org/grapher/consumption-co2-per-capita-vs-gdppc,Consumption-based CO₂ emissions per capita vs. GDP per capita
https://ourworldindata.org/grapher/consumption-based-carbon-intensity,Consumption-based carbon intensity
https://ourworldindata.org/grapher/consumption-vs-production-co2-per-capita,Consumption-based vs. territorial CO₂ emissions per capita
https://ourworldindata.org/grapher/contribution-temp-rise-degrees,Contribution to global mean surface temperature rise
https://ourworldindata.org/grapher/contribution-to-temp-rise-by-gas,Contribution to global mean surface temperature rise by gas
https://ourworldindata.org/grapher/cumulative-co-emissions,Cumulative CO₂ emissions
https://ourworldindata.org/grapher/cumulative-co2-fuel,Cumulative CO₂ emissions by source
https://ourworldindata.org/grapher/cumulative-co2-emissions-region,Cumulative CO₂ emissions by world region
https://ourworldindata.org/grapher/cumulative-co2-cement,Cumulative CO₂ emissions from cement
https://ourworldindata.org/grapher/cumulative-co2-coal,Cumulative CO₂ emissions from coal
https://ourworldindata.org/grapher/cumulative-co2-flaring,Cumulative CO₂ emissions from flaring
https://ourworldindata.org/grapher/cumulative-co2-gas,Cumulative CO₂ emissions from gas
https://ourworldindata.org/grapher/cumulative-co2-land-use,Cumulative CO₂ emissions from land-use change
https://ourworldindata.org/grapher/cumulative-co2-oil,Cumulative CO₂ emissions from oil
https://ourworldindata.org/grapher/cumulative-co-emissions-from-other-industry,Cumulative CO₂ emissions from other industry
https://ourworldindata.org/grapher/cumulative-co2-including-land,Cumulative CO₂ emissions including land-use change
https://ourworldindata.org/grapher/emissions-weighted-carbon-price,Emissions-weighted carbon price from carbon taxes
https://ourworldindata.org/grapher/weighted-carbon-price-ets,Emissions-weighted carbon price in emissions trading systems
https://ourworldindata.org/grapher/food-emissions-life-cycle,Global emissions from food by life-cycle stage
https://ourworldindata.org/grapher/global-warming-by-gas-and-source,Global warming contributions by gas and source
https://ourworldindata.org/grapher/warming-fossil-fuels-land-use,Global warming contributions from fossil fuels and land use
https://ourworldindata.org/grapher/global-warming-potential-of-greenhouse-gases-over-100-year-timescale-gwp,Global warming potential of greenhouse gases relative to CO₂
https://ourworldindata.org/grapher/contributions-global-temp-change,Global warming: Contributions to the change in global mean surface temperature
https://ourworldindata.org/grapher/ghg-emissions-by-gas,Greenhouse gas emissions by gas
https://ourworldindata.org/grapher/ghg-emissions-by-sector-stacked,Greenhouse gas emissions by sector
https://ourworldindata.org/grapher/emissions-from-food,Greenhouse gas emissions from food systems
https://ourworldindata.org/grapher/ghg-per-protein-poore,Greenhouse gas emissions per 100 grams of protein
https://ourworldindata.org/grapher/ghg-kcal-poore,Greenhouse gas emissions per 1000 kilocalories
https://ourworldindata.org/grapher/ghg-per-kg-poore,Greenhouse gas emissions per kilogram of food product
https://ourworldindata.org/grapher/imported-or-exported-co-emissions-per-capita,Imported or exported CO₂ emissions per capita
https://ourworldindata.org/grapher/life-expectancy-at-birth-vs-co-emissions-per-capita,Life expectancy at birth vs. CO₂ emissions per capita
https://ourworldindata.org/grapher/methane-emissions,Methane emissions
https://ourworldindata.org/grapher/methane-emissions-by-sector,Methane emissions by sector
https://ourworldindata.org/grapher/monthly-co2-emissions-from-international-aviation,Monthly CO₂ emissions from all commercial passenger flights
https://ourworldindata.org/grapher/monthly-co2-emissions-from-international-and-domestic-flights,Monthly CO₂ emissions from domestic and international commercial passenger flights
https://ourworldindata.org/grapher/nitrous-oxide-emissions,Nitrous oxide emissions
https://ourworldindata.org/grapher/nitrous-oxide-emissions-by-sector,Nitrous oxide emissions by sector
https://ourworldindata.org/grapher/per-capita-co2-emissions-from-domestic-aviation,Per capita CO₂ emissions from domestic commercial passenger flights
https://ourworldindata.org/grapher/per-capita-co2-fuel,Per capita CO₂ emissions by fuel type
https://ourworldindata.org/grapher/per-capita-co2-region,Per capita CO₂ emissions by region
https://ourworldindata.org/grapher/per-capita-co2-sector,Per capita CO₂ emissions by sector
https://ourworldindata.org/grapher/per-capita-co2-by-source,Per capita CO₂ emissions by source
https://ourworldindata.org/grapher/per-capita-co2-aviation,Per capita CO₂ emissions from aviation
https://ourworldindata.org/grapher/per-capita-co2-cement,Per capita CO₂ emissions from cement
https://ourworldindata.org/grapher/per-capita-co2-coal,Per capita CO₂ emissions from coal
https://ourworldindata.org/grapher/per-capita-co2-domestic-aviation-vs-gdp,Per capita CO₂ emissions from domestic aviation vs. GDP per capita
https://ourworldindata.org/grapher/per-capita-co2-domestic-aviation-vs-land-area,Per capita CO₂ emissions from domestic aviation vs. land area
https://ourworldindata.org/grapher/per-capita-co2-flaring,Per capita CO₂ emissions from flaring
https://ourworldindata.org/grapher/per-capita-co2-gas,Per capita CO₂ emissions from gas
https://ourworldindata.org/grapher/per-capita-co2-international-aviation,Per capita CO₂ emissions from international aviation
https://ourworldindata.org/grapher/per-capita-co-emissions-from-international-flights-tourism-adjusted,"Per capita CO₂ emissions from international commercial passenger flights, tourism-adjusted"
https://ourworldindata.org/grapher/per-capita-co2-international-flights-adjusted,"Per capita CO₂ emissions from international passenger flights, tourism-adjusted"
https://ourworldindata.org/grapher/per-capita-co2-oil,Per capita CO₂ emissions from oil
https://ourworldindata.org/grapher/per-capita-co2-transport,Per capita CO₂ emissions from transport
https://ourworldindata.org/grapher/per-capita-co2-including-land,Per capita CO₂ emissions including land-use change
https://ourworldindata.org/grapher/per-capita-co2-vs-average,Per capita CO₂ emissions relative to the global average
https://ourworldindata.org/grapher/per-capita-ghg-co2-excluding-land-use,Per capita GHG emissions vs. per capita CO₂ emissions
https://ourworldindata.org/grapher/consumption-co2-per-capita,Per capita consumption-based CO₂ emissions
https://ourworldindata.org/grapher/per-capita-ghg-sector,Per capita greenhouse gas emissions by sector
https://ourworldindata.org/grapher/per-capita-methane-emissions,Per capita methane emissions
https://ourworldindata.org/grapher/per-capita-methane-sector,Per capita methane emissions by sector
https://ourworldindata.org/grapher/per-capita-nitrous-oxide,Per capita nitrous oxide emissions
https://ourworldindata.org/grapher/per-capita-nitrous-oxide-sector,Per capita nitrous oxide emissions by sector
https://ourworldindata.org/grapher/carbon-tax-trading-coverage,Share of CO₂ emissions covered by a carbon price
https://ourworldindata.org/grapher/share-co2-embedded-in-trade,Share of CO₂ emissions embedded in trade
https://ourworldindata.org/grapher/share-cumulative-co2-oil,Share of cumulative CO₂ emissions from oil
https://ourworldindata.org/grapher/annual-share-of-co2-emissions,Share of global CO₂ emissions
https://ourworldindata.org/grapher/share-global-co2-cement,Share of global CO₂ emissions from cement
https://ourworldindata.org/grapher/share-global-co2-coal,Share of global CO₂ emissions from coal
https://ourworldindata.org/grapher/share-global-co2-flaring,Share of global CO₂ emissions from flaring
https://ourworldindata.org/grapher/share-global-co2-gas,Share of global CO₂ emissions from gas
https://ourworldindata.org/grapher/co2-land-use-global-share,Share of global CO₂ emissions from land-use change
https://ourworldindata.org/grapher/share-global-co2-oil,Share of global CO₂ emissions from oil
https://ourworldindata.org/grapher/share-global-co2-including-land,Share of global CO₂ emissions including land-use change
https://ourworldindata.org/grapher/share-co2-emissions-vs-population,Share of global CO₂ emissions vs. share of population
https://ourworldindata.org/grapher/share-of-global-annual-co-emissions-from-other-industry,Share of global annual CO₂ emissions from other industry
https://ourworldindata.org/grapher/consumption-co2-emissions-vs-population,Share of global consumption-based CO₂ emissions vs. share of population
https://ourworldindata.org/grapher/share-of-cumulative-co2,Share of global cumulative CO₂ emissions
https://ourworldindata.org/grapher/share-global-cumulative-co2-gas,Share of global cumulative CO₂ emissions from burning gas
https://ourworldindata.org/grapher/share-global-cumulative-co2-cement,Share of global cumulative CO₂ emissions from cement
https://ourworldindata.org/grapher/share-global-cumulative-co2-coal,Share of global cumulative CO₂ emissions from coal
https://ourworldindata.org/grapher/share-global-cumulative-co2-flaring,Share of global cumulative CO₂ emissions from flaring
https://ourworldindata.org/grapher/cereal-production,Cereal production
https://ourworldindata.org/grapher/maize-production,Corn production
https://ourworldindata.org/grapher/rice-production,Rice production
https://ourworldindata.org/grapher/agricultural-output-dollars,Agricultural output
https://ourworldindata.org/grapher/apple-production,Apple production
https://ourworldindata.org/grapher/average-farm-size,Average farm size
https://ourworldindata.org/grapher/avocado-production,Avocado production
https://ourworldindata.org/grapher/banana-production,Banana production
https://ourworldindata.org/grapher/banana-production-by-region,Banana production by region
https://ourworldindata.org/grapher/barley-production,Barley production
https://ourworldindata.org/grapher/bean-production,Bean production
https://ourworldindata.org/grapher/cashew-nut-production,Cashew nut production
https://ourworldindata.org/grapher/cassava-production,Cassava production
https://ourworldindata.org/grapher/cereal-distribution-to-uses,"Cereals allocated to food, animal feed and fuel"
https://ourworldindata.org/grapher/corn-production-land-us,Change in corn production and land use in the United States
https://ourworldindata.org/grapher/chicken-meat-production,Chicken meat production
https://ourworldindata.org/grapher/cocoa-bean-production,Cocoa bean production
https://ourworldindata.org/grapher/cocoa-beans-production-by-region,Cocoa bean production by region
https://ourworldindata.org/grapher/coffee-production-by-region,Coffee production by world region
https://ourworldindata.org/grapher/cropland-pasture-per-person,Cropland and pasture per person
https://ourworldindata.org/grapher/crop-allocation-farm-size,Global allocation of crops to end uses by farm size
https://ourworldindata.org/grapher/global-crop-production-by-farm-size,Global crop production by farm size
https://ourworldindata.org/grapher/grapes-production,Grape production
https://ourworldindata.org/grapher/coffee-bean-production,Green coffee beans production
https://ourworldindata.org/grapher/labor-productivity-agriculture-sweden,Labor productivity in agriculture (GDP/worker)
https://ourworldindata.org/grapher/palm-oil-production,Oil palm production
https://ourworldindata.org/grapher/orange-production,Orange production
https://ourworldindata.org/grapher/pea-production,Pea production
https://ourworldindata.org/grapher/potato-production,Potato production
https://ourworldindata.org/grapher/productivity-of-small-scale-food-producers,Productivity of small-scale food producers
https://ourworldindata.org/grapher/rapeseed-production,Rapeseed production
https://ourworldindata.org/grapher/rice-production-by-region,Rice production by region
https://ourworldindata.org/grapher/rye-production,Rye production
https://ourworldindata.org/grapher/sesame-seed-production,Sesame seed production
https://ourworldindata.org/grapher/share-cereals-animal-feed,Share of cereals allocated to animal feed
https://ourworldindata.org/grapher/cereal-allocation-by-country,"Share of cereals allocated to food, animal feed or fuel"
https://ourworldindata.org/grapher/share-cereal-human-food,Share of cereals allocated to human food
https://ourworldindata.org/grapher/cereals-human-food-vs-gdp,Share of cereals allocated to human food vs. GDP per capita
https://ourworldindata.org/grapher/share-cereals-industrial-uses,Share of cereals allocated to industrial uses
https://ourworldindata.org/grapher/soy-production-yield-area,"Soy production, yield and area harvested"
https://ourworldindata.org/grapher/soybean-production,Soybean production
https://ourworldindata.org/grapher/soybean-production-and-use,"Soybeans: are they used for food, feed or fuel?"
https://ourworldindata.org/grapher/sugar-beet-production,Sugar beet production
https://ourworldindata.org/grapher/sugar-cane-production,Sugar cane production
https://ourworldindata.org/grapher/sunflower-seed-production,Sunflower seed production
https://ourworldindata.org/grapher/sweet-potato-production,Sweet potato production
https://ourworldindata.org/grapher/tobacco-production,Tobacco production
https://ourworldindata.org/grapher/tomato-production,Tomato production
https://ourworldindata.org/grapher/value-of-agricultural-production,Value of agricultural production
https://ourworldindata.org/grapher/wheat-production,Wheat production
https://ourworldindata.org/grapher/political-regime,Democracy
https://ourworldindata.org/grapher/electoral-democracy-index,Electoral Democracy Index
https://ourworldindata.org/grapher/liberal-democracy-index,Liberal Democracy Index
https://ourworldindata.org/grapher/countries-democracies-autocracies-row,Countries that are democracies and autocracies
https://ourworldindata.org/grapher/people-living-in-democracies-autocracies,People living in democracies and autocracies
https://ourworldindata.org/grapher/number-electoral-democracies-age,Number of electoral democracies by age
https://ourworldindata.org/grapher/countries-that-are-democratizing-and-autocratizing,Countries that are democratizing and autocratizing
https://ourworldindata.org/grapher/political-regime-lexical,Democracy (lexical classification)
https://ourworldindata.org/grapher/academic-freedom-index,Academic Freedom Index
https://ourworldindata.org/grapher/political-centralization-index,Centralization of Political Power Index
https://ourworldindata.org/grapher/child-mortality-vs-electoral-democracy,Child mortality rate vs. Electoral Democracy Index
https://ourworldindata.org/grapher/countries-democracies-autocracies-lexical,Countries that are democracies and autocracies (lexical)
https://ourworldindata.org/grapher/countries-that-have-universal-voting-rights,Countries that have universal voting rights
https://ourworldindata.org/grapher/countries-that-have-universal-voting-rights-in-practice,Countries that have universal voting rights in practice
https://ourworldindata.org/grapher/number-of-countries-with-recent-electoral-turnover,Countries where elections recently led to a change in government
https://ourworldindata.org/grapher/countries-with-an-elected-parliament-and-government,Countries with an elected parliament and government
https://ourworldindata.org/grapher/political-regime-bti,Democracy (BTI)
https://ourworldindata.org/grapher/political-regime-ert-within-regimes,Democracy (ERT within regimes)
https://ourworldindata.org/grapher/democracy-index-eiu,Democracy Index
https://ourworldindata.org/grapher/political-regime-classification-by-source,Democracy classification by source
https://ourworldindata.org/grapher/democracy-index-by-source,Democracy index by source
https://ourworldindata.org/grapher/democratic-features-bti,Democratic Features Index
https://ourworldindata.org/grapher/political-regime-ert,Democratic change
https://ourworldindata.org/grapher/elections-recently-led-to-a-change-in-government,Elections recently led to a change in government
https://ourworldindata.org/grapher/political-regime-fh,Free country
https://ourworldindata.org/grapher/freedom-score-fh,Freedom Score
https://ourworldindata.org/grapher/freedom-of-association-index,Freedom of Association Index
https://ourworldindata.org/grapher/freedom-of-expression-index,Freedom of Expression Index
https://ourworldindata.org/grapher/gdp-per-capita-vs-electoral-democracy-index,GDP per capita vs. Electoral Democracy Index
https://ourworldindata.org/grapher/government-effectiveness-vs-electoral-democracy-index,Government Effectiveness Index vs. Electoral Democracy Index
https://ourworldindata.org/grapher/human-rights-index-vs-electoral-democracy-index,Human Rights Index vs. Electoral Democracy Index
https://ourworldindata.org/grapher/key-features-of-democracy,Key features of democracy
https://ourworldindata.org/grapher/key-features-of-electoral-democracy,Key features of electoral democracy
https://ourworldindata.org/grapher/key-features-of-liberal-democracy,Key features of liberal democracy
https://ourworldindata.org/grapher/key-media-freedoms,Key media freedoms
https://ourworldindata.org/grapher/learning-adjusted-years-of-schooling-vs-electoral-democracy-index,Learning-adjusted years of schooling vs. Electoral Democracy Index
https://ourworldindata.org/grapher/life-expectancy-vs-electoral-democracy-index,Life expectancy vs. Electoral Democracy Index
https://ourworldindata.org/grapher/people-living-in-democracies-autocracies-lexical,People living in democracies and autocracies (lexical)
https://ourworldindata.org/grapher/people-living-in-democratizing-autocratizing-countries-ert,People living in democratizing and autocratizing countries
https://ourworldindata.org/grapher/people-living-in-democratizing-autocratizing-democracies-autocracies-ert,People living in democratizing and autocratizing democracies/autocracies
https://ourworldindata.org/grapher/political-corruption-index-vs-electoral-democracy-index,Political Corruption Index vs. Electoral Democracy Index
https://ourworldindata.org/grapher/political-polarization-score,Political Polarization Score
https://ourworldindata.org/grapher/suffrage,Share of adult citizens who have the right to vote
https://ourworldindata.org/grapher/share-of-population-in-extreme-poverty-vs-electoral-democracy-index,Share of the population in poverty vs. Electoral Democracy Index
https://ourworldindata.org/grapher/strong-civil-society-index,Strong Civil Society Index
https://ourworldindata.org/grapher/tax-revenues-vs-electoral-democracy-index,Tax revenue vs. Electoral Democracy Index
https://ourworldindata.org/grapher/universal-suffrage-lexical,Universal right to vote
https://ourworldindata.org/grapher/varieties-democracy-vdem,Varieties of democracy
https://ourworldindata.org/grapher/voter-turnout-of-registered-voters,Voter turnout of registered voters
https://ourworldindata.org/grapher/voter-turnout-of-voting-age-population,Voter turnout of voting-age population
https://ourworldindata.org/grapher/women-political-empowerment-index-vs-electoral-democracy-index,Women's political empowerment index vs. electoral democracy index
https://ourworldindata.org/grapher/age-of-electoral-democracy,Age of electoral democracy
https://ourworldindata.org/grapher/age-of-liberal-democracy-row,Age of liberal democracy
https://ourworldindata.org/grapher/countries-democracies-nondemocracies-simplified-lexical,Countries that are electoral democracies
https://ourworldindata.org/grapher/deliberative-democracy-index-vdem,Deliberative Democracy Index
https://ourworldindata.org/grapher/perceived-influence-over-government,Do you have a say in what the government does?
https://ourworldindata.org/grapher/egalitarian-democracy-index-vdem,Egalitarian Democracy Index
https://ourworldindata.org/grapher/elected-parliament-and-government,Elected parliament and government
https://ourworldindata.org/grapher/judicial-constraints-on-the-executive-index,Judicial Checks on Government Index
https://ourworldindata.org/grapher/legislative-constraints-on-the-executive-index,Legislative Checks on Government Index
https://ourworldindata.org/grapher/participatory-democracy-index,Participatory Democracy Index
https://ourworldindata.org/grapher/people-living-in-democracies-nondemocracies-simplified-lexical,People living in electoral democracies
https://ourworldindata.org/grapher/universal-right-to-vote-in-practice,Universal right to vote in practice
https://ourworldindata.org/grapher/deaths-in-wars-project-mars,Deaths in wars
https://ourworldindata.org/grapher/death-rate-in-armed-conflicts,Death rate in armed conflicts based on where they occurred
https://ourworldindata.org/grapher/deaths-in-armed-conflicts-by-type,Deaths in armed conflicts
https://ourworldindata.org/grapher/deaths-in-armed-conflicts-by-country,Deaths in armed conflicts based on where they occurred
https://ourworldindata.org/grapher/deaths-in-armed-conflicts-by-type-and-country,"Deaths in armed conflicts based on where they occurred, by type"
https://ourworldindata.org/grapher/deaths-in-armed-conflicts-by-region,Deaths in armed conflicts by region
https://ourworldindata.org/grapher/deaths-in-state-based-conflicts-by-region,Deaths in state-based conflicts by region
https://ourworldindata.org/grapher/number-of-armed-conflicts,Number of armed conflicts
https://ourworldindata.org/grapher/number-of-wars-project-mars,Number of wars
https://ourworldindata.org/grapher/peaceful-and-hostile-relationships-between-states,Peaceful and hostile relationships between states
https://ourworldindata.org/grapher/civilian-and-combatant-deaths-in-armed-conflicts,Civilian and combatant deaths in armed conflicts
https://ourworldindata.org/grapher/civilian-and-combatant-deaths-in-armed-conflicts-based-on-where-they-occurred,Civilian and combatant deaths in armed conflicts based on where they occurred
https://ourworldindata.org/grapher/locations-of-ongoing-armed-conflicts,Countries where armed conflicts took place
https://ourworldindata.org/grapher/countries-where-interstate-or-intrastate-wars-took-place,Countries where interstate or intrastate wars took place
https://ourworldindata.org/grapher/death-rate-in-armed-conflicts-by-type,Death rate in armed conflicts
https://ourworldindata.org/grapher/death-rate-in-armed-conflicts-by-type-and-country,Death rate in armed conflicts by type and country
https://ourworldindata.org/grapher/death-rate-in-state-based-conflicts,Death rate in state-based conflicts
https://ourworldindata.org/grapher/death-rate-in-wars-project-mars,Death rate in wars
https://ourworldindata.org/grapher/cumulative-death-rates-in-armed-conflicts,"Death rates in armed conflicts based on where they occurred, 1989-2024"
https://ourworldindata.org/grapher/deaths-from-one-sided-violence,Deaths from one-sided violence based on where they occurred
https://ourworldindata.org/grapher/deaths-in-armed-conflicts,Deaths in armed conflicts (all types)
https://ourworldindata.org/grapher/cumulative-deaths-in-armed-conflicts,"Deaths in armed conflicts based on where they occurred, 1989-2024"
https://ourworldindata.org/grapher/cumulative-deaths-in-armed-conflicts-by-type,"Deaths in armed conflicts by type, 1989-2024"
https://ourworldindata.org/grapher/deaths-in-interstate-conflicts-gibler-miller,Deaths in interstate conflicts
https://ourworldindata.org/grapher/deaths-in-interstate-conflicts,Deaths in interstate conflicts based on where they occurred
https://ourworldindata.org/grapher/deaths-in-interstate-conflicts-by-region-gibler-miller,Deaths in interstate conflicts by region
https://ourworldindata.org/grapher/deaths-in-intrastate-conflicts,Deaths in intrastate conflicts based on where they occurred
https://ourworldindata.org/grapher/deaths-in-non-state-conflicts,Deaths in non-state conflicts based on where they occurred
https://ourworldindata.org/grapher/deaths-in-state-based-conflicts,Deaths in state-based conflicts
https://ourworldindata.org/grapher/deaths-in-state-based-conflicts-by-type,Deaths in state-based conflicts by type
https://ourworldindata.org/grapher/deaths-in-wars,Deaths in wars (Correlates/long run)
https://ourworldindata.org/grapher/deaths-in-wars-by-region-project-mars,Deaths in wars by region
https://ourworldindata.org/grapher/internally-displaced-people-due-to-conflict,Internally displaced people due to conflict
https://ourworldindata.org/grapher/number-of-countries-where-armed-conflicts-took-place,Number of countries where armed conflicts took place
https://ourworldindata.org/grapher/number-of-interstate-conflicts,Number of interstate conflicts
https://ourworldindata.org/grapher/number-of-new-armed-conflicts,Number of new armed conflicts
https://ourworldindata.org/grapher/number-of-new-state-based-conflicts,Number of new state-based conflicts
https://ourworldindata.org/grapher/number-of-new-wars,Number of new wars
https://ourworldindata.org/grapher/number-of-state-based-conflicts,Number of state-based conflicts
https://ourworldindata.org/grapher/participants-in-ongoing-state-based-conflicts-by-region,Number of states involved in state-based conflicts
https://ourworldindata.org/grapher/rate-of-interstate-conflicts,Rate of interstate conflicts
https://ourworldindata.org/grapher/rate-of-state-based-conflicts,Rate of state-based conflicts
https://ourworldindata.org/grapher/war-rate-by-type-project-mars,Rate of wars
https://ourworldindata.org/grapher/refugee-population-by-country-or-territory-of-origin,Refugees by country of origin
https://ourworldindata.org/grapher/states-involved-in-interstate-conflicts,States involved in interstate conflicts
https://ourworldindata.org/grapher/states-involved-in-state-based-conflicts,States involved in state-based conflicts
https://ourworldindata.org/grapher/states-involved-in-wars,States involved in wars
https://ourworldindata.org/grapher/deaths-in-wars-by-war-1800-2011-bar-chart,"Wars ranked by death toll, 1800-2011"
https://ourworldindata.org/grapher/death-rate-in-wars-correlates-of-war,Death rate in wars (Correlates of War)
https://ourworldindata.org/grapher/deaths-in-wars-correlates-of-war,Deaths in wars (Correlates of War)
https://ourworldindata.org/grapher/global-death-rate-in-violent-political-conflicts-over-the-long-run,Global death rate in violent political conflicts over the long run
https://ourworldindata.org/grapher/global-deaths-in-violent-political-conflicts-over-the-long-run,Global deaths in violent political conflicts over the long run
https://ourworldindata.org/grapher/number-un-peacekeeping-missions,Number of active United Nations peacekeeping missions
https://ourworldindata.org/grapher/number-of-wars-correlates-of-war,Number of wars (Correlates of War)
https://ourworldindata.org/grapher/peaceful-and-hostile-relationships-between-states-no-relationship-included,Peaceful and hostile relationships between states incl. no relationship
https://ourworldindata.org/grapher/rate-of-armed-conflicts,Rate of armed conflicts
https://ourworldindata.org/grapher/war-rate-correlates-of-war,Rate of wars (Correlates of War)
https://ourworldindata.org/grapher/un-peacekeeping-forces,United Nations peacekeepers on active missions
https://ourworldindata.org/grapher/united-nations-peacekeeping-forces,United Nations peacekeepers on active missions by type
https://ourworldindata.org/grapher/burden-disease-from-each-mental-illness,Burden of disease from each category of mental illness
https://ourworldindata.org/grapher/mental-illnesses-prevalence,Mental illnesses prevalence
https://ourworldindata.org/grapher/share-who-report-lifetime-anxiety-or-depression,Share who report lifetime anxiety or depression
https://ourworldindata.org/grapher/age-when-first-had-anxiety-depression,Age when first had anxiety or depression
https://ourworldindata.org/grapher/anorexia-bulimia-nervosa-estimated-cases,Anorexia or bulimia nervosa estimated cases
https://ourworldindata.org/grapher/dealt-with-anxiety-depression-religious-spiritual,Dealt with anxiety or depression by engaging in religious/spiritual activities
https://ourworldindata.org/grapher/dealt-with-anxiety-depression-took-prescribed-medication,Dealt with anxiety or depression by taking prescribed medication
https://ourworldindata.org/grapher/dealt-with-anxiety-depression-friends-family,Dealt with anxiety or depression by talking to friends or family
https://ourworldindata.org/grapher/depressive-disorders-prevalence-vs-gdp-per-capita,Depressive disorders prevalence vs. GDP per capita
https://ourworldindata.org/grapher/depressive-disorders-prevalence-ihme-vs-who,"Depressive disorders prevalence, IHME vs. WHO"
https://ourworldindata.org/grapher/depressive-symptoms-across-us-population,Depressive symptoms across the US population
https://ourworldindata.org/grapher/estimated-prevalence-vs-burden-mental-illnesses,Estimated prevalence vs. burden of mental illnesses
https://ourworldindata.org/grapher/dealing-with-anxiety-depression-comparison,How do people deal with anxiety or depression around the world?
https://ourworldindata.org/grapher/dealing-with-anxiety-depression-approaches,How do people deal with anxiety or depression?
https://ourworldindata.org/grapher/death-rates-from-mental-and-substance-disorders-by-age-who,Mental health and substance use disorders death rate by age group
https://ourworldindata.org/grapher/mental-health-units-in-general-hospitals,Mental health units in general hospitals
https://ourworldindata.org/grapher/mental-illness-estimated-cases,Mental illness: estimated cases
https://ourworldindata.org/grapher/number-of-countries-with-primary-data-on-prevalence-of-mental-illnesses-in-the-global-burden-of-disease-study,Number of countries with underlying data on prevalence of mental illnesses
https://ourworldindata.org/grapher/perceived-comfort-speaking-anxiety-depression,Perceived comfort speaking about anxiety or depression
https://ourworldindata.org/grapher/discomfort-speaking-anxiety-depression,Perceived discomfort speaking about anxiety or depression
https://ourworldindata.org/grapher/discomfort-speaking-anxiety-depression-by-gender,"Perceived discomfort speaking about anxiety or depression, by gender"
https://ourworldindata.org/grapher/importance-government-funding-research-anxiety-depression,Perceived importance of government funding for research on anxiety or depression
https://ourworldindata.org/grapher/importance-science-treating-anxiety-depression,Perceived importance of science in treating anxiety or depression
https://ourworldindata.org/grapher/psychiatrists-working-in-the-mental-health-sector,"Psychiatrists per 100,000 people"
https://ourworldindata.org/grapher/depressive-disorders-prevalence-ihme,Share of people living with depressive disorders
https://ourworldindata.org/grapher/depressive-disorders-prevalence-males-vs-females,"Share of people living with depressive disorders, males vs. females"
https://ourworldindata.org/grapher/schizophrenia-prevalence-by-age,"Share of people living with schizophrenia, by age"
https://ourworldindata.org/grapher/schizophrenia-prevalence-males-vs-females,"Share of people living with schizophrenia, males vs. females"
https://ourworldindata.org/grapher/depressive-disorders-prevalence-by-age,"Share of people who have depressive disorders, by age"
https://ourworldindata.org/grapher/anxiety-disorders-prevalence-vs-gdp,Share of population with anxiety disorders vs. GDP per capita
https://ourworldindata.org/grapher/eating-disorders-prevalence,Share of the population with an eating disorder
https://ourworldindata.org/grapher/eating-disorders-prevalence-by-age,"Share of the population with an eating disorder, by age"
https://ourworldindata.org/grapher/eating-disorders-prevalence-males-vs-females,"Share of the population with an eating disorder, males vs. females"
https://ourworldindata.org/grapher/anxiety-disorders-prevalence,Share of the population with anxiety disorders
https://ourworldindata.org/grapher/anxiety-disorders-prevalence-by-age,"Share of the population with anxiety disorders, by age"
https://ourworldindata.org/grapher/anxiety-disorders-prevalence-males-vs-females,"Share of the population with anxiety disorders, males vs. females"
https://ourworldindata.org/grapher/bipolar-disorder-prevalence,Share of the population with bipolar disorder
https://ourworldindata.org/grapher/bipolar-disorder-prevalence-by-age,"Share of the population with bipolar disorder, by age"
https://ourworldindata.org/grapher/bipolar-disorder-prevalence-males-vs-females,"Share of the population with bipolar disorder, males vs. females"
https://ourworldindata.org/grapher/schizophrenia-prevalence,Share of the population with schizophrenia
https://ourworldindata.org/grapher/friends-family-anxious-depressed,Share who know friends or family who have been anxious or depressed
https://ourworldindata.org/grapher/men-women-friends-family-anxious-depressed,"Share who know friends or family who have been anxious or depressed, by gender"
https://ourworldindata.org/grapher/share-who-say-its-extremely-important-for-the-national-government-to-fund-research-on-anxietydepression,Share who say it's extremely important for the national government to fund research on anxiety/depression
https://ourworldindata.org/grapher/comfort-speaking-vs-knowing-friends-family-with-anxiety-depression,Share who say local people would feel very comfortable speaking about anxiety or depression vs. share who know friends/family
https://ourworldindata.org/grapher/perceived-comfort-speaking-anxiety-depression-vs-talked-to-family-friends-when-had-anxiety-depression,Share who say local people would feel very comfortable speaking about anxiety or depression vs. share who spoke to friends/family
https://ourworldindata.org/grapher/stand-alone-policy-or-plan-for-mental-health,Stand-alone policy or plan for mental health
https://ourworldindata.org/grapher/anxiety-disorders-treatment-gap,Treatment gap for clinical anxiety
https://ourworldindata.org/grapher/self-reported-hopefulness,Self-reported hopefulness
https://ourworldindata.org/grapher/share-of-people-who-think-their-life-will-improve-in-the-next-years,Share of people who think their life will improve in the next years
https://ourworldindata.org/grapher/life-expectancy-hmd-unwpp,Life expectancy (HMD/UNWPP)
https://ourworldindata.org/grapher/life-expectancy,Life expectancy
https://ourworldindata.org/grapher/life-expectation-at-birth-by-sex,Life expectancy by sex
https://ourworldindata.org/grapher/period-versus-cohort-life-expectancy,Period versus cohort life expectancy
https://ourworldindata.org/grapher/probability-that-a-newborn-will-die-in-the-first-year-of-life-by-sex,"Probability of dying in infancy, by sex"
https://ourworldindata.org/grapher/probability-of-dying-that-year-among-females-of-a-given-age,"Probability of dying that year, among females"
https://ourworldindata.org/grapher/probability-of-dying-that-year-among-males-of-a-given-age,"Probability of dying that year, among males"
https://ourworldindata.org/grapher/remaining-life-expectancy-at-different-ages,Remaining life expectancy at different ages
https://ourworldindata.org/grapher/difference-in-female-and-male-life-expectancy-at-birth,Sex gap in life expectancy
https://ourworldindata.org/grapher/annual-death-rate-by-age-group,Annual death rate by age group
https://ourworldindata.org/grapher/age-standardized-deaths-from-all-causes,Annual death rate from all causes
https://ourworldindata.org/grapher/annual-death-rates-in-different-age-groups,Annual death rates at different ages
https://ourworldindata.org/grapher/annual-death-rates-in-different-age-groups-by-sex,"Annual death rates in people of different ages, by sex"
https://ourworldindata.org/grapher/maximum-life-expectancy-sex-female,Country with highest female life expectancy
https://ourworldindata.org/grapher/death-rate-by-cause-who-mdb,Death rates from different causes
https://ourworldindata.org/grapher/annual-deaths-by-age,Deaths by age group
https://ourworldindata.org/grapher/womens-life-expectancy-at-birth,Female life expectancy at birth
https://ourworldindata.org/grapher/healthy-life-expectancy-and-years-lived-with-disability,Healthy life expectancy and years lived with disability or disease
https://ourworldindata.org/grapher/gender-gap-in-life-expectancy-by-age-group,How death rates by age contribute to the sex gap in life expectancy
https://ourworldindata.org/grapher/life-expectancy-marimekko,Life expectancy (Marimekko)
https://ourworldindata.org/grapher/life-expectancy-at-birth-including-the-un-projections,Life expectancy at birth with projections
https://ourworldindata.org/grapher/future-life-expectancy-projections,"Life expectancy at birth, projections"
https://ourworldindata.org/grapher/life-expectancy-at-different-ages,Life expectancy for people of different ages
https://ourworldindata.org/grapher/life-expectancy-of-women-vs-life-expectancy-of-men,Life expectancy of women vs. men
https://ourworldindata.org/grapher/life-expectancy-versus-gini-lifespan-inequality,Life expectancy versus lifespan inequality
https://ourworldindata.org/grapher/life-expectancy-un-vs-gdp-per-capita-wb,Life expectancy vs. GDP per capita (UN/WB)
https://ourworldindata.org/grapher/life-expectancy-vs-gdp-per-capita,Life expectancy vs. GDP per capita
https://ourworldindata.org/grapher/gini-coefficient-of-lifespan-inequality-by-sex,Lifespan inequality: Gini coefficient by sex
https://ourworldindata.org/grapher/gini-coefficient-of-lifespan-inequality-in-females,Lifespan inequality: Gini coefficient in women
https://ourworldindata.org/grapher/mens-life-expectancy-at-birth,Male life expectancy at birth
https://ourworldindata.org/grapher/median-age,Median age
https://ourworldindata.org/grapher/modal-age-at-death-in-adults,Modal age at death in adults
https://ourworldindata.org/grapher/annual-number-of-deaths-by-world-region,"Number of deaths, by world region"
https://ourworldindata.org/grapher/probability-that-a-male-will-outlive-a-female,Probability that a man will outlive a woman
https://ourworldindata.org/grapher/remaining-life-expectancy-at-different-ages-females,"Remaining life expectancy at different ages, in females"
https://ourworldindata.org/grapher/remaining-life-expectancy-at-different-ages-males,"Remaining life expectancy at different ages, in males"
https://ourworldindata.org/grapher/difference-in-male-and-female-life-expectancy,Sex gap in life expectancy at different ages
https://ourworldindata.org/grapher/difference-in-life-expectancy-between-females-and-males-vs-child-mortality,Sex gap in life expectancy versus child mortality
https://ourworldindata.org/grapher/gender-ratio-in-life-expectancy-at-birth,Sex ratio in life expectancy
https://ourworldindata.org/grapher/female-to-male-life-expectancy-ratio,Sex ratio in life expectancy at different ages
https://ourworldindata.org/grapher/survival-to-age-65-of-cohort,Share of men and women expected to survive to age 65
https://ourworldindata.org/grapher/survival-ages-across-the-population,Survival ages across the population
https://ourworldindata.org/grapher/crude-death-rate-hmd,Crude death rate
https://ourworldindata.org/grapher/child-mortality-igme,Child mortality rate (IGME)
https://ourworldindata.org/grapher/child-mortality,Child mortality rate
https://ourworldindata.org/grapher/child-mortality-rate-marimekko,Child mortality rate (Marimekko)
https://ourworldindata.org/grapher/infant-mortality,Infant mortality rate
https://ourworldindata.org/grapher/neonatal-mortality-wdi,Neonatal mortality rate
https://ourworldindata.org/grapher/youth-mortality-rate,Youth mortality rate
https://ourworldindata.org/grapher/causes-of-death-in-children-under-5,Causes of death in children under five
https://ourworldindata.org/grapher/breakdown-of-child-mortality-by-cause,Child mortality by cause
https://ourworldindata.org/grapher/child-mortality-by-income-level-of-country,Child mortality by income level of country
https://ourworldindata.org/grapher/child-mortality-by-sex,Child mortality by sex
https://ourworldindata.org/grapher/child-mortality-around-the-world,Child mortality rate around the world
https://ourworldindata.org/grapher/child-mortality-rate-including-un-projections-through-2100,Child mortality rate with UN projections
https://ourworldindata.org/grapher/child-mortality-under-five-death-rate-by-wealth-group,Child mortality rate by household wealth
https://ourworldindata.org/grapher/child-mortality-line-chart-by-sex,Child mortality rate by sex (line chart)
https://ourworldindata.org/grapher/child-mortality-gdp-per-capita,Child mortality rate vs. GDP per capita
https://ourworldindata.org/grapher/childhood-deaths-from-the-five-most-lethal-infectious-diseases-worldwide,Childhood deaths from the most lethal infectious diseases
https://ourworldindata.org/grapher/children-woman-death-vs-survival,Children per woman that survived childhood vs. those that died
https://ourworldindata.org/grapher/deaths-from-preterm-birth-complications,Death rate from neonatal preterm birth complications
https://ourworldindata.org/grapher/pneumonia-death-rates-in-children-under-5,Death rate from pneumonia and other lower respiratory infections in children
https://ourworldindata.org/grapher/global-child-deaths-by-cause,Global child deaths by cause
https://ourworldindata.org/grapher/global-child-mortality-timeseries,Global child mortality
https://ourworldindata.org/grapher/infant-mortality-vaccines,Global infant mortality rate with and without vaccines
https://ourworldindata.org/grapher/infant-mortality-by-sex,Infant mortality by sex
https://ourworldindata.org/grapher/infant-mortality-rates,Infant mortality rate (historical)
https://ourworldindata.org/grapher/infant-mortality-rate-wdi,Infant mortality rate by sex
https://ourworldindata.org/grapher/leading-cause-of-child-mortality-among-children-under-five,Leading cause of child mortality among children under five
https://ourworldindata.org/grapher/maternal-mortality-vs-neonatal-mortality,Maternal mortality ratio vs. neonatal mortality
https://ourworldindata.org/grapher/share-of-mothers-in-low--and-middle-income-countries-who-lost-a-child-under-5,"Mothers who have lost a child under five, across birth cohorts"
https://ourworldindata.org/grapher/neonatal-deaths-by-cause,Neonatal deaths by cause
https://ourworldindata.org/grapher/number-of-child-deaths-igme,Number of child deaths
https://ourworldindata.org/grapher/child-deaths-life-stage,Number of child deaths by age
https://ourworldindata.org/grapher/child-deaths-igme-data,Number of child deaths by region
https://ourworldindata.org/grapher/children-died-before-five-per-woman,Number of child deaths per woman
https://ourworldindata.org/grapher/child-deaths-by-world-region-un-data,"Number of children who die before age 5, by world region"
https://ourworldindata.org/grapher/number-of-infant-deaths,Number of infant deaths
https://ourworldindata.org/grapher/number-of-infant-deaths-unwpp,Number of infants who die before age 1
https://ourworldindata.org/grapher/number-of-neonatal-deaths-igme,Number of neonatal deaths
https://ourworldindata.org/grapher/number-of-neonatal-deaths-by-region,Number of neonatal deaths by region
https://ourworldindata.org/grapher/neonatal-infant-and-child-deaths,"Number of neonatal, infant and child deaths"
https://ourworldindata.org/grapher/share-of-mothers-receiving-at-least-one-antenatal-visit-during-pregnancy,Share of mothers visited by a health professional during pregnancy
https://ourworldindata.org/grapher/share-of-mothers-who-have-lost-a-child-under-5,Share of mothers who have lost a child under five
https://ourworldindata.org/grapher/share-of-mothers-who-have-lost-an-infant,Share of mothers who have lost an infant
https://ourworldindata.org/grapher/stillbirth-rate,Stillbirth rate
https://ourworldindata.org/grapher/number-of-new-tetanus-cases-in-children-under-5,"Annual new cases of tetanus in children under five, by world region"
https://ourworldindata.org/grapher/child-death-change,Child deaths in first five years by age group
https://ourworldindata.org/grapher/infants-pre-term-share,Share of infants that are born pre-term
https://ourworldindata.org/grapher/share-of-population-in-extreme-poverty,Share of population living in extreme poverty
https://ourworldindata.org/grapher/total-population-living-in-extreme-poverty-by-world-region,Total population living in extreme poverty by world region
https://ourworldindata.org/grapher/share-in-poverty-relative-to-different-poverty-thresholds,Share in poverty relative to different poverty lines
https://ourworldindata.org/grapher/distribution-of-population-between-different-poverty-thresholds-historical,Distribution of population between different poverty lines (historical)
https://ourworldindata.org/grapher/share-multi-poverty,Share of population living in multidimensional poverty
https://ourworldindata.org/grapher/multidimensional-poverty-index-mpi,Multidimensional Poverty Index (MPI)
https://ourworldindata.org/grapher/share-extreme-poverty-vs-share-mpi-poor,How does extreme monetary poverty compare to multidimensional poverty?
https://ourworldindata.org/grapher/total-population-in-extreme-poverty,Number of people living in extreme poverty
https://ourworldindata.org/grapher/share-living-with-less-than-1-int--per-day,Poverty: Share living on less than $1 a day
https://ourworldindata.org/grapher/share-living-with-less-than-320-int--per-day,Poverty: Share living on less than $4.20 a day
https://ourworldindata.org/grapher/share-living-with-less-than-upper-middle-income-poverty-line,Poverty: Share living on less than $8.30 a day
https://ourworldindata.org/grapher/share-of-population-living-in-extreme-poverty-cost-of-basic-needs,"Share living in extreme poverty, cost of basic needs"
https://ourworldindata.org/grapher/projections-extreme-poverty-wb,"Total population living in extreme poverty, projections"
https://ourworldindata.org/grapher/cereal-yield-vs-extreme-poverty,Cereal yield vs. share in extreme poverty
https://ourworldindata.org/grapher/death-rates-from-indoor-air-pollution-vs-share-of-population-in-absolute-poverty,Death rate from indoor air pollution vs. share in extreme poverty
https://ourworldindata.org/grapher/death-rate-from-unsafe-water-sources-vs-share-in-extreme-poverty,Death rate from unsafe water sources vs. extreme poverty
https://ourworldindata.org/grapher/distribution-of-population-poverty-thresholds,Distribution of population between poverty lines (fewer thresholds)
https://ourworldindata.org/grapher/distribution-of-population-between-different-poverty-lines-more-thresholds,Distribution of population between poverty lines (more thresholds)
https://ourworldindata.org/grapher/distribution-of-population-between-different-poverty-thresholds-stacked-bar,Distribution of population between poverty lines (stacked bar)
https://ourworldindata.org/grapher/expected-years-of-schooling-vs-share-in-extreme-poverty,Expected years of schooling vs. share in extreme poverty
https://ourworldindata.org/grapher/fertility-rate-vs-the-share-living-in-extreme-poverty,Fertility rate vs. share living in extreme poverty
https://ourworldindata.org/grapher/gdp-per-capita-worldbank,"GDP per capita, World Bank"
https://ourworldindata.org/grapher/hidden-hunger-index-vs-extreme-poverty,Hidden Hunger Index vs. share in extreme poverty
https://ourworldindata.org/grapher/p10-vs-gdp-per-capita,Income or consumption of poorest 10% vs. GDP per capita
https://ourworldindata.org/grapher/threshold-income-marking-the-poorest-decile-vs-mean-income-wb,Income or consumption of poorest 10% vs. mean income
https://ourworldindata.org/grapher/daily-income-of-the-poorest-and-richest-decile,Income or consumption of poorest and richest 10%
https://ourworldindata.org/grapher/intensity-of-multidimensional-poverty,Intensity of multidimensional poverty
https://ourworldindata.org/grapher/intensity-of-multidimensional-poverty-hot,"Intensity of multidimensional poverty, harmonized"
https://ourworldindata.org/grapher/mean-daily-per-capita-expenditure-vs-gdp-per-capita,Mean income or consumption per day vs. GDP per capita
https://ourworldindata.org/grapher/mean-versus-median-monthly-per-capita-expenditure-or-income,Mean vs. median income or consumption
https://ourworldindata.org/grapher/median-daily-per-capita-expenditure-vs-gdp-per-capita,Median income or consumption per day vs. GDP per capita
https://ourworldindata.org/grapher/multidimensional-poverty-index-mpi-hot,Multidimensional Poverty Index (harmonized)
https://ourworldindata.org/grapher/mean-daily-expenditure-per-capita-vs-national-poverty-line,National poverty line vs. mean daily income or consumption
https://ourworldindata.org/grapher/median-daily-expenditure-per-capita-vs-national-poverty-line,National poverty line vs. median daily income or consumption
https://ourworldindata.org/grapher/above-or-below-extreme-poverty-line-world-bank,Number of people living in extreme poverty (stacked)
https://ourworldindata.org/grapher/number-of-people-living-in-extreme-poverty-by-region-long-run,"Number of people living in extreme poverty by region, historical"
https://ourworldindata.org/grapher/number-of-people-living-in-extreme-poverty-by-region-cbn,"Number of people living in extreme poverty by region, cost of basic needs"
https://ourworldindata.org/grapher/poverty-gap-index-extreme-poverty,Poverty gap index at $3 a day
https://ourworldindata.org/grapher/share-living-with-less-than-10-int--per-day,Poverty: Share living on less than $10 a day
https://ourworldindata.org/grapher/poverty-share-of-population-living-on-less-than-40-a-day,Poverty: Share living on less than $40 a day
https://ourworldindata.org/grapher/age-group-with-the-largest-population,Age Group With The Largest Population
https://ourworldindata.org/grapher/co2-gdp-pop-growth,CO₂ GDP Pop Growth
https://ourworldindata.org/grapher/annual-population-growth,Annual Population Growth
https://ourworldindata.org/grapher/births-and-deaths,Births And Deaths
https://ourworldindata.org/grapher/birth-rate-vs-death-rate,Birth Rate Vs Death Rate
https://ourworldindata.org/grapher/birth-rates-and-death-rates,Birth Rates And Death Rates
https://ourworldindata.org/grapher/births-and-deaths-projected-to-2100,Births And Deaths Projected To 2100
https://ourworldindata.org/grapher/children-per-woman-vs-population-growth,Children Per Woman Vs Population Growth
https://ourworldindata.org/grapher/contraceptive-prevalence-any-methods-vs-modern-methods,Contraceptive Prevalence Any Methods Vs Modern Methods
https://ourworldindata.org/grapher/deaths-by-age-group,Deaths By Age Group
https://ourworldindata.org/grapher/englands-economy-over-the-long-run-gdp-per-capita-vs-population,Englands Economy Over The Long Run GDP Per Capita Vs Population
https://ourworldindata.org/grapher/englands-economy-over-the-long-run-gdp-vs-population,Englands Economy Over The Long Run GDP Vs Population
https://ourworldindata.org/grapher/fertility-rate-with-projections,Fertility Rate With Projections
https://ourworldindata.org/grapher/population-peak-status,Population Peak Status
https://ourworldindata.org/grapher/un-population-2024-vs-2022,Un Population 2024 Vs 2022
https://ourworldindata.org/grapher/natural-population-growth,Natural Population Growth
https://ourworldindata.org/grapher/child-mortality-vs-population-growth,Child Mortality Vs Population Growth
https://ourworldindata.org/grapher/population-growth-rate-vs-median-age,Population Growth Rate Vs Median Age
https://ourworldindata.org/grapher/number-of-one-year-olds,Number Of One Year Olds
https://ourworldindata.org/grapher/number-of-births-per-year,Number Of Births Per Year
https://ourworldindata.org/grapher/annual-number-of-births-by-world-region,Annual Number Of Births By World Region
https://ourworldindata.org/grapher/population-younger-than-15-with-projections,Population Younger Than 15 With Projections
https://ourworldindata.org/grapher/children-under-age-5,Children Under Age 5
https://ourworldindata.org/grapher/projected-population-under-age-5,Projected Population Under Age 5
https://ourworldindata.org/grapher/number-of-child-deaths-unwpp,Number Of Child Deaths Unwpp
https://ourworldindata.org/grapher/population-young-working-elderly,Population Young Working Elderly
https://ourworldindata.org/grapher/population-young-working-elderly-with-projections,Population Young Working Elderly With Projections
https://ourworldindata.org/grapher/number-of-deaths-per-year,Number Of Deaths Per Year
https://ourworldindata.org/grapher/total-live-births-hfd,Total Live Births Hfd
https://ourworldindata.org/grapher/population-unwpp,Population Unwpp
https://ourworldindata.org/grapher/population-with-un-projections,Population With Un Projections
https://ourworldindata.org/grapher/population,Population
https://ourworldindata.org/grapher/population-long-run-with-projections,Population Long Run With Projections
https://ourworldindata.org/grapher/population-marimekko,Population Marimekko
https://ourworldindata.org/grapher/population-by-five-year-age-group,Population By Five Year Age Group
https://ourworldindata.org/grapher/population-by-age-group,Population By Age Group
https://ourworldindata.org/grapher/population-by-income-level,Population By Income Level
https://ourworldindata.org/grapher/population-regions-with-projections,Population Regions With Projections
https://ourworldindata.org/grapher/population-density,Population Density
https://ourworldindata.org/grapher/population-growth-rates,Population Growth Rates
https://ourworldindata.org/grapher/population-growth-rate-with-and-without-migration,Population Growth Rate With And Without Migration
https://ourworldindata.org/grapher/population-growth-rate-by-level-of-development,Population Growth Rate By Level Of Development
https://ourworldindata.org/grapher/population-of-england-millennium,Population Of England Millennium
https://ourworldindata.org/grapher/comparison-of-world-population-projections,Comparison Of World Population Projections
https://ourworldindata.org/grapher/prison-population-rate,Prison Population Rate
https://ourworldindata.org/grapher/births-registered,Births Registered
https://ourworldindata.org/grapher/share-of-global-consumption-based-co-emissions-and-population,Share Of Global Consumption Based Co Emissions And Population
https://ourworldindata.org/grapher/contraceptive-prevalence-any-methods-of-women-ages-15-49,Contraceptive Prevalence Any Methods Of Women Ages 15 49
https://ourworldindata.org/grapher/women-who-have-next-birth-parity-progression-ratio,Women WHO Have Next Birth Parity Progression Ratio
https://ourworldindata.org/grapher/demographic-transition-england-wales,Demographic Transition England Wales
https://ourworldindata.org/grapher/demographic-transition-sweden,Demographic Transition Sweden
https://ourworldindata.org/grapher/population-growth-rate,Population Growth Rate
https://ourworldindata.org/grapher/world-population-projections-by-un-prospects-revision,World Population Projections By Un Prospects Revision
https://ourworldindata.org/grapher/world-population-comparison-historical-sources,World Population Comparison Historical Sources
https://ourworldindata.org/grapher/school-enrolment,School enrollment rates
https://ourworldindata.org/grapher/school-completion,School completion rates
https://ourworldindata.org/grapher/literacy,Literacy
https://ourworldindata.org/grapher/learning-outcomes,Learning outcomes
https://ourworldindata.org/grapher/qualified-and-trained-teachers,Qualified and trained teachers
https://ourworldindata.org/grapher/gender-gap-education-levels,Gender gap in education levels
https://ourworldindata.org/grapher/primary-secondary-enrollment-completion-rates,"Primary, secondary and tertiary enrollment/completion"
https://ourworldindata.org/grapher/gross-enrollment-ratio-in-secondary-education,Gross enrollment ratio in secondary education
https://ourworldindata.org/grapher/world-population-level-education,Population by level of education
https://ourworldindata.org/grapher/inequality-in-education,Inequality in education
https://ourworldindata.org/grapher/education-spending,Government spending on education
https://ourworldindata.org/grapher/children-not-in-school,Children out of school
https://ourworldindata.org/grapher/share-of-the-population-with-a-completed-post-secondary-education,Share with post-secondary education
https://ourworldindata.org/grapher/migrant-populations,International migrant populations
https://ourworldindata.org/grapher/net-migration-metrics,Net migration metrics
https://ourworldindata.org/grapher/migrant-stock-total,Total international immigrants
https://ourworldindata.org/grapher/value-of-exported-goods-and-services,Value of exported goods and services
https://ourworldindata.org/grapher/service-exports-and-imports-gdp,Services trade as share of GDP
https://ourworldindata.org/grapher/international-tourist-trips-per-1000-people,"International tourist trips per 1,000 people"
https://ourworldindata.org/grapher/international-tourist-departures,International tourist departures
https://ourworldindata.org/grapher/international-tourist-arrivals-by-region-of-origin,International tourist arrivals by region of origin
https://ourworldindata.org/grapher/international-tourist-trips,International tourist trips
https://ourworldindata.org/grapher/international-trips-for-personal-reasons,International trips for personal reasons
https://ourworldindata.org/grapher/women-can-obtain-divorce-same-as-men,Women can obtain divorce on same terms as men
https://ourworldindata.org/grapher/population-subjected-to-physical-violence,Physical violence: men vs women
https://ourworldindata.org/grapher/gender-gap-in-hourly-wages-vs-ratio-of-female-to-male-labor-force-participation,Gender wage gap vs female labor force participation
https://ourworldindata.org/grapher/gender-wage-gap-oecd,"Gender wage gap, OECD"
https://ourworldindata.org/grapher/female-employment-to-population-ratio-latest-vs-1980,Female employment: 1980 vs latest
https://ourworldindata.org/grapher/gender-wage-gap-vs-gdp-per-capita-income-groups,"Gender wage gap vs GDP, income groups"
https://ourworldindata.org/grapher/women-business-and-the-law-index,"Women, Business and the Law Index"
https://ourworldindata.org/grapher/gender-wage-gap-vs-gdp-per-capita,Gender wage gap vs GDP per capita
https://ourworldindata.org/grapher/employment-to-population-ratio-men-vs-women,Employment-to-population ratio: men vs women
https://ourworldindata.org/grapher/gender-gap-in-average-wages-ilo,"Gender gap in average wages, ILO"
https://ourworldindata.org/grapher/female-labor-force-by-age,Female labor force by age
https://ourworldindata.org/grapher/women-can-take-the-same-jobs-as-men,Women can take the same jobs as men
https://ourworldindata.org/grapher/gender-gap-in-average-wages-2000-vs-today,Gender wage gap: 2000 vs today
https://ourworldindata.org/grapher/hepatitis-death-rate,Hepatitis Death Rate
https://ourworldindata.org/grapher/death-rate-amphetamine,Death Rate Amphetamine
https://ourworldindata.org/grapher/death-rate-amphetamine-who,Death Rate Amphetamine WHO
https://ourworldindata.org/grapher/deaths-amphetamine-overdoses-by-sex,Deaths Amphetamine Overdoses By Sex
https://ourworldindata.org/grapher/road-deaths-by-type,Road Deaths By Type
https://ourworldindata.org/grapher/total-deaths-comparison,Total Deaths Comparison
https://ourworldindata.org/grapher/autopsy-rate,Autopsy Rate
https://ourworldindata.org/grapher/cancer-death-rate-by-age-group,Cancer Death Rate By Age Group
https://ourworldindata.org/grapher/annual-number-of-deaths-by-cause,Annual Number Of Deaths By Cause
https://ourworldindata.org/grapher/causes-of-death-in-15-49-year-olds,Causes Of Death In 15 49 Year Olds
https://ourworldindata.org/grapher/causes-of-death-in-50-69-year-olds,Causes Of Death In 50 69 Year Olds
https://ourworldindata.org/grapher/causes-of-death-in-5-14-year-olds,Causes Of Death In 5 14 Year Olds
https://ourworldindata.org/grapher/twentieth-century-of-deaths-us,Twentieth Century Of Deaths US
https://ourworldindata.org/grapher/causes-of-death-in-70-year-olds,Causes Of Death In 70 Year Olds
https://ourworldindata.org/grapher/broad-causes-of-death,Broad Causes Of Death
https://ourworldindata.org/grapher/child-mortality-by-the-type-of-congenital-birth-defect,Child Mortality By The Type Of Congenital Birth Defect
https://ourworldindata.org/grapher/child-death-rates-by-cause,Child Death Rates By Cause
https://ourworldindata.org/grapher/respiratory-disease-deaths-by-age,Respiratory Disease Deaths By Age
https://ourworldindata.org/grapher/respiratory-disease-death-rate,Respiratory Disease Death Rate
https://ourworldindata.org/grapher/chronic-respiratory-diseases-death-rate-who-mdb,Chronic Respiratory Diseases Death Rate WHO Mdb
https://ourworldindata.org/grapher/death-rates-cocaine,Death Rates Cocaine
https://ourworldindata.org/grapher/death-rates-cocaine-who,Death Rates Cocaine WHO
https://ourworldindata.org/grapher/death-rates-cocaine-overdoses-by-age,Death Rates Cocaine Overdoses By Age
https://ourworldindata.org/grapher/deaths-cocaine-overdoses-by-sex,Deaths Cocaine Overdoses By Sex
https://ourworldindata.org/grapher/congenital-birth-defect-mortality-rates-in-children-under-5,Congenital Birth Defect Mortality Rates In Children Under 5
https://ourworldindata.org/grapher/adoption-of-new-icd-guidelines-who-mortality-database,Adoption Of New ICD Guidelines WHO Mortality Database
https://ourworldindata.org/grapher/crude-death-rate-the-share-of-the-population-that-dies-each-year-who,Crude Death Rate The Share Of The Population That Dies Each Year WHO
https://ourworldindata.org/grapher/crude-death-rate-the-share-of-the-population-that-dies-each-year-gbd,Crude Death Rate The Share Of The Population That Dies Each Year GBD
https://ourworldindata.org/grapher/daily-new-confirmed-covid-19-deaths-in-sweden-oct-2020,Daily New Confirmed Covid 19 Deaths In Sweden Oct 2020
https://ourworldindata.org/grapher/crude-death-rate,Crude Death Rate
https://ourworldindata.org/grapher/death-rate-household-air-pollution,Death Rate Household Air Pollution
https://ourworldindata.org/grapher/death-rate-household-and-ambient-air-pollution,Death Rate Household And Ambient Air Pollution
https://ourworldindata.org/grapher/death-rate-by-age-group-in-england-and-wales,Death Rate By Age Group In England And Wales
https://ourworldindata.org/grapher/death-rates-due-to-low-physical-activity,Death Rates Due To Low Physical Activity
https://ourworldindata.org/grapher/death-rates-due-to-low-physical-activity-gbd,Death Rates Due To Low Physical Activity GBD
https://ourworldindata.org/grapher/death-rate-road-traffic-injuries,Death Rate Road Traffic Injuries
https://ourworldindata.org/grapher/dementia-death-rates,Dementia Death Rates
https://ourworldindata.org/grapher/death-rate-from-alzheimers-other-dementias-gbd,Death Rate From Alzheimers Other Dementias GBD
https://ourworldindata.org/grapher/death-rate-from-alzheimers-other-dementias-ghe,Death Rate From Alzheimers Other Dementias Ghe
https://ourworldindata.org/grapher/death-rate-from-parkinsons-disease,Death Rate From Parkinsons Disease
https://ourworldindata.org/grapher/death-rate-from-parkinsons-disease-gbd,Death Rate From Parkinsons Disease GBD
https://ourworldindata.org/grapher/death-rate-from-parkinsons-disease-ghe,Death Rate From Parkinsons Disease Ghe
https://ourworldindata.org/grapher/death-rate-from-ambient-particulate-air-pollution,Death Rate From Ambient Particulate Air Pollution
https://ourworldindata.org/grapher/cancer-death-rate-who-mdb,Cancer Death Rate WHO Mdb
https://ourworldindata.org/grapher/cardiovascular-disease-death-rates,Cardiovascular Disease Death Rates
https://ourworldindata.org/grapher/death-rate-from-cardiovascular-diseases,Death Rate From Cardiovascular Diseases
https://ourworldindata.org/grapher/death-rate-from-cardiovascular-disease-ghe,Death Rate From Cardiovascular Disease Ghe
https://ourworldindata.org/grapher/cardiovascular-disease-death-rate-who-mdb,Cardiovascular Disease Death Rate WHO Mdb
https://ourworldindata.org/grapher/cardiovascular-disease-death-rate-age-group-who-mdb,Cardiovascular Disease Death Rate Age Group WHO Mdb
https://ourworldindata.org/grapher/death-rate-from-cardiovascular-disease-for-15--to-49-year-olds,Death Rate From Cardiovascular Disease For 15 To To 49 Year Olds
https://ourworldindata.org/grapher/respiratory-disease-death-rate-gbd,Respiratory Disease Death Rate GBD
https://ourworldindata.org/grapher/death-rate-from-communicable-vs-non-communicable-diseases,Death Rate From Communicable Vs Non Communicable Diseases
https://ourworldindata.org/grapher/death-rate-from-diabetes,Death Rate From Diabetes
https://ourworldindata.org/grapher/death-rate-from-diabetes-gbd,Death Rate From Diabetes GBD
https://ourworldindata.org/grapher/death-rate-from-diabetes-ghe,Death Rate From Diabetes Ghe
https://ourworldindata.org/grapher/death-rate-from-diabetes-who-mdb,Death Rate From Diabetes WHO Mdb
https://ourworldindata.org/grapher/death-rate-from-digestive-diseases,Death Rate From Digestive Diseases
https://ourworldindata.org/grapher/death-rate-from-digestive-diseases-gbd,Death Rate From Digestive Diseases GBD
https://ourworldindata.org/grapher/death-rate-from-digestive-diseases-who-mdb,Death Rate From Digestive Diseases WHO Mdb
https://ourworldindata.org/grapher/drowning-death-rates,Drowning Death Rates
https://ourworldindata.org/grapher/death-rate-from-drowning,Death Rate From Drowning
https://ourworldindata.org/grapher/death-rate-from-drowning-ghe,Death Rate From Drowning Ghe
https://ourworldindata.org/grapher/death-rate-from-drowning-among-children-aged-5-to-14,Death Rate From Drowning Among Children Aged 5 To 14
https://ourworldindata.org/grapher/drowning-death-rates-under-5,Drowning Death Rates Under 5
https://ourworldindata.org/grapher/death-rate-from-falls,Death Rate From Falls
https://ourworldindata.org/grapher/death-rate-from-falls-gbd,Death Rate From Falls GBD
https://ourworldindata.org/grapher/death-rate-from-falls-gbd-rate,Death Rate From Falls GBD Rate
https://ourworldindata.org/grapher/fire-death-rates,Fire Death Rates
https://ourworldindata.org/grapher/death-rate-from-fires-and-burns-ihme,Death Rate From Fires And Burns IHME
https://ourworldindata.org/grapher/death-rate-from-fires-and-burns-who,Death Rate From Fires And Burns WHO
https://ourworldindata.org/grapher/death-rates-from-high-blood-sugar,Death Rates From High Blood Sugar
https://ourworldindata.org/grapher/death-rates-from-high-blood-sugar-gbd,Death Rates From High Blood Sugar GBD
https://ourworldindata.org/grapher/death-rates-from-high-blood-pressure,Death Rates From High Blood Pressure
https://ourworldindata.org/grapher/death-rates-from-high-blood-pressure-gbd,Death Rates From High Blood Pressure GBD
https://ourworldindata.org/grapher/death-rates-from-indoor-air-pollution-gbd,Death Rates From Indoor Air Pollution GBD
https://ourworldindata.org/grapher/death-rate-from-indoor-air-pollution-in-1990-vs-2023,Death Rate From Indoor Air Pollution In 1990 Vs 2023
https://ourworldindata.org/grapher/infectious-disease-death-rates,Infectious Disease Death Rates
https://ourworldindata.org/grapher/infectious-disease-death-rates-gbd,Infectious Disease Death Rates GBD
https://ourworldindata.org/grapher/death-rate-from-liver-disease,Death Rate From Liver Disease
https://ourworldindata.org/grapher/death-rate-from-liver-disease-gbd,Death Rate From Liver Disease GBD
https://ourworldindata.org/grapher/death-rate-from-malnutrition,Death Rate From Malnutrition
https://ourworldindata.org/grapher/death-rate-from-malnutrition-ghe,Death Rate From Malnutrition Ghe
https://ourworldindata.org/grapher/death-rate-from-meningitis,Death Rate From Meningitis
https://ourworldindata.org/grapher/death-rate-from-meningitis-gbd,Death Rate From Meningitis GBD
https://ourworldindata.org/grapher/death-rate-from-meningitis-who,Death Rate From Meningitis WHO
https://ourworldindata.org/grapher/death-rate-from-obesity-gbd,Death Rate From Obesity GBD
https://ourworldindata.org/grapher/pneumonia-death-rates-age-standardized,Pneumonia Death Rates Age Standardized
https://ourworldindata.org/grapher/death-rate-from-pneumonia-gbd,Death Rate From Pneumonia GBD
https://ourworldindata.org/grapher/death-rate-from-pneumonia-ghe,Death Rate From Pneumonia Ghe
https://ourworldindata.org/grapher/death-rate-from-poisoning,Death Rate From Poisoning
https://ourworldindata.org/grapher/death-rate-from-poisoning-gbd,Death Rate From Poisoning GBD
https://ourworldindata.org/grapher/death-rate-from-poisoning-ghe,Death Rate From Poisoning Ghe
https://ourworldindata.org/grapher/death-rate-from-maternal-disorders-ihme,Death Rate From Maternal Disorders IHME
https://ourworldindata.org/grapher/death-rate-from-maternal-disorders,Death Rate From Maternal Disorders
https://ourworldindata.org/grapher/death-rate-from-respiratory-infections,Death Rate From Respiratory Infections
https://ourworldindata.org/grapher/death-rate-from-respiratory-infections-gbd,Death Rate From Respiratory Infections GBD
https://ourworldindata.org/grapher/death-rate-from-road-accidents-for-15--to-49-year-olds,Death Rate From Road Accidents For 15 To To 49 Year Olds
https://ourworldindata.org/grapher/death-rates-road-incidents,Death Rates Road Incidents
https://ourworldindata.org/grapher/death-rate-from-road-accidents,Death Rate From Road Accidents
https://ourworldindata.org/grapher/death-rate-from-road-accidents-ghe,Death Rate From Road Accidents Ghe
https://ourworldindata.org/grapher/death-rate-from-secondhand-smoke,Death Rate From Secondhand Smoke
https://ourworldindata.org/grapher/death-rate-from-secondhand-smoke-gbd,Death Rate From Secondhand Smoke GBD
https://ourworldindata.org/grapher/death-rate-from-smoking,Death Rate From Smoking
https://ourworldindata.org/grapher/death-rates-smoking-age,Death Rates Smoking Age
https://ourworldindata.org/grapher/death-rate-from-strokes,Death Rate From Strokes
https://ourworldindata.org/grapher/death-rate-from-strokes-who,Death Rate From Strokes WHO
https://ourworldindata.org/grapher/death-rate-from-poisonings,Death Rate From Poisonings
https://ourworldindata.org/grapher/death-rates-from-unsafe-sex,Death Rates From Unsafe Sex
https://ourworldindata.org/grapher/death-rates-from-unsafe-sex-gbd,Death Rates From Unsafe Sex GBD
https://ourworldindata.org/grapher/death-rate-upper-respiratory-age,Death Rate Upper Respiratory Age
https://ourworldindata.org/grapher/death-rate-from-venomous-animal,Death Rate From Venomous Animal
https://ourworldindata.org/grapher/death-rate-from-snakebite-envenoming,Death Rate From Snakebite Envenoming
https://ourworldindata.org/grapher/historical-death-rates-from-each-cause-category-in-france,Historical Death Rates From Each Cause Category In France
https://ourworldindata.org/grapher/death-rates-through-the-20th-century,Death Rates Through The 20th Century
https://ourworldindata.org/grapher/deaths-due-to-drug-use,Deaths Due To Drug Use
https://ourworldindata.org/grapher/deaths-due-to-illicit-drug-use-by-age,Deaths Due To Illicit Drug Use By Age
https://ourworldindata.org/grapher/number-of-deaths-by-age-group,Number Of Deaths By Age Group
https://ourworldindata.org/grapher/annual-deaths-by-age-england-and-wales,Annual Deaths By Age England And Wales
https://ourworldindata.org/grapher/number-of-deaths-by-risk-factor,Number Of Deaths By Risk Factor
https://ourworldindata.org/grapher/deaths-risk-factor-15-49years,Deaths Risk Factor 15 49years
https://ourworldindata.org/grapher/deaths-risk-factor-5-14years,Deaths Risk Factor 5 14years
https://ourworldindata.org/grapher/deaths-risk-factor-50-69years,Deaths Risk Factor 50 69years
https://ourworldindata.org/grapher/deaths-by-risk-factor-over-70,Deaths By Risk Factor Over 70
https://ourworldindata.org/grapher/deaths-by-risk-under5s,Deaths By Risk Under5s
https://ourworldindata.org/grapher/deaths-due-to-high-blood-sugar,Deaths Due To High Blood Sugar
https://ourworldindata.org/grapher/deaths-due-to-low-physical-activity,Deaths Due To Low Physical Activity
https://ourworldindata.org/grapher/deaths-due-to-measles-gbd,Deaths Due To Measles GBD
https://ourworldindata.org/grapher/deaths-due-to-obesity,Deaths Due To Obesity
https://ourworldindata.org/grapher/deaths-due-to-unsafe-sex,Deaths Due To Unsafe Sex
https://ourworldindata.org/grapher/deaths-from-alzheimers,Deaths From Alzheimers
https://ourworldindata.org/grapher/deaths-from-alzheimers-other-dementias,Deaths From Alzheimers Other Dementias
https://ourworldindata.org/grapher/deaths-from-parkinsons-disease,Deaths From Parkinsons Disease
https://ourworldindata.org/grapher/deaths-from-parkinsons-disease-ghe,Deaths From Parkinsons Disease Ghe
https://ourworldindata.org/grapher/deaths-from-acute-hepatitis-by-age,Deaths From Acute Hepatitis By Age
https://ourworldindata.org/grapher/deaths-from-acute-hepatitis-by-cause,Deaths From Acute Hepatitis By Cause
https://ourworldindata.org/grapher/deaths-from-air-pollution-line,Deaths From Air Pollution Line
https://ourworldindata.org/grapher/air-pollution-deaths-by-age,Air Pollution Deaths By Age
https://ourworldindata.org/grapher/deaths-from-cancer-who,Deaths From Cancer WHO
https://ourworldindata.org/grapher/deaths-from-respiratory-disease,Deaths From Respiratory Disease
https://ourworldindata.org/grapher/deaths-from-cysticercosis,Deaths From Cysticercosis
https://ourworldindata.org/grapher/dementia-related-deaths-by-age,Dementia Related Deaths By Age
https://ourworldindata.org/grapher/deaths-from-diabetes,Deaths From Diabetes
https://ourworldindata.org/grapher/deaths-from-diabetes-ghe,Deaths From Diabetes Ghe
https://ourworldindata.org/grapher/deaths-from-diabetes-by-age,Deaths From Diabetes By Age
https://ourworldindata.org/grapher/deaths-from-diabetes-by-type,Deaths From Diabetes By Type
https://ourworldindata.org/grapher/deaths-from-digestive-diseases,Deaths From Digestive Diseases
https://ourworldindata.org/grapher/deaths-from-drowning,Deaths From Drowning
https://ourworldindata.org/grapher/deaths-from-drowning-ghe,Deaths From Drowning Ghe
https://ourworldindata.org/grapher/drowning-deaths-by-age-group,Drowning Deaths By Age Group
https://ourworldindata.org/grapher/deaths-from-encephalitis-by-age,Deaths From Encephalitis By Age
https://ourworldindata.org/grapher/deaths-from-falls,Deaths From Falls
https://ourworldindata.org/grapher/deaths-from-falls-gbd,Deaths From Falls GBD
https://ourworldindata.org/grapher/fire-deaths-by-age,Fire Deaths By Age
https://ourworldindata.org/grapher/deaths-from-fires-and-burns,Deaths From Fires And Burns
https://ourworldindata.org/grapher/deaths-from-fires-and-burns-who,Deaths From Fires And Burns WHO
https://ourworldindata.org/grapher/deaths-from-infectious-diseases,Deaths From Infectious Diseases
https://ourworldindata.org/grapher/deaths-from-liver-disease,Deaths From Liver Disease
https://ourworldindata.org/grapher/deaths-from-malnutrition,Deaths From Malnutrition
https://ourworldindata.org/grapher/deaths-from-malnutrition-ghe,Deaths From Malnutrition Ghe
https://ourworldindata.org/grapher/deaths-from-measles-by-age,Deaths From Measles By Age
https://ourworldindata.org/grapher/deaths-from-meningitis,Deaths From Meningitis
https://ourworldindata.org/grapher/deaths-from-meningitis-ghe,Deaths From Meningitis Ghe
https://ourworldindata.org/grapher/deaths-from-meningitis-by-age,Deaths From Meningitis By Age
https://ourworldindata.org/grapher/deaths-from-natural-disasters,Deaths From Natural Disasters
https://ourworldindata.org/grapher/deaths-from-obesity-by-age,Deaths From Obesity By Age
https://ourworldindata.org/grapher/deaths-from-pneumonia,Deaths From Pneumonia
https://ourworldindata.org/grapher/deaths-from-lower-respiratory-infections-ghe,Deaths From Lower Respiratory Infections Ghe
https://ourworldindata.org/grapher/deaths-from-poisoning,Deaths From Poisoning
https://ourworldindata.org/grapher/deaths-from-poisonings-ghe,Deaths From Poisonings Ghe
https://ourworldindata.org/grapher/deaths-from-rabies-by-age,Deaths From Rabies By Age
https://ourworldindata.org/grapher/deaths-from-respiratory-infections,Deaths From Respiratory Infections
https://ourworldindata.org/grapher/road-incident-deaths-by-age,Road Incident Deaths By Age
https://ourworldindata.org/grapher/number-of-deaths-from-road-injuries,Number Of Deaths From Road Injuries
https://ourworldindata.org/grapher/deaths-from-road-injuries,Deaths From Road Injuries
https://ourworldindata.org/grapher/deaths-from-syphilis-by-age,Deaths From Syphilis By Age
https://ourworldindata.org/grapher/deaths-from-venomous-animal-contact,Deaths From Venomous Animal Contact
https://ourworldindata.org/grapher/deaths-from-snakebite-envenoming,Deaths From Snakebite Envenoming
https://ourworldindata.org/grapher/deaths-from-yellow-fever-by-age,Deaths From Yellow Fever By Age
https://ourworldindata.org/grapher/road-deaths-over-the-long-term,Road Deaths Over The Long Term
https://ourworldindata.org/grapher/dengue-fever-deaths,Dengue Fever Deaths
https://ourworldindata.org/grapher/drug-overdose-death-rates,Drug Overdose Death Rates
https://ourworldindata.org/grapher/deaths-drug-overdoses,Deaths Drug Overdoses
https://ourworldindata.org/grapher/deaths-from-drug-use-disorders-ghe,Deaths From Drug Use Disorders Ghe
https://ourworldindata.org/grapher/deaths-from-drug-use-disorders-by-age-who,Deaths From Drug Use Disorders By Age WHO
https://ourworldindata.org/grapher/deaths-drug-use-disorders-by-sex,Deaths Drug Use Disorders By Sex
https://ourworldindata.org/grapher/excess-deaths-cumulative-who,Excess Deaths Cumulative WHO
https://ourworldindata.org/grapher/excess-deaths-cumulative-economist-who,Excess Deaths Cumulative Economist WHO
https://ourworldindata.org/grapher/mortality-from-ncds-gender,Mortality From NCDs Gender
https://ourworldindata.org/grapher/mortality-from-ncds-sdgs,Mortality From NCDs Sdgs
https://ourworldindata.org/grapher/fatal-occupational-injuries-among-employees,Fatal Occupational Injuries Among Employees
https://ourworldindata.org/grapher/aviation-fatalities-by-flight-phase,Aviation Fatalities By Flight Phase
https://ourworldindata.org/grapher/hepatitis-b-number-of-deaths,Hepatitis B Number Of Deaths
https://ourworldindata.org/grapher/hepatitis-b-total-number-of-deaths-by-age-group,Hepatitis B Total Number Of Deaths By Age Group
https://ourworldindata.org/grapher/hepatitis-c-number-of-deaths,Hepatitis C Number Of Deaths
https://ourworldindata.org/grapher/hepatitis-c-total-number-of-deaths-by-age-group,Hepatitis C Total Number Of Deaths By Age Group
https://ourworldindata.org/grapher/icd-code-version-used-to-classify-causes-of-death,ICD Code Version Used To Classify Causes Of Death
https://ourworldindata.org/grapher/incidence-of-meningitis,Incidence Of Meningitis
https://ourworldindata.org/grapher/incidence-of-tuberculosis,Incidence Of Tuberculosis
https://ourworldindata.org/grapher/incidence-of-venomous-animal-contact,Incidence Of Venomous Animal Contact
https://ourworldindata.org/grapher/infectious-and-parasitic-diseases-death-rate-who-mdb,Infectious And Parasitic Diseases Death Rate WHO Mdb
https://ourworldindata.org/grapher/leading-broad-cause-of-death,Leading Broad Cause Of Death
https://ourworldindata.org/grapher/leading-cause-of-death,Leading Cause Of Death
https://ourworldindata.org/grapher/major-causes-of-child-deaths,Major Causes Of Child Deaths
https://ourworldindata.org/grapher/mortality-neonatal-asphyxia-and-trauma,Mortality Neonatal Asphyxia And Trauma
https://ourworldindata.org/grapher/number-of-child-deaths-by-the-type-of-congenital-birth-defect,Number Of Child Deaths By The Type Of Congenital Birth Defect
https://ourworldindata.org/grapher/number-of-children-that-die-from-road-injuries,Number Of Children That Die From Road Injuries
https://ourworldindata.org/grapher/number-of-deaths,Number Of Deaths
https://ourworldindata.org/grapher/number-of-deaths-who,Number Of Deaths WHO
https://ourworldindata.org/grapher/number-of-deaths-gbd,Number Of Deaths GBD
https://ourworldindata.org/grapher/deaths-by-age-group-stacked,Deaths By Age Group Stacked
https://ourworldindata.org/grapher/global-living-planet-index,Global Living Planet Index
https://ourworldindata.org/grapher/living-planet-index-by-region,Living Planet Index By Region
https://ourworldindata.org/grapher/number-of-described-species,Number Of Described Species
https://ourworldindata.org/grapher/number-species-threatened,Number Species Threatened
https://ourworldindata.org/grapher/whales-killed-per-decade,Whales Killed Per Decade
https://ourworldindata.org/grapher/red-list-index,Red List Index
https://ourworldindata.org/grapher/share-threatened-species,Share Threatened Species
https://ourworldindata.org/grapher/african-elephant-carcass-ratio,African Elephant Carcass Ratio
https://ourworldindata.org/grapher/annual-fish-catch-taxa,Annual Fish Catch Taxa
https://ourworldindata.org/grapher/fish-catch-region,Fish Catch Region
https://ourworldindata.org/grapher/aquaculture-farmed-fish-production,Aquaculture Farmed Fish Production
https://ourworldindata.org/grapher/black-rhinos,Black Rhinos
https://ourworldindata.org/grapher/capture-fishery-production,Capture Fishery Production
https://ourworldindata.org/grapher/bird-populations-eu,Bird Populations EU
https://ourworldindata.org/grapher/changes-uk-butterfly,Changes UK Butterfly
https://ourworldindata.org/grapher/budget-to-manage-invasive-alien-species,Budget To Manage Invasive Alien Species
https://ourworldindata.org/grapher/countries-that-are-parties-to-the-nagoya-protocol,Countries That Are Parties To The Nagoya Protocol
https://ourworldindata.org/grapher/countries-to-access-and-benefit-sharing-clearing-house,Countries To Access And Benefit Sharing Clearing House
https://ourworldindata.org/grapher/habitat-loss-25-species,Habitat Loss 25 Species
https://ourworldindata.org/grapher/global-alien-species-first-record-database,Global Alien Species First Record Database
https://ourworldindata.org/grapher/date-of-the-peak-cherry-tree-blossom-in-kyoto,Date Of The Peak Cherry Tree Blossom In Kyoto
https://ourworldindata.org/grapher/drivers-of-recovery-in-european-bird-populations,Drivers Of Recovery In European Bird Populations
https://ourworldindata.org/grapher/endemic-amphibian-species-by-country,Endemic Amphibian Species By Country
https://ourworldindata.org/grapher/endemic-bird-species-by-country,Endemic Bird Species By Country
https://ourworldindata.org/grapher/endemic-freshwater-crab-species,Endemic Freshwater Crab Species
https://ourworldindata.org/grapher/endemic-mammal-species-by-country,Endemic Mammal Species By Country
https://ourworldindata.org/grapher/endemic-reef-forming-coral-species,Endemic Reef Forming Coral Species
https://ourworldindata.org/grapher/endemic-shark-and-ray-species,Endemic Shark And Ray Species
https://ourworldindata.org/grapher/fish-seafood-production,Fish Seafood Production
https://ourworldindata.org/grapher/fish-catch-uk,Fish Catch UK
https://ourworldindata.org/grapher/fish-discards,Fish Discards
https://ourworldindata.org/grapher/fish-stocks-taxa,Fish Stocks Taxa
https://ourworldindata.org/grapher/fish-stocks-by-region,Fish Stocks By Region
https://ourworldindata.org/grapher/fishing-pressure-by-taxa,Fishing Pressure By Taxa
https://ourworldindata.org/grapher/fishing-pressure-by-region,Fishing Pressure By Region
https://ourworldindata.org/grapher/long-term-cod-catch,Long Term Cod Catch
https://ourworldindata.org/grapher/global-aquaculture-wild-fish-feed,Global Aquaculture Wild Fish Feed
https://ourworldindata.org/grapher/biomass-vs-abundance-taxa,Biomass Vs Abundance Taxa
https://ourworldindata.org/grapher/global-first-records-of-established-alien-species,Global First Records Of Established Alien Species
https://ourworldindata.org/grapher/wildlife-exports,Wildlife Exports
https://ourworldindata.org/grapher/biomass-fish-stocks-taxa,Biomass Fish Stocks Taxa
https://ourworldindata.org/grapher/biomass-fish-stocks-region,Biomass Fish Stocks Region
https://ourworldindata.org/grapher/indian-rhinos,Indian Rhinos
https://ourworldindata.org/grapher/javan-rhinos,Javan Rhinos
https://ourworldindata.org/grapher/proportion-of-animal-breeds-genetic-conservation,Proportion Of Animal Breeds Genetic Conservation
https://ourworldindata.org/grapher/countries-to-the-international-treaty-on-plant-genetic-resources,Countries To The International Treaty On Plant Genetic Resources
https://ourworldindata.org/grapher/mountain-green-cover-index,Mountain Green Cover Index
https://ourworldindata.org/grapher/national-biodiversity-strategy-align-with-aichi-target-9,National Biodiversity Strategy Align With Aichi Target 9
https://ourworldindata.org/grapher/national-progress-towards-aichi-biodiversity-target-2,National Progress Towards Aichi Biodiversity Target 2
https://ourworldindata.org/grapher/northern-white-rhinos,Northern White Rhinos
https://ourworldindata.org/grapher/african-elephants,African Elephants
https://ourworldindata.org/grapher/number-of-asian-elephants,Number Of Asian Elephants
https://ourworldindata.org/grapher/projected-habitat-loss-extent-bau,Projected Habitat Loss Extent BAU
https://ourworldindata.org/grapher/coral-bleaching-events,Coral Bleaching Events
https://ourworldindata.org/grapher/bleaching-events-enso,Bleaching Events ENSO
https://ourworldindata.org/grapher/number-of-parties-env-agreements,Number Of Parties Env Agreements
https://ourworldindata.org/grapher/number-of-rhinos-poached,Number Of Rhinos Poached
https://ourworldindata.org/grapher/severe-bleaching-events-enso,Severe Bleaching Events ENSO
https://ourworldindata.org/grapher/number-species-evaluated-iucn,Number Species Evaluated IUCN
https://ourworldindata.org/grapher/threatened-endemic-mammal-species,Threatened Endemic Mammal Species
https://ourworldindata.org/grapher/number-of-accessions-of-plant-genetic-resources-secured-in-conservation-facilities,Number Of Accessions Of Plant Genetic Resources Secured In Conservation Facilities
https://ourworldindata.org/grapher/whale-catch,Whale Catch
https://ourworldindata.org/grapher/projected-cropland-by-2050,Projected Cropland By 2050
https://ourworldindata.org/grapher/proportion-of-local-breeds-at-risk-of-extinction,Proportion Of Local Breeds At Risk Of Extinction
https://ourworldindata.org/grapher/protected-area-coverage-of-marine-key-biodiversity-areas,Protected Area Coverage Of Marine Key Biodiversity Areas
https://ourworldindata.org/grapher/coverage-by-protected-areas-of-important-sites-for-mountain-biodiversity,Coverage By Protected Areas Of Important Sites For Mountain Biodiversity
https://ourworldindata.org/grapher/extinct-species-since-1500,Extinct Species Since 1500
https://ourworldindata.org/grapher/capture-fisheries-vs-aquaculture,Capture Fisheries Vs Aquaculture
https://ourworldindata.org/grapher/capture-and-aquaculture-production,Capture And Aquaculture Production
https://ourworldindata.org/grapher/caribbean-acropora,Caribbean Acropora
https://ourworldindata.org/grapher/share-of-species-evaluated-iucn,Share Of Species Evaluated IUCN
https://ourworldindata.org/grapher/share-of-fish-stocks-overexploited,Share Of Fish Stocks Overexploited
https://ourworldindata.org/grapher/proportion-of-forest-area-within-legally-established-protected-areas,Proportion Of Forest Area Within Legally Established Protected Areas
https://ourworldindata.org/grapher/proportion-of-important-sites-for-freshwater-biodiversity-covered-by-protected-areas,Proportion Of Important Sites For Freshwater Biodiversity Covered By Protected Areas
https://ourworldindata.org/grapher/terrestrial-protected-areas,Terrestrial Protected Areas
https://ourworldindata.org/grapher/forest-area-as-share-of-land-area,Forest Area As Share Of Land Area
https://ourworldindata.org/grapher/marine-protected-areas,Marine Protected Areas
https://ourworldindata.org/grapher/global-marine-protected-area,Global Marine Protected Area
https://ourworldindata.org/grapher/share-of-populations-increasing-stable-or-decreasing-in-the-living-planet-index,Share Of Populations Increasing Stable Or Decreasing In The Living Planet Index
https://ourworldindata.org/grapher/share-species-traded,Share Species Traded
https://ourworldindata.org/grapher/protected-terrestrial-biodiversity-sites,Protected Terrestrial Biodiversity Sites
https://ourworldindata.org/grapher/southern-white-rhinos,Southern White Rhinos
https://ourworldindata.org/grapher/species-represented-in-the-living-planet-index,Species Represented In The Living Planet Index
https://ourworldindata.org/grapher/fish-stocks-within-sustainable-levels,Fish Stocks Within Sustainable Levels
https://ourworldindata.org/grapher/sumatran-rhinos,Sumatran Rhinos
https://ourworldindata.org/grapher/global-whale-biomass,Global Whale Biomass
https://ourworldindata.org/grapher/whale-populations,Whale Populations
https://ourworldindata.org/grapher/threatened-bird-species,Threatened Bird Species
https://ourworldindata.org/grapher/threatened-endemic-bird-species,Threatened Endemic Bird Species
https://ourworldindata.org/grapher/threatened-endemic-coral,Threatened Endemic Coral
https://ourworldindata.org/grapher/fish-species-threatened,Fish Species Threatened
https://ourworldindata.org/grapher/threatened-mammal-species,Threatened Mammal Species
https://ourworldindata.org/grapher/total-oda-for-biodiversity-by-donor,Total ODA For Biodiversity By Donor
https://ourworldindata.org/grapher/total-oda-for-biodiversity-by-recipient,Total ODA For Biodiversity By Recipient
https://ourworldindata.org/grapher/number-of-transboundary-animal-breeds-which-have-genetic-resources-secured-in-conservation-facilities,Number Of Transboundary Animal Breeds Which Have Genetic Resources Secured In Conservation Facilities
https://ourworldindata.org/grapher/seized-rhino-horns,Seized Rhino Horns
https://ourworldindata.org/grapher/wild-fish-allocation,Wild Fish Allocation
https://ourworldindata.org/grapher/iwc-members,IWC Members
https://ourworldindata.org/grapher/absolute-number-of-deaths-from-ambient-particulate-air-pollution,Absolute Number Of Deaths From Ambient Particulate Air Pollution
https://ourworldindata.org/grapher/air-pollutant-emissions,Air Pollutant Emissions
https://ourworldindata.org/grapher/air-pollution-london-vs-delhi,Air Pollution London Vs Delhi
https://ourworldindata.org/grapher/pollution-deaths-from-fossil-fuels,Pollution Deaths From Fossil Fuels
https://ourworldindata.org/grapher/air-pollution-vs-gdp-per-capita,Air Pollution Vs GDP Per Capita
https://ourworldindata.org/grapher/average-exposure-pm25-pollution,Average Exposure PM2.5 Pollution
https://ourworldindata.org/grapher/sulphur-dioxide-and-coal,Sulphur Dioxide And Coal
https://ourworldindata.org/grapher/death-rate-ambient-air-pollution,Death Rate Ambient Air Pollution
https://ourworldindata.org/grapher/death-rate-from-air-pollution-per-100000,Death Rate From Air Pollution Per 100000
https://ourworldindata.org/grapher/death-rate-by-source-from-air-pollution,Death Rate By Source From Air Pollution
https://ourworldindata.org/grapher/death-rates-from-air-pollution,Death Rates From Air Pollution
https://ourworldindata.org/grapher/death-rate-from-outdoor-air-pollution-in-1990-vs-2023,Death Rate From Outdoor Air Pollution In 1990 Vs 2023
https://ourworldindata.org/grapher/outdoor-pollution-rate-vs-gdp,Outdoor Pollution Rate Vs GDP
https://ourworldindata.org/grapher/death-rate-from-ozone-pollution,Death Rate From Ozone Pollution
https://ourworldindata.org/grapher/death-rate-from-ozone-pollution-gbd,Death Rate From Ozone Pollution GBD
https://ourworldindata.org/grapher/death-rate-from-pm25-vs-pm25-concentration,Death Rate From PM2.5 Vs PM2.5 Concentration
https://ourworldindata.org/grapher/air-pollution-deaths-country,Air Pollution Deaths Country
https://ourworldindata.org/grapher/deaths-from-household-and-outdoor-air-pollution,Deaths From Household And Outdoor Air Pollution
https://ourworldindata.org/grapher/absolute-number-of-deaths-from-outdoor-air-pollution,Absolute Number Of Deaths From Outdoor Air Pollution
https://ourworldindata.org/grapher/number-outdoor-pollution-deaths-by-age,Number Outdoor Pollution Deaths By Age
https://ourworldindata.org/grapher/annual-deaths-from-outdoor-air-pollution-by-region,Annual Deaths From Outdoor Air Pollution By Region
https://ourworldindata.org/grapher/deaths-from-ozone-pollution,Deaths From Ozone Pollution
https://ourworldindata.org/grapher/dalys-particulate-matter,Dalys Particulate Matter
https://ourworldindata.org/grapher/emissions-of-air-pollutants-oecd,Emissions Of Air Pollutants OECD
https://ourworldindata.org/grapher/emissions-of-air-pollutants,Emissions Of Air Pollutants
https://ourworldindata.org/grapher/emissions-of-particulate-matter,Emissions Of Particulate Matter
https://ourworldindata.org/grapher/pm25-exposure-gdp,PM2.5 Exposure GDP
https://ourworldindata.org/grapher/human-caused-air-pollution-exposure,Human Caused Air Pollution Exposure
https://ourworldindata.org/grapher/outdoor-air-pollution-exposure,Outdoor Air Pollution Exposure
https://ourworldindata.org/grapher/exposure-to-outdoor-air-pollution-in-urban-areas,Exposure To Outdoor Air Pollution In Urban Areas
https://ourworldindata.org/grapher/so-emissions-by-world-region-in-million-tonnes,So Emissions By World Region In Million Tonnes
https://ourworldindata.org/grapher/deaths-from-air-pollution,Deaths From Air Pollution
https://ourworldindata.org/grapher/outdoor-pollution-death-rate,Outdoor Pollution Death Rate
https://ourworldindata.org/grapher/outdoor-pollution-rates-by-age,Outdoor Pollution Rates By Age
https://ourworldindata.org/grapher/outdoor-air-pollution-deaths-in-1990-vs-2023,Outdoor Air Pollution Deaths In 1990 Vs 2023
https://ourworldindata.org/grapher/ozone-o3-concentration-in-ppb,Ozone O3 Concentration In Ppb
https://ourworldindata.org/grapher/pm-exposure-1990-2017,Pm Exposure 1990 2017
https://ourworldindata.org/grapher/road-miles-nox-emissions,Road Miles NOₓ Emissions
https://ourworldindata.org/grapher/share-deaths-air-pollution,Share Deaths Air Pollution
https://ourworldindata.org/grapher/share-deaths-outdoor-pollution,Share Deaths Outdoor Pollution
https://ourworldindata.org/grapher/share-of-the-population-without-access-to-clean-fuels-for-cooking,Share Of The Population Without Access To Clean Fuels For Cooking
https://ourworldindata.org/grapher/sources-of-air-pollution-in-the-uk,Sources Of Air Pollution In The UK
https://ourworldindata.org/grapher/change-air-pollutant-emissions,Change Air Pollutant Emissions
https://ourworldindata.org/grapher/agricultural-water-as-a-share-of-total-water-withdrawals,Agricultural Water As A Share Of Total Water Withdrawals
https://ourworldindata.org/grapher/agricultural-water-withdrawals,Agricultural Water Withdrawals
https://ourworldindata.org/grapher/agricultural-water-withdrawals-vs-gdp-per-capita,Agricultural Water Withdrawals Vs GDP Per Capita
https://ourworldindata.org/grapher/annual-freshwater-withdrawals,Annual Freshwater Withdrawals
https://ourworldindata.org/grapher/average-precipitation-per-year,Average Precipitation Per Year
https://ourworldindata.org/grapher/average-ammonium-concentration-in-freshwater,Average Ammonium Concentration In Freshwater
https://ourworldindata.org/grapher/drinking-water-services-coverage-urban,Drinking Water Services Coverage Urban
https://ourworldindata.org/grapher/freshwater-use-by-aggregated-region,Freshwater Use By Aggregated Region
https://ourworldindata.org/grapher/freshwater-withdrawals-as-a-share-of-internal-resources,Freshwater Withdrawals As A Share Of Internal Resources
https://ourworldindata.org/grapher/freshwater-withdrawals-per-1000kcal,Freshwater Withdrawals Per 1000Kcal
https://ourworldindata.org/grapher/water-per-protein-poore,Water Per Protein Poore
https://ourworldindata.org/grapher/water-withdrawals-per-kg-poore,Water Withdrawals Per Kg Poore
https://ourworldindata.org/grapher/global-freshwater-use-over-the-long-run,Global Freshwater Use Over The Long Run
https://ourworldindata.org/grapher/implementation-of-integrated-water-resource-management,Implementation Of Integrated Water Resource Management
https://ourworldindata.org/grapher/industrial-water-as-a-share-of-total-water-withdrawals,Industrial Water As A Share Of Total Water Withdrawals
https://ourworldindata.org/grapher/industrial-water-withdrawal,Industrial Water Withdrawal
https://ourworldindata.org/grapher/internal-renewable-freshwater-resources-by-region,Internal Renewable Freshwater Resources By Region
https://ourworldindata.org/grapher/municipal-water-as-a-share-of-total-water-withdrawals,Municipal Water As A Share Of Total Water Withdrawals
https://ourworldindata.org/grapher/municipal-water-withdrawal,Municipal Water Withdrawal
https://ourworldindata.org/grapher/renewable-water-resources-per-capita,Renewable Water Resources Per Capita
https://ourworldindata.org/grapher/per-capita-renewable-freshwater-resources,Per Capita Renewable Freshwater Resources
https://ourworldindata.org/grapher/scarcity-water-use-kcals,Scarcity Water Use Kcals
https://ourworldindata.org/grapher/scarcity-water-protein-poore,Scarcity Water Protein Poore
https://ourworldindata.org/grapher/scarcity-water-per-kg-poore,Scarcity Water Per Kg Poore
https://ourworldindata.org/grapher/share-of-countries-with-procedures-for-community-participation-in-water-sanitation-management,Share Of Countries With Procedures For Community Participation In Water Sanitation Management
https://ourworldindata.org/grapher/wastewater-safely-treated,Wastewater Safely Treated
https://ourworldindata.org/grapher/share-of-industrial-wastewater-which-is-treated,Share Of Industrial Wastewater Which Is Treated
https://ourworldindata.org/grapher/water-productivity,Water Productivity
https://ourworldindata.org/grapher/water-withdrawals-per-capita,Water Withdrawals Per Capita
https://ourworldindata.org/grapher/water-basins-cooperation-plan,Water Basins Cooperation Plan
https://ourworldindata.org/grapher/change-forest-area-share-total,Change Forest Area Share Total
https://ourworldindata.org/grapher/annual-deforestation,Annual Deforestation
https://ourworldindata.org/grapher/deforestation-share-forest-area,Deforestation Share Forest Area
https://ourworldindata.org/grapher/annual-forest-expansion,Annual Forest Expansion
https://ourworldindata.org/grapher/forest-area-km,Forest Area Km
https://ourworldindata.org/grapher/share-global-forest-expansion,Share Global Forest Expansion
https://ourworldindata.org/grapher/share-global-forest,Share Global Forest
https://ourworldindata.org/grapher/commodity-driven-deforestation,Commodity Driven Deforestation
https://ourworldindata.org/grapher/annual-afforestation,Annual Afforestation
https://ourworldindata.org/grapher/forest-area-net-change-rate,Forest Area Net Change Rate
https://ourworldindata.org/grapher/annual-change-forest-area,Annual Change Forest Area
https://ourworldindata.org/grapher/change-forest-vs-gdp,Change Forest Vs GDP
https://ourworldindata.org/grapher/consumption-deforestation-per-person,Consumption Deforestation Per Person
https://ourworldindata.org/grapher/deforestation-agriculture-plantations,Deforestation Agriculture Plantations
https://ourworldindata.org/grapher/deforestation-embedded-trade,Deforestation Embedded Trade
https://ourworldindata.org/grapher/deforestation-drivers-indonesia,Deforestation Drivers Indonesia
https://ourworldindata.org/grapher/drivers-forest-loss-brazil-amazon,Drivers Forest Loss Brazil Amazon
https://ourworldindata.org/grapher/exported-deforestation,Exported Deforestation
https://ourworldindata.org/grapher/forest-area-primary-planted,Forest Area Primary Planted
https://ourworldindata.org/grapher/proportion-of-forest-area-certified-under-an-independently-verified-certification-scheme,Proportion Of Forest Area Certified Under An Independently Verified Certification Scheme
https://ourworldindata.org/grapher/forest-transition-phase,Forest Transition Phase
https://ourworldindata.org/grapher/imported-deforestation,Imported Deforestation
https://ourworldindata.org/grapher/proportion-of-forest-area-with-long-term-management-plan,Proportion Of Forest Area With Long Term Management Plan
https://ourworldindata.org/grapher/share-global-deforestation,Share Global Deforestation
https://ourworldindata.org/grapher/tree-cover-loss,Tree Cover Loss
https://ourworldindata.org/grapher/tree-cover-loss-by-dominant-driver,Tree Cover Loss By Dominant Driver
https://ourworldindata.org/grapher/tree-cover-loss-from-wildfires,Tree Cover Loss From Wildfires
https://ourworldindata.org/grapher/above-ground-biomass-in-forest-per-hectare,Above Ground Biomass In Forest Per Hectare
https://ourworldindata.org/grapher/deforestation-co2-trade-by-product,Deforestation CO₂ Trade By Product
https://ourworldindata.org/grapher/co2-deforestation-for-food,CO₂ Deforestation For Food
https://ourworldindata.org/grapher/commodity-deforestation-by-region,Commodity Deforestation By Region
https://ourworldindata.org/grapher/deforestation-by-commodity,Deforestation By Commodity
https://ourworldindata.org/grapher/domestic-forest-change-vs-imported-deforestation,Domestic Forest Change Vs Imported Deforestation
https://ourworldindata.org/grapher/per-capita-co2-food-deforestation,Per Capita CO₂ Food Deforestation
https://ourworldindata.org/grapher/share-co2-emissions-deforestation,Share CO₂ Emissions Deforestation
https://ourworldindata.org/grapher/region-share-tropical-deforestation,Region Share Tropical Deforestation
https://ourworldindata.org/grapher/share-deforestation-agricultural-products,Share Deforestation Agricultural Products
https://ourworldindata.org/grapher/share-car-stocks-electric,Share Car Stocks Electric
https://ourworldindata.org/grapher/electric-car-sales-share,Electric Car Sales Share
https://ourworldindata.org/grapher/air-passengers-carried,Air Passengers Carried
https://ourworldindata.org/grapher/carbon-new-passenger-vehicles,Carbon New Passenger Vehicles
https://ourworldindata.org/grapher/co2-emissions-domestic-aviation,CO₂ Emissions Domestic Aviation
https://ourworldindata.org/grapher/co2-emissions-transport,CO₂ Emissions Transport
https://ourworldindata.org/grapher/carbon-footprint-travel-mode,Carbon Footprint Travel Mode
https://ourworldindata.org/grapher/energy-intensity-transport,Energy Intensity Transport
https://ourworldindata.org/grapher/fuel-efficiency-new-vehicles,Fuel Efficiency New Vehicles
https://ourworldindata.org/grapher/airline-capacity-and-traffic,Airline Capacity And Traffic
https://ourworldindata.org/grapher/air-trips-per-capita,Air Trips Per Capita
https://ourworldindata.org/grapher/number-air-trips-vs-gdp,Number Air Trips Vs GDP
https://ourworldindata.org/grapher/number-airline-passengers,Number Airline Passengers
https://ourworldindata.org/grapher/number-bev-phev-sold,Number BEV PHEV Sold
https://ourworldindata.org/grapher/car-sales,Car Sales
https://ourworldindata.org/grapher/air-passenger-kilometers,Air Passenger Kilometers
https://ourworldindata.org/grapher/railways-passengers-carried-passenger-km,Railways Passengers Carried Passenger Km
https://ourworldindata.org/grapher/relative-share-of-passenger-kilometers-travelled-by-rail-and-road,Relative Share Of Passenger Kilometers Travelled By Rail And Road
https://ourworldindata.org/grapher/airline-passenger-load-factor,Airline Passenger Load Factor
https://ourworldindata.org/grapher/share-car-sales-battery-plugin,Share Car Sales Battery Plugin
https://ourworldindata.org/grapher/air-transport-freight-ton-km,Air Transport Freight Ton Km
https://ourworldindata.org/grapher/passenger-kilometers-traveled-self-driving-taxis,Passenger Kilometers Traveled Self Driving Taxis
https://ourworldindata.org/grapher/electric-car-stocks,Electric Car Stocks
https://ourworldindata.org/grapher/electric-car-sales,Electric Car Sales
https://ourworldindata.org/grapher/bev-share-new-ev,BEV Share New Ev
https://ourworldindata.org/grapher/agricultural-land,Agricultural Land
https://ourworldindata.org/grapher/arable-land-pin,Arable Land Pin
https://ourworldindata.org/grapher/area-land-needed-to-global-oil,Area Land Needed To Global Oil
https://ourworldindata.org/grapher/index-of-cereal-production-yield-and-land-use,Index Of Cereal Production Yield And Land Use
https://ourworldindata.org/grapher/global-cropland,Global Cropland
https://ourworldindata.org/grapher/extent-of-extensive-agriculture,Extent Of Extensive Agriculture
https://ourworldindata.org/grapher/extent-of-foraging,Extent Of Foraging
https://ourworldindata.org/grapher/extent-of-intensive-agriculture,Extent Of Intensive Agriculture
https://ourworldindata.org/grapher/extent-of-pastoralism,Extent Of Pastoralism
https://ourworldindata.org/grapher/global-land-use-since-10000bc,Global Land Use Since 10000Bc
https://ourworldindata.org/grapher/global-peak-agricultural-land,Global Peak Agricultural Land
https://ourworldindata.org/grapher/land-sparing-by-crop,Land Sparing By Crop
https://ourworldindata.org/grapher/global-pasture,Global Pasture
https://ourworldindata.org/grapher/agriculture-more-less-land,Agriculture More Less Land
https://ourworldindata.org/grapher/land-area-hectares,Land Area Hectares
https://ourworldindata.org/grapher/land-area-km,Land Area Km
https://ourworldindata.org/grapher/land-area-per-crop-type,Land Area Per Crop Type
https://ourworldindata.org/grapher/land-use,Land Use
https://ourworldindata.org/grapher/land-use-palm-oil,Land Use Palm Oil
https://ourworldindata.org/grapher/land-use-kcal-poore,Land Use Kcal Poore
https://ourworldindata.org/grapher/land-use-over-the-long-term,Land Use Over The Long Term
https://ourworldindata.org/grapher/land-use-protein-poore,Land Use Protein Poore
https://ourworldindata.org/grapher/land-use-per-kg-poore,Land Use Per Kg Poore
https://ourworldindata.org/grapher/land-natural-share,Land Natural Share
https://ourworldindata.org/grapher/share-regions-with-land-use,Share Regions With Land Use
https://ourworldindata.org/grapher/hazardous-waste-generated-per-capita,Hazardous Waste Generated Per Capita
https://ourworldindata.org/grapher/municipal-waste-management-method,Municipal Waste Management Method
https://ourworldindata.org/grapher/mismanaged-plastic-waste-per-capita,Mismanaged Plastic Waste Per Capita
https://ourworldindata.org/grapher/per-capita-ocean-plastic-waste,Per Capita Ocean Plastic Waste
https://ourworldindata.org/grapher/plastic-waste-per-capita,Plastic Waste Per Capita
https://ourworldindata.org/grapher/share-waste-collected,Share Waste Collected
https://ourworldindata.org/grapher/plastic-fate,Plastic Fate
https://ourworldindata.org/grapher/electronic-waste-recycling-rate,Electronic Waste Recycling Rate
https://ourworldindata.org/grapher/food-waste-per-capita,Food Waste Per Capita
https://ourworldindata.org/grapher/plastic-waste-mismanaged,Plastic Waste Mismanaged
https://ourworldindata.org/grapher/waste-items-ocean-region,Waste Items Ocean Region
https://ourworldindata.org/grapher/municipal-waste-recycled,Municipal Waste Recycled
https://ourworldindata.org/grapher/municipal-waste-recycling-rate,Municipal Waste Recycling Rate
https://ourworldindata.org/grapher/plastic-waste-emitted-to-the-ocean,Plastic Waste Emitted To The Ocean
https://ourworldindata.org/grapher/plastic-waste-generation-total,Plastic Waste Generation Total
https://ourworldindata.org/grapher/proportion-of-population-served-by-municipal-waste-collection,Proportion Of Population Served By Municipal Waste Collection
https://ourworldindata.org/grapher/recycling-rates-glass,Recycling Rates Glass
https://ourworldindata.org/grapher/recycling-rates-paper-and-cardboard,Recycling Rates Paper And Cardboard
https://ourworldindata.org/grapher/share-of-global-mismanaged-plastic-waste,Share Of Global Mismanaged Plastic Waste
https://ourworldindata.org/grapher/share-plastic-fate,Share Plastic Fate
https://ourworldindata.org/grapher/total-waste-generation,Total Waste Generation
https://ourworldindata.org/grapher/treatment-of-hazardous-waste,Treatment Of Hazardous Waste
https://ourworldindata.org/grapher/most-common-waste-rivers-oceans,Most Common Waste Rivers Oceans
https://ourworldindata.org/grapher/ocean-waste-by-item,Ocean Waste By Item
https://ourworldindata.org/grapher/share-deaths-unsafe-water,Share Deaths Unsafe Water
https://ourworldindata.org/grapher/death-rates-unsafe-water,Death Rates Unsafe Water
https://ourworldindata.org/grapher/proportion-using-safely-managed-drinking-water,Proportion Using Safely Managed Drinking Water
https://ourworldindata.org/grapher/access-drinking-water-stacked,Access Drinking Water Stacked
https://ourworldindata.org/grapher/number-without-safe-drinking-water,Number Without Safe Drinking Water
https://ourworldindata.org/grapher/share-without-improved-water,Share Without Improved Water
https://ourworldindata.org/grapher/number-without-improved-water,Number Without Improved Water
https://ourworldindata.org/grapher/improved-water-sources-vs-gdp-per-capita,Improved Water Sources Vs GDP Per Capita
https://ourworldindata.org/grapher/share-using-safely-managed-sanitation,Share Using Safely Managed Sanitation
https://ourworldindata.org/grapher/share-of-the-population-with-access-to-sanitation-facilities,Share Of The Population With Access To Sanitation Facilities
https://ourworldindata.org/grapher/safe-sanitation-without,Safe Sanitation Without
https://ourworldindata.org/grapher/share-without-improved-sanitation,Share Without Improved Sanitation
https://ourworldindata.org/grapher/number-without-access-to-improved-sanitation,Number Without Access To Improved Sanitation
https://ourworldindata.org/grapher/people-practicing-open-defecation-of-population,People Practicing Open Defecation Of Population
https://ourworldindata.org/grapher/global-plastics-production,Global Plastics Production
https://ourworldindata.org/grapher/plastic-waste-vs-pollution,Plastic Waste Vs Pollution
https://ourworldindata.org/grapher/plastic-pollution,Plastic Pollution
https://ourworldindata.org/grapher/plastic-entering-ocean,Plastic Entering Ocean
https://ourworldindata.org/grapher/adjusted-net-saving-current-us-dollars,Adjusted Net Saving Current US Dollars
https://ourworldindata.org/grapher/adjusted-net-savings-per-person,Adjusted Net Savings Per Person
https://ourworldindata.org/grapher/real-gdp-growth,Real GDP Growth
https://ourworldindata.org/grapher/annual-gdp-growth,Annual GDP Growth
https://ourworldindata.org/grapher/annual-broad-money-growth,Annual Broad Money Growth
https://ourworldindata.org/grapher/gdp-per-capita-growth,GDP Per Capita Growth
https://ourworldindata.org/grapher/growth-rate-of-real-gdp-per-employed-person,Growth Rate Of Real GDP Per Employed Person
https://ourworldindata.org/grapher/annual-growth-of-exports-of-goods-and-services,Annual Growth Of Exports Of Goods And Services
https://ourworldindata.org/grapher/annual-growth-of-imports-of-goods-and-services,Annual Growth Of Imports Of Goods And Services
https://ourworldindata.org/grapher/annual-growth-of-the-gross-capital-formation,Annual Growth Of The Gross Capital Formation
https://ourworldindata.org/grapher/annual-working-hours-per-person-employed,Annual Working Hours Per Person Employed
https://ourworldindata.org/grapher/annual-working-hours-per-worker-vs-gdp-per-capita-long-run,Annual Working Hours Per Worker Vs GDP Per Capita Long Run
https://ourworldindata.org/grapher/annual-working-hours-vs-gdp-per-capita-pwt,Annual Working Hours Vs GDP Per Capita Pwt
https://ourworldindata.org/grapher/automated-teller-machines-atms-per-100000-adults,Automated Teller Machines ATMs Per 100000 Adults
https://ourworldindata.org/grapher/average-hourly-earnings,Average Hourly Earnings
https://ourworldindata.org/grapher/capital-intensity,Capital Intensity
https://ourworldindata.org/grapher/capital-intensity-vs-labor-productivity,Capital Intensity Vs Labor Productivity
https://ourworldindata.org/grapher/consumer-price-index,Consumer Price Index
https://ourworldindata.org/grapher/countries-by-income-classification,Countries By Income Classification
https://ourworldindata.org/grapher/countries-reporting-progress-in-multi-stakeholder-development-effectiveness-monitoring-frameworks-in-support-of-the-sdgs,Countries Reporting Progress In Multi Stakeholder Development Effectiveness Monitoring Frameworks In Support Of The Sdgs
https://ourworldindata.org/grapher/countries-using-the-system-of-environmental-economic-accounting,Countries Using The System Of Environmental Economic Accounting
https://ourworldindata.org/grapher/countries-with-a-signed-bilateral-investment-treaty,Countries With A Signed Bilateral Investment Treaty
https://ourworldindata.org/grapher/current-account-balance-as-a-proportion-of-gdp,Current Account Balance As A Proportion Of GDP
https://ourworldindata.org/grapher/shares-of-gdp-by-economic-sector,Shares Of GDP By Economic Sector
https://ourworldindata.org/grapher/domestic-material-consumption-per-capita,Domestic Material Consumption Per Capita
https://ourworldindata.org/grapher/domestic-material-consumption-per-unit-of-gdp,Domestic Material Consumption Per Unit Of GDP
https://ourworldindata.org/grapher/eci-ranking-vs-gdp-per-capita,Eci Ranking Vs GDP Per Capita
https://ourworldindata.org/grapher/economic-decline-in-the-second-quarter-of-2020,Economic Decline In The Second Quarter Of 2020
https://ourworldindata.org/grapher/q2-gdp-growth-vs-confirmed-cases-per-million-people,Q2 GDP Growth Vs Confirmed Cases Per Million People
https://ourworldindata.org/grapher/q2-gdp-growth-vs-confirmed-deaths-due-to-covid-19-per-million-people,Q2 GDP Growth Vs Confirmed Deaths Due To Covid 19 Per Million People
https://ourworldindata.org/grapher/gdp-per-capita-maddison-project-database,GDP Per Capita Maddison Project Database
https://ourworldindata.org/grapher/gdp-per-capita-penn-world-table,GDP Per Capita Penn World Table
https://ourworldindata.org/grapher/global-gdp-over-the-long-run,Global GDP Over The Long Run
https://ourworldindata.org/grapher/global-average-gdp-per-capita-over-the-long-run,Global Average GDP Per Capita Over The Long Run
https://ourworldindata.org/grapher/gdp-penn-world-table,GDP Penn World Table
https://ourworldindata.org/grapher/gdp-worldbank,GDP Worldbank
https://ourworldindata.org/grapher/gdp-world-regions-stacked-area,GDP World Regions Stacked Area
https://ourworldindata.org/grapher/augmented-hdi-vs-gdp-per-capita,Augmented Hdi Vs GDP Per Capita
https://ourworldindata.org/grapher/gdp-per-capita-worldbank-constant-usd,GDP Per Capita Worldbank Constant Usd
https://ourworldindata.org/grapher/gdp-per-capita-in-the-uk-since-1270,GDP Per Capita In The UK Since 1270
https://ourworldindata.org/grapher/gdp-per-capita-world-bank-vs-maddison-project,GDP Per Capita World Bank Vs Maddison Project
https://ourworldindata.org/grapher/gdp-per-capita-world-bank-data-vs-penn-world-table,GDP Per Capita World Bank Data Vs Penn World Table
https://ourworldindata.org/grapher/gdp-per-person-employed-constant-ppp,GDP Per Person Employed Constant PPP
https://ourworldindata.org/grapher/gdp-price-levels-relative-to-the-us,GDP Price Levels Relative To The US
https://ourworldindata.org/grapher/gni-per-capita-vs-gdp-per-capita,GNI Per Capita Vs GDP Per Capita
https://ourworldindata.org/grapher/government-spending-vs-gdp-per-capita,Government Spending Vs GDP Per Capita
https://ourworldindata.org/grapher/gdp-worldbank-constant-usd,GDP Worldbank Constant Usd
https://ourworldindata.org/grapher/national-gdp-fouquin-current-gbp,National GDP Fouquin Current Gbp
https://ourworldindata.org/grapher/gdp-maddison-project-database,GDP Maddison Project Database
https://ourworldindata.org/grapher/total-gdp-in-the-uk-since-1270,Total GDP In The UK Since 1270
https://ourworldindata.org/grapher/gross-national-income-per-capita-worldbank,Gross National Income Per Capita Worldbank
https://ourworldindata.org/grapher/human-capital-index-vs-gdp,Human Capital Index Vs GDP
https://ourworldindata.org/grapher/human-development-index-vs-gdp-per-capita,Human Development Index Vs GDP Per Capita
https://ourworldindata.org/grapher/output-of-key-industrial-sectors-in-england-and-the-uk,Output Of Key Industrial Sectors In England And The UK
https://ourworldindata.org/grapher/output-of-key-industries-in-england,Output Of Key Industries In England
https://ourworldindata.org/grapher/output-of-key-service-and-industrial-sectors-in-england-and-the-uk,Output Of Key Service And Industrial Sectors In England And The UK
https://ourworldindata.org/grapher/population-by-income-classification,Population By Income Classification
https://ourworldindata.org/grapher/labor-productivity-vs-gdp-per-capita,Labor Productivity Vs GDP Per Capita
https://ourworldindata.org/grapher/labor-productivity-per-hour-pennworldtable,Labor Productivity Per Hour Pennworldtable
https://ourworldindata.org/grapher/account-at-financial-institution,Account At Financial Institution
https://ourworldindata.org/grapher/share-of-household-consumption-in-gdp-vs-gdp-per-capita,Share Of Household Consumption In GDP Vs GDP Per Capita
https://ourworldindata.org/grapher/manufacturing-value-added-to-gdp,Manufacturing Value Added To GDP
https://ourworldindata.org/grapher/gdp-vs-agriculture-employment,GDP Vs Agriculture Employment
https://ourworldindata.org/grapher/tax-revenues-vs-gdp-per-capita,Tax Revenues Vs GDP Per Capita
https://ourworldindata.org/grapher/world-bank-income-groups,World Bank Income Groups
https://ourworldindata.org/grapher/share-employment-agriculture-industry-services,Share Employment Agriculture Industry Services
https://ourworldindata.org/grapher/time-required-to-start-business,Time Required To Start Business
https://ourworldindata.org/grapher/cross-country-variation-in-negative-reciprocity,Cross Country Variation In Negative Reciprocity
https://ourworldindata.org/grapher/cross-country-variation-in-risk-taking,Cross Country Variation In Risk Taking
https://ourworldindata.org/grapher/gdp-vs-happiness,GDP Vs Happiness
https://ourworldindata.org/grapher/antidepressants-per-capita-vs-gdp,Antidepressants Per Capita Vs GDP
https://ourworldindata.org/grapher/value-added-vs-share-of-emissions-china,Value Added Vs Share Of Emissions China
https://ourworldindata.org/grapher/value-added-vs-share-of-emissions-germany,Value Added Vs Share Of Emissions Germany
https://ourworldindata.org/grapher/value-added-vs-share-of-emissions-usa,Value Added Vs Share Of Emissions Usa
https://ourworldindata.org/grapher/national-strategy-for-youth-employment,National Strategy For Youth Employment
https://ourworldindata.org/grapher/external-balance-on-goods-and-services-as-a-percent-of-gdp,External Balance On Goods And Services As A Percent Of GDP
https://ourworldindata.org/grapher/external-debt-as-a-share-of-gni,External Debt As A Share Of GNI
https://ourworldindata.org/grapher/regulation-financial-markets,Regulation Financial Markets
https://ourworldindata.org/grapher/gdp-per-capita-in-international-and-market-dollars,GDP Per Capita In International And Market Dollars
https://ourworldindata.org/grapher/gap-in-gdp-per-hour-worked-with-respect-to-the-united-states,Gap In GDP Per Hour Worked With Respect To The United States
https://ourworldindata.org/grapher/genuine-saving-and-gdp-per-capita-in-international-dollars,Genuine Saving And GDP Per Capita In International Dollars
https://ourworldindata.org/grapher/genuine-savings-per-capita-in-international-dollars-1900-2000,Genuine Savings Per Capita In International Dollars 1900 2000
https://ourworldindata.org/grapher/government-expenditure-vs-gdp,Government Expenditure Vs GDP
https://ourworldindata.org/grapher/gross-national-income-per-capita-undp,Gross National Income Per Capita Undp
https://ourworldindata.org/grapher/gross-public-sector-debt-as-a-proportion-of-gdp,Gross Public Sector Debt As A Proportion Of GDP
https://ourworldindata.org/grapher/gdp-vs-manufacturing-gdp,GDP Vs Manufacturing GDP
https://ourworldindata.org/grapher/inflation-of-consumer-prices,Inflation Of Consumer Prices
https://ourworldindata.org/grapher/global-inequality-between-world-citizens-and-its-components,Global Inequality Between World Citizens And Its Components
https://ourworldindata.org/grapher/gini-index-around-2015-1990-2015-countries-vs-gini-index-around-1990-1990-2015-countries,Gini Index Around 2015 1990 2015 Countries Vs Gini Index Around 1990 1990 2015 Countries
https://ourworldindata.org/grapher/labor-force-participation-rate-of-men-65-years-and-older-in-the-usa,Labor Force Participation Rate Of Men 65 Years And Older In The Usa
https://ourworldindata.org/grapher/labor-share-of-gdp,Labor Share Of GDP
https://ourworldindata.org/grapher/loan-from-a-financial-institution-poorest-40-vs-richest-60,Loan From A Financial Institution Poorest 40 Vs Richest 60
https://ourworldindata.org/grapher/material-footprint-per-unit-of-gdp,Material Footprint Per Unit Of GDP
https://ourworldindata.org/grapher/mechanisms-to-enhance-policy-for-sustainable-development,Mechanisms To Enhance Policy For Sustainable Development
https://ourworldindata.org/grapher/median-income-after-tax-lis,Median Income After Tax Lis
https://ourworldindata.org/grapher/net-portfolio-investment,Net Portfolio Investment
https://ourworldindata.org/grapher/nominal-wages-consumer-prices-and-real-wages-in-the-uk-since-1750,Nominal Wages Consumer Prices And Real Wages In The UK Since 1750
https://ourworldindata.org/grapher/oil-rents-as-a-share-of-gdp,Oil Rents As A Share Of GDP
https://ourworldindata.org/grapher/ppp-conversion-factor-for-private-consumption,PPP Conversion Factor For Private Consumption
https://ourworldindata.org/grapher/labor-productivity-per-hour,Labor Productivity Per Hour
https://ourworldindata.org/grapher/economic-complexity-rankings,Economic Complexity Rankings
https://ourworldindata.org/grapher/revenue-from-corporate-income-taxes-gdp,Revenue From Corporate Income Taxes GDP
https://ourworldindata.org/grapher/share-of-adults-borrowing-from-a-financial-institution-vs-family-or-friends,Share Of Adults Borrowing From A Financial Institution Vs Family Or Friends
https://ourworldindata.org/grapher/share-of-adults-borrowing-from-different-sources,Share Of Adults Borrowing From Different Sources
https://ourworldindata.org/grapher/share-of-adults-who-report-saving-money-in-the-past-year,Share Of Adults WHO Report Saving Money In The Past Year
https://ourworldindata.org/grapher/share-of-firms-for-which-access-to-finance-is-a-major-constraint,Share Of Firms For Which Access To Finance Is A Major Constraint
https://ourworldindata.org/grapher/share-of-gov-expenditure-in-gdp-vs-gdp-per-capita,Share Of Gov Expenditure In GDP Vs GDP Per Capita
https://ourworldindata.org/grapher/gdp-vs-industry-gdp-at-constant-prices,GDP Vs Industry GDP At Constant Prices
https://ourworldindata.org/grapher/total-manufacturing-value-added-from-high-tech,Total Manufacturing Value Added From High Tech
https://ourworldindata.org/grapher/share-of-people-who-report-having-intentions-to-start-business,Share Of People WHO Report Having Intentions To Start Business
https://ourworldindata.org/grapher/gdp-vs-services-gdp,GDP Vs Services GDP
https://ourworldindata.org/grapher/smalsmall-scale-industries-loan,Smalsmall Scale Industries Loan
https://ourworldindata.org/grapher/small-scale-industries-share,Small Scale Industries Share
https://ourworldindata.org/grapher/gdp-vs-services-employment,GDP Vs Services Employment
https://ourworldindata.org/grapher/total-gdp-vs-gdp-per-capita-maddison,Total GDP Vs GDP Per Capita Maddison
https://ourworldindata.org/grapher/total-factor-productivity,Total Factor Productivity
https://ourworldindata.org/grapher/total-market-capitalization-listed-domestic-companies-share-gdp,Total Market Capitalization Listed Domestic Companies Share GDP
https://ourworldindata.org/grapher/total-reserves-in-months-of-imports,Total Reserves In Months Of Imports
https://ourworldindata.org/grapher/total-wealth-by-asset-group,Total Wealth By Asset Group
https://ourworldindata.org/grapher/total-wealth-per-capita-by-income-groups,Total Wealth Per Capita By Income Groups
https://ourworldindata.org/grapher/share-of-global-merchandise-exports,Share Of Global Merchandise Exports
https://ourworldindata.org/grapher/share-of-the-population-living-in-urban-areas-vs-gdp-per-capita,Share Of The Population Living In Urban Areas Vs GDP Per Capita
https://ourworldindata.org/grapher/one-person-households-vs-gdp-per-capita,One Person Households Vs GDP Per Capita
https://ourworldindata.org/grapher/medical-doctors-per-1000-people-vs-gdp-per-capita,Medical Doctors Per 1000 People Vs GDP Per Capita
https://ourworldindata.org/grapher/road-death-rate-vs-gdp-per-capita,Road Death Rate Vs GDP Per Capita
https://ourworldindata.org/grapher/per-capita-electricity-generation-vs-gdp-per-capita,Per Capita Electricity Generation Vs GDP Per Capita
https://ourworldindata.org/grapher/happiness-vs-gdp-per-capita-time,Happiness Vs GDP Per Capita Time
https://ourworldindata.org/grapher/sustainable-fisheries-as-a-proportion-of-gdp,Sustainable Fisheries As A Proportion Of GDP
https://ourworldindata.org/grapher/proportion-with-basic-handwashing-facilities-urban-vs-rural,Proportion With Basic Handwashing Facilities Urban Vs Rural
https://ourworldindata.org/grapher/sanitation-facilities-coverage-in-rural-areas,Sanitation Facilities Coverage In Rural Areas
https://ourworldindata.org/grapher/sanitation-facilities-coverage-in-urban-areas,Sanitation Facilities Coverage In Urban Areas
https://ourworldindata.org/grapher/share-of-the-urban-and-rural-population-using-safely-managed-drinking-water-services,Share Of The Urban And Rural Population Using Safely Managed Drinking Water Services
https://ourworldindata.org/grapher/share-of-the-urban-and-rural-population-using-safely-managed-sanitation-services,Share Of The Urban And Rural Population Using Safely Managed Sanitation Services
https://ourworldindata.org/grapher/access-to-electricity-urban-vs-rural,Access To Electricity Urban Vs Rural
https://ourworldindata.org/grapher/share-of-the-rural-and-urban-population-with-access-to-clean-fuels-for-cooking,Share Of The Rural And Urban Population With Access To Clean Fuels For Cooking
https://ourworldindata.org/grapher/annual-rate-of-change-in-urban-populations,Annual Rate Of Change In Urban Populations
https://ourworldindata.org/grapher/annual-growth-rate-of-urban-population-share,Annual Growth Rate Of Urban Population Share
https://ourworldindata.org/grapher/urban-vs-rural-majority,Urban Vs Rural Majority
https://ourworldindata.org/grapher/employment-in-agri-vs-urban-pop,Employment In Agri Vs Urban Pop
https://ourworldindata.org/grapher/population-by-settlement-size,Population By Settlement Size
https://ourworldindata.org/grapher/urban-agglomerations-more-than-1-million,Urban Agglomerations More Than 1 Million
https://ourworldindata.org/grapher/population-of-cities-towns-and-villages,Population Of Cities Towns And Villages
https://ourworldindata.org/grapher/number-of-people-living-in-the-capital-city-european-commission,Number Of People Living In The Capital City European Commission
https://ourworldindata.org/grapher/population-of-the-worlds-largest-cities,Population Of The Worlds Largest Cities
https://ourworldindata.org/grapher/urban-and-rural-population,Urban And Rural Population
https://ourworldindata.org/grapher/urban-pop-in-out-of-slums,Urban Pop In Out Of Slums
https://ourworldindata.org/grapher/population-density-of-the-capital-city,Population Density Of The Capital City
https://ourworldindata.org/grapher/population-density-by-city,Population Density By City
https://ourworldindata.org/grapher/share-of-city-residents-with-convenient-access-to-public-transport,Share Of City Residents With Convenient Access To Public Transport
https://ourworldindata.org/grapher/employment-in-agriculture-vs-share-of-population-living-in-rural-areas,Employment In Agriculture Vs Share Of Population Living In Rural Areas
https://ourworldindata.org/grapher/share-of-the-population-living-in-cities,Share Of The Population Living In Cities
https://ourworldindata.org/grapher/urban-agglomerations-1-million-percent,Urban Agglomerations 1 Million Percent
https://ourworldindata.org/grapher/share-of-population-living-in-cities-towns-and-villages,Share Of Population Living In Cities Towns And Villages
https://ourworldindata.org/grapher/share-of-population-living-in-rural-areas,Share Of Population Living In Rural Areas
https://ourworldindata.org/grapher/share-of-population-living-in-the-capital-city,Share Of Population Living In The Capital City
https://ourworldindata.org/grapher/share-of-people-living-in-urban-and-rural-areas-degurba,Share Of People Living In Urban And Rural Areas Degurba
https://ourworldindata.org/grapher/share-urban-and-rural-population,Share Urban And Rural Population
https://ourworldindata.org/grapher/urban-share-european-commission,Urban Share European Commission
https://ourworldindata.org/grapher/share-of-population-urban,Share Of Population Urban
https://ourworldindata.org/grapher/urban-population-share-2050,Urban Population Share 2050
https://ourworldindata.org/grapher/urbanization-vs-gdp,Urbanization Vs GDP
https://ourworldindata.org/grapher/long-term-urban-population-region,Long Term Urban Population Region
https://ourworldindata.org/grapher/share-of-urban-population-living-in-inadequate-housing,Share Of Urban Population Living In Inadequate Housing
https://ourworldindata.org/grapher/share-of-urban-population-living-in-slums,Share Of Urban Population Living In Slums
https://ourworldindata.org/grapher/population-in-the-largest-city,Population In The Largest City
https://ourworldindata.org/grapher/urban-and-rural-population-2050,Urban And Rural Population 2050
https://ourworldindata.org/grapher/urban-area-long-term,Urban Area Long Term
https://ourworldindata.org/grapher/share-of-children-who-are-stunted-in-urban-and-rural-areas,Share Of Children WHO Are Stunted In Urban And Rural Areas
https://ourworldindata.org/grapher/share-of-population-in-multidimensional-poverty-urban-vs-rural-cme-scatter,Share Of Population In Multidimensional Poverty Urban Vs Rural Cme Scatter
https://ourworldindata.org/grapher/adequacy-of-social-safety-net-programs,Adequacy Of Social Safety Net Programs
https://ourworldindata.org/grapher/extreme-poverty-vs-child-mortality,Extreme Poverty Vs Child Mortality
https://ourworldindata.org/grapher/share-extreme-poverty-vs-share-mpi-poor-over-time,Share Extreme Poverty Vs Share MPI Poor Over Time
https://ourworldindata.org/grapher/mean-income-or-consumption-per-day-2017-vs-2021-international-,Mean Income Or Consumption Per Day 2017 Vs 2021 International
https://ourworldindata.org/grapher/national-poverty-line-vs-gdp-per-capita,National Poverty Line Vs GDP Per Capita
https://ourworldindata.org/grapher/data-deprivation-poverty-surveys-per-decade,Data Deprivation Poverty Surveys Per Decade
https://ourworldindata.org/grapher/prosperity-gap,Prosperity Gap
https://ourworldindata.org/grapher/relative-poverty-share-of-people-below-40-of-the-median,Relative Poverty Share Of People Below 40 Of The Median
https://ourworldindata.org/grapher/relative-poverty-share-of-people-below-50-of-the-median,Relative Poverty Share Of People Below 50 Of The Median
https://ourworldindata.org/grapher/relative-poverty-share-of-people-below-60-of-the-median,Relative Poverty Share Of People Below 60 Of The Median
https://ourworldindata.org/grapher/extreme-poverty-headcount-ratio-vs-life-expectancy-at-birth,Extreme Poverty Headcount Ratio Vs Life Expectancy At Birth
https://ourworldindata.org/grapher/poverty-headcount-rate-vs-poverty-gap,Poverty Headcount Rate Vs Poverty Gap
https://ourworldindata.org/grapher/share-in-extreme-poverty-cost-of-basic-needs-vs-below-int-poverty-line,Share In Extreme Poverty Cost Of Basic Needs Vs Below Int Poverty Line
https://ourworldindata.org/grapher/share-people-multidimensional-poverty-national-definitions,Share People Multidimensional Poverty National Definitions
https://ourworldindata.org/grapher/share-in-poverty-relative-to-different-poverty-thresholds-historical,Share In Poverty Relative To Different Poverty Thresholds Historical
https://ourworldindata.org/grapher/poverty-vs-mean-schooling,Poverty Vs Mean Schooling
https://ourworldindata.org/grapher/poverty-vs-life-expectancy,Poverty Vs Life Expectancy
https://ourworldindata.org/grapher/share-living-on-upper-middle-income-poverty-line-vs-average-daily-income,Share Living On Upper Middle Income Poverty Line Vs Average Daily Income
https://ourworldindata.org/grapher/share-in-extreme-poverty-including-and-excluding-china,Share In Extreme Poverty Including And Excluding China
https://ourworldindata.org/grapher/share-of-government-consumption-in-gdp-vs-share-in-extreme-poverty,Share Of Government Consumption In GDP Vs Share In Extreme Poverty
https://ourworldindata.org/grapher/donated-official-development-assistance-grants-for-poverty-reduction,Donated Official Development Assistance Grants For Poverty Reduction
https://ourworldindata.org/grapher/received-official-development-assistance-grants-for-poverty-reduction,Received Official Development Assistance Grants For Poverty Reduction
https://ourworldindata.org/grapher/share-of-population-deprived-by-multidimensional-poverty-indicators,Share Of Population Deprived By Multidimensional Poverty Indicators
https://ourworldindata.org/grapher/share-of-population-living-in-poverty-by-national-poverty-lines,Share Of Population Living In Poverty By National Poverty Lines
https://ourworldindata.org/grapher/share-of-population-living-in-extreme-poverty-historical,Share Of Population Living In Extreme Poverty Historical
https://ourworldindata.org/grapher/share-of-population-living-in-extreme-poverty,Share Of Population Living In Extreme Poverty
https://ourworldindata.org/grapher/share-of-population-living-in-extreme-poverty-lines-cbn,Share Of Population Living In Extreme Poverty Lines Cbn
https://ourworldindata.org/grapher/share-of-the-population-living-in-extreme-poverty-vs-average-consumption-or-income,Share Of The Population Living In Extreme Poverty Vs Average Consumption Or Income
https://ourworldindata.org/grapher/share-of-population-multidimensionally-poor-hot,Share Of Population Multidimensionally Poor Hot
https://ourworldindata.org/grapher/share-vs-mpi,Share Vs MPI
https://ourworldindata.org/grapher/share-of-population-in-multidimensional-poverty-urban-vs-rural-hot,Share Of Population In Multidimensional Poverty Urban Vs Rural Hot
https://ourworldindata.org/grapher/share-of-population-in-multidimensional-poverty-urban-vs-rural-cme,Share Of Population In Multidimensional Poverty Urban Vs Rural Cme
https://ourworldindata.org/grapher/share-of-population-in-severe-multidimensional-poverty,Share Of Population In Severe Multidimensional Poverty
https://ourworldindata.org/grapher/share-poverty-lower-middle-income-vs-share-mpi-poor,Share Poverty Lower Middle Income Vs Share MPI Poor
https://ourworldindata.org/grapher/share-of-population-living-with-less-than-international-and-lower-middle-income-poverty-lines,Share Of Population Living With Less Than International And Lower Middle Income Poverty Lines
https://ourworldindata.org/grapher/share-vs-intensity-of-multidimensional-poverty,Share Vs Intensity Of Multidimensional Poverty
https://ourworldindata.org/grapher/the-share-and-number-of-people-living-in-extreme-poverty,The Share And Number Of People Living In Extreme Poverty
https://ourworldindata.org/grapher/total-shortfall-from-extreme-poverty,Total Shortfall From Extreme Poverty
https://ourworldindata.org/grapher/share-adults-bank-account-financial-institution-mobile-money,Share Adults Bank Account Financial Institution Mobile Money
https://ourworldindata.org/grapher/extreme-poverty-vs-prevalence-of-underweight-children,Extreme Poverty Vs Prevalence Of Underweight Children
https://ourworldindata.org/grapher/risk-of-impoverishing-expenditure-for-surgical-care,Risk Of Impoverishing Expenditure For Surgical Care
https://ourworldindata.org/grapher/vaccination-coverage-dpt-by-extreme-poverty,Vaccination Coverage Dpt By Extreme Poverty
https://ourworldindata.org/grapher/average-harmonized-learning-outcome-scores,Average Harmonized Learning Outcome Scores
https://ourworldindata.org/grapher/learning-outcomes-vs-gdp-per-capita,Learning Outcomes Vs GDP Per Capita
https://ourworldindata.org/grapher/pisa-mean-performance-on-the-mathematics-scale-by-sex,PISA Mean Performance On The Mathematics Scale By Sex
https://ourworldindata.org/grapher/pisa-mean-performance-on-the-reading-scale-by-sex,PISA Mean Performance On The Reading Scale By Sex
https://ourworldindata.org/grapher/average-performance-of-15-year-old-girls-and-boys-on-the-science-scale,Average Performance Of 15 Year Old Girls And Boys On The Science Scale
https://ourworldindata.org/grapher/average-performance-of-15-year-olds-in-mathematics-reading-and-science,Average Performance Of 15 Year Olds In Mathematics Reading And Science
https://ourworldindata.org/grapher/mean-years-of-schooling-long-run,Mean Years Of Schooling Long Run
https://ourworldindata.org/grapher/average-years-of-schooling-vs-gdp-per-capita,Average Years Of Schooling Vs GDP Per Capita
https://ourworldindata.org/grapher/average-schooling-vs-expected-schooling,Average Schooling Vs Expected Schooling
https://ourworldindata.org/grapher/gender-ratios-for-mean-years-of-schooling,Gender Ratios For Mean Years Of Schooling
https://ourworldindata.org/grapher/duration-of-compulsory-education,Duration Of Compulsory Education
https://ourworldindata.org/grapher/duration-of-pre-primary-education,Duration Of Pre Primary Education
https://ourworldindata.org/grapher/girls-and-boys-who-are-out-of-primary-secondary-school,Girls And Boys WHO Are Out Of Primary Secondary School
https://ourworldindata.org/grapher/learning-adjusted-years-of-schooling-gender-scatter,Learning Adjusted Years Of Schooling Gender Scatter
https://ourworldindata.org/grapher/literate-and-illiterate-world-population,Literate And Illiterate World Population
https://ourworldindata.org/grapher/lower-secondary-completion-rate-adjusted-gender-parity-index,Lower Secondary Completion Rate Adjusted Gender Parity Index
https://ourworldindata.org/grapher/primary-school-attendance-selected-countries,Primary School Attendance Selected Countries
https://ourworldindata.org/grapher/net-enrollment-pre-primary-boys-vs-girls,Net Enrollment Pre Primary Boys Vs Girls
https://ourworldindata.org/grapher/secondary-net-enrollment-gpi,Secondary Net Enrollment Gpi
https://ourworldindata.org/grapher/net-enrollment-rate-primary-gender-parity-index-gpi,Net Enrollment Rate Primary Gender Parity Index Gpi
https://ourworldindata.org/grapher/total-number-of-people-aged-15-with-no-education-in-millions-by-continent-1970-2050,Total Number Of People Aged 15 With No Education In Millions By Continent 1970 2050
https://ourworldindata.org/grapher/numeracy-rate-in-adult-men,Numeracy Rate In Adult Men
https://ourworldindata.org/grapher/numeracy-rate-in-adult-women-sdg,Numeracy Rate In Adult Women SDG
https://ourworldindata.org/grapher/official-entrance-age-to-compulsory-education,Official Entrance Age To Compulsory Education
https://ourworldindata.org/grapher/official-entrance-age-to-pre-primary-education,Official Entrance Age To Pre Primary Education
https://ourworldindata.org/grapher/participation-rate-in-formal-and-non-formal-education-and-training,Participation Rate In Formal And Non Formal Education And Training
https://ourworldindata.org/grapher/primary-completion-rate-adjusted-gender-parity-index,Primary Completion Rate Adjusted Gender Parity Index
https://ourworldindata.org/grapher/school-life-expectancy-primary-gender-parity-index-gpi,School Life Expectancy Primary Gender Parity Index Gpi
https://ourworldindata.org/grapher/out-of-school-children-of-primary-school-age-by-world-region,Out Of School Children Of Primary School Age By World Region
https://ourworldindata.org/grapher/proportion-of-children-developmentally-on-track,Proportion Of Children Developmentally On Track
https://ourworldindata.org/grapher/pupil-teacher-ratio-for-primary-education-by-country,Pupil Teacher Ratio For Primary Education By Country
https://ourworldindata.org/grapher/quality-vs-quantity-of-schooling,Quality Vs Quantity Of Schooling
https://ourworldindata.org/grapher/share-enrolled-in-private-institutions-at-the-pre-primary-education-level,Share Enrolled In Private Institutions At The Pre Primary Education Level
https://ourworldindata.org/grapher/precentage-enrolled-in-private-institutions-at-the-primary-education-level,Precentage Enrolled In Private Institutions At The Primary Education Level
https://ourworldindata.org/grapher/share-of-children-achieving-minimum-proficiency-in-reading-and-math-by-education-level,Share Of Children Achieving Minimum Proficiency In Reading And Math By Education Level
https://ourworldindata.org/grapher/share-of-children-reaching-sufficient-reading-comprehension-by-the-end-of-lower-secondary-age,Share Of Children Reaching Sufficient Reading Comprehension By The End Of Lower Secondary Age
https://ourworldindata.org/grapher/share-of-children-achieving-minimum-reading-proficiency-by-the-end-of-primary-education,Share Of Children Achieving Minimum Reading Proficiency By The End Of Primary Education
https://ourworldindata.org/grapher/primary-enrollment-selected-countries,Primary Enrollment Selected Countries
https://ourworldindata.org/grapher/proportion-with-ict-skills-by-sex,Proportion With ICT Skills By Sex
https://ourworldindata.org/grapher/share-of-population-15-years-and-older-with-no-education,Share Of Population 15 Years And Older With No Education
https://ourworldindata.org/grapher/percentage-of-primary-schools-with-access-to-potable-water,Percentage Of Primary Schools With Access To Potable Water
https://ourworldindata.org/grapher/primary-schools-with-access-to-internet,Primary Schools With Access To Internet
https://ourworldindata.org/grapher/percentage-of-primary-schools-with-toilets,Percentage Of Primary Schools With Toilets
https://ourworldindata.org/grapher/share-primary-school-age-out-of-school-vs-gdp-per-capita,Share Primary School Age Out Of School Vs GDP Per Capita
https://ourworldindata.org/grapher/schools-access-drinking-water,Schools Access Drinking Water
https://ourworldindata.org/grapher/schools-access-to-wash,Schools Access To Wash
https://ourworldindata.org/grapher/schools-access-to-electricity,Schools Access To Electricity
https://ourworldindata.org/grapher/schools-access-computers,Schools Access Computers
https://ourworldindata.org/grapher/share-of-schools-with-access-to-single-sex-basic-sanitation,Share Of Schools With Access To Single Sex Basic Sanitation
https://ourworldindata.org/grapher/schools-materials-students-with-disabilities,Schools Materials Students With Disabilities
https://ourworldindata.org/grapher/share-of-students-at-end-of-lower-secondary-education-achieving-minimum-math-proficiency,Share Of Students At End Of Lower Secondary Education Achieving Minimum Math Proficiency
https://ourworldindata.org/grapher/share-of-students-at-end-of-primary-education-achieving-minimum-math-proficiency,Share Of Students At End Of Primary Education Achieving Minimum Math Proficiency
https://ourworldindata.org/grapher/share-of-students-achieving-minimum-proficiency-in-reading-and-math-by-education-level,Share Of Students Achieving Minimum Proficiency In Reading And Math By Education Level
https://ourworldindata.org/grapher/share-of-students-at-end-of-lower-secondary-education-with-minimum-reading-proficiency,Share Of Students At End Of Lower Secondary Education With Minimum Reading Proficiency
https://ourworldindata.org/grapher/share-of-students-at-end-of-primary-education-achieving-minimum-reading-proficiency,Share Of Students At End Of Primary Education Achieving Minimum Reading Proficiency
https://ourworldindata.org/grapher/share-of-students-from-abroad,Share Of Students From Abroad
https://ourworldindata.org/grapher/share-of-students-studying-abroad,Share Of Students Studying Abroad
https://ourworldindata.org/grapher/population-having-attained-at-least-basic-education,Population Having Attained At Least Basic Education
https://ourworldindata.org/grapher/share-of-the-population-with-at-least-some-secondary-education,Share Of The Population With At Least Some Secondary Education
https://ourworldindata.org/grapher/share-of-the-population-with-no-formal-education-with-projections,Share Of The Population With No Formal Education With Projections
https://ourworldindata.org/grapher/share-of-the-population-with-completed-tertiary-education,Share Of The Population With Completed Tertiary Education
https://ourworldindata.org/grapher/share-of-the-world-population-with-at-least-basic-education,Share Of The World Population With At Least Basic Education
https://ourworldindata.org/grapher/share-graduates-stem-female,Share Graduates STEM Female
https://ourworldindata.org/grapher/upper-secondary-completion-rate-adjusted-gender-parity-index,Upper Secondary Completion Rate Adjusted Gender Parity Index
https://ourworldindata.org/grapher/average-daily-time-spent-by-women-on-domestic-work-paid-and-unpaid,Average Daily Time Spent By Women On Domestic Work Paid And Unpaid
https://ourworldindata.org/grapher/average-usual-weekly-hours-worked-women-15-years-and-older,Average Usual Weekly Hours Worked Women 15 Years And Older
https://ourworldindata.org/grapher/female-employment-to-population-ratio,Female Employment To Population Ratio
https://ourworldindata.org/grapher/modeled-female-employment-to-population-ratio,Modeled Female Employment To Population Ratio
https://ourworldindata.org/grapher/female-employment-vs-public-spending-on-family-benefits-oecd,Female Employment Vs Public Spending On Family Benefits OECD
https://ourworldindata.org/grapher/female-labor-force-participation-long-run,Female Labor Force Participation Long Run
https://ourworldindata.org/grapher/female-labor-force-participation-rates-slopes,Female Labor Force Participation Rates Slopes
https://ourworldindata.org/grapher/female-labor-force-participation-rates,Female Labor Force Participation Rates
https://ourworldindata.org/grapher/female-labor-force-participation-rate-by-age,Female Labor Force Participation Rate By Age
https://ourworldindata.org/grapher/female-labor-force-participation-rates-by-national-per-capita-income,Female Labor Force Participation Rates By National Per Capita Income
https://ourworldindata.org/grapher/female-labor-force-participation-rates-latest-vs-1980,Female Labor Force Participation Rates Latest Vs 1980
https://ourworldindata.org/grapher/female-labor-force-participation-rates-by-family-benefits-public-spending,Female Labor Force Participation Rates By Family Benefits Public Spending
https://ourworldindata.org/grapher/proportion-of-labor-force-who-are-women,Proportion Of Labor Force WHO Are Women
https://ourworldindata.org/grapher/unemployment-rate-women,Unemployment Rate Women
https://ourworldindata.org/grapher/female-to-male-ratio-of-time-devoted-to-unpaid-care-work,Female To Male Ratio Of Time Devoted To Unpaid Care Work
https://ourworldindata.org/grapher/fertility-and-female-labor-force-participation,Fertility And Female Labor Force Participation
https://ourworldindata.org/grapher/labor-force-participation-rates-for-women-ages-15-24-2020-vs-1980,Labor Force Participation Rates For Women Ages 15 24 2020 Vs 1980
https://ourworldindata.org/grapher/ratio-of-female-to-male-labor-force-participation-rates-ilo-wdi,Ratio Of Female To Male Labor Force Participation Rates ILO Wdi
https://ourworldindata.org/grapher/share-of-employed-women-working-in-agriculture-vs-gdp-per-capita,Share Of Employed Women Working In Agriculture Vs GDP Per Capita
https://ourworldindata.org/grapher/share-of-female-workers-by-sector,Share Of Female Workers By Sector
https://ourworldindata.org/grapher/share-in-informal-employment-female,Share In Informal Employment Female
https://ourworldindata.org/grapher/share-of-male-vs-female-employment-in-agri,Share Of Male Vs Female Employment In Agri
https://ourworldindata.org/grapher/share-of-male-vs-female-employment-in-services,Share Of Male Vs Female Employment In Services
https://ourworldindata.org/grapher/male-vs-female-informal-employment-as-share-of-total-employment,Male Vs Female Informal Employment As Share Of Total Employment
https://ourworldindata.org/grapher/share-of-day-women-spend-on-unpaid-domestic-and-care-work,Share Of Day Women Spend On Unpaid Domestic And Care Work
https://ourworldindata.org/grapher/urban-population-vs-female-labor-force-participation-rate,Urban Population Vs Female Labor Force Participation Rate
https://ourworldindata.org/grapher/work-hours-per-week,Work Hours Per Week
https://ourworldindata.org/grapher/what-percentage-of-the-us-public-approves-of-working-wives,What Percentage Of The US Public Approves Of Working Wives
https://ourworldindata.org/grapher/criminal-penalties-or-civil-remedies-sexual-harassment-in-employment,Criminal Penalties Or Civil Remedies Sexual Harassment In Employment
https://ourworldindata.org/grapher/law-mandate-nondiscrimination-hiring,Law Mandate Nondiscrimination Hiring
https://ourworldindata.org/grapher/legislation-on-sexual-harassment-in-employment,Legislation On Sexual Harassment In Employment
https://ourworldindata.org/grapher/share-who-agree-with-the-statement-when-jobs-are-scarce-men-should-have-more-right-to-a-job-than-women,Share Who Agree With The Statement When Jobs Are Scarce Men Should Have More Right To A Job Than Women
https://ourworldindata.org/grapher/maternal-mortality-vs-female-labor-force-participation,Maternal Mortality Vs Female Labor Force Participation
https://ourworldindata.org/grapher/natural-disasters-people-affected,Natural Disasters People Affected
https://ourworldindata.org/grapher/natural-disasters-economic-damages,Natural Disasters Economic Damages
https://ourworldindata.org/grapher/number-of-natural-disaster-events,Number Of Natural Disaster Events
https://ourworldindata.org/grapher/natural-disasters-reported-by-deaths,Natural Disasters Reported By Deaths
https://ourworldindata.org/grapher/death-rates-disaster-gdp,Death Rates Disaster GDP
https://ourworldindata.org/grapher/economic-damage-from-natural-disasters,Economic Damage From Natural Disasters
https://ourworldindata.org/grapher/natural-disasters-by-yearly-impact,Natural Disasters By Yearly Impact
https://ourworldindata.org/grapher/total-affected-by-natural-disasters,Total Affected By Natural Disasters
https://ourworldindata.org/grapher/deaths-and-missing-persons-due-to-natural-disasters,Deaths And Missing Persons Due To Natural Disasters
https://ourworldindata.org/grapher/decadal-deaths-disasters-type,Decadal Deaths Disasters Type
https://ourworldindata.org/grapher/natural-disasters-deaths,Natural Disasters Deaths
https://ourworldindata.org/grapher/monthly-average-surface-temperatures-by-decade,Monthly Average Surface Temperatures By Decade
https://ourworldindata.org/grapher/average-annual-surface-temperature,Average Annual Surface Temperature
https://ourworldindata.org/grapher/covid-vaccine-share-boosters,COVID Vaccine Share Boosters
https://ourworldindata.org/grapher/covid-vaccination-policy,COVID Vaccination Policy
https://ourworldindata.org/grapher/covid-vaccine-booster-doses-per-capita,COVID Vaccine Booster Doses Per Capita
https://ourworldindata.org/grapher/daily-covid-vaccination-doses-per-capita,Daily COVID Vaccination Doses Per Capita
https://ourworldindata.org/grapher/daily-covid-19-vaccination-doses,Daily COVID 19 Vaccination Doses
https://ourworldindata.org/grapher/covid-vaccine-doses-by-manufacturer,COVID Vaccine Doses By Manufacturer
https://ourworldindata.org/grapher/share-people-vaccinated-covid,Share People Vaccinated COVID
https://ourworldindata.org/grapher/covid-world-unvaccinated-people,COVID World Unvaccinated People
https://ourworldindata.org/grapher/share-people-fully-vaccinated-covid,Share People Fully Vaccinated COVID
https://ourworldindata.org/grapher/the-incidence-of-malaria-per-1000-population,The Incidence Of Malaria Per 1000 Population
https://ourworldindata.org/grapher/vaccination-coverage-who-unicef,Vaccination Coverage WHO UNICEF
https://ourworldindata.org/grapher/people-vaccinated-covid,People Vaccinated COVID
https://ourworldindata.org/grapher/country-reporting-data-on-covid-vaccinations,Country Reporting Data On COVID Vaccinations
https://ourworldindata.org/grapher/share-of-the-top-1-vs-gini-coefficient-before-tax-wid,Share Of The Top 1 Vs Gini Coefficient Before Tax Wid
https://ourworldindata.org/grapher/reduction-in-income-inequality,Reduction In Income Inequality
https://ourworldindata.org/grapher/income-share-top-1-after-vs-before-tax-wid-scatter,Income Share Top 1 After Vs Before Tax Wid Scatter
https://ourworldindata.org/grapher/income-share-top-1-before-tax-wid-extrapolations,Income Share Top 1 Before Tax Wid Extrapolations
https://ourworldindata.org/grapher/tax-revenues-vs-income-inequality,Tax Revenues Vs Income Inequality
https://ourworldindata.org/grapher/gini-coefficient-wid,Gini Coefficient Wid
https://ourworldindata.org/grapher/gini-coefficient-after-vs-before-tax-lis-scatter,Gini Coefficient After Vs Before Tax Lis Scatter
https://ourworldindata.org/grapher/inequality-of-incomes-before-and-after-taxes-and-transfers-scatter,Inequality Of Incomes Before And After Taxes And Transfers Scatter
https://ourworldindata.org/grapher/reduction-in-income-inequality-before-and-after-tax-among-total-vs-working-age-population,Reduction In Income Inequality Before And After Tax Among Total Vs Working Age Population
https://ourworldindata.org/grapher/share-top-1-before-tax-vs-gdp-per-capita,Share Top 1 Before Tax Vs GDP Per Capita
https://ourworldindata.org/grapher/gini-coefficient-equivalized-income-chartbook,Gini Coefficient Equivalized Income Chartbook
https://ourworldindata.org/grapher/gini-coefficient-wb,Gini Coefficient Wb
https://ourworldindata.org/grapher/unemployment-rate,Unemployment Rate
https://ourworldindata.org/grapher/labor-participation-rate,Labor Participation Rate
https://ourworldindata.org/grapher/severe-food-insecurity-undernourishment,Severe Food Insecurity Undernourishment
https://ourworldindata.org/grapher/remittances,Remittances
https://ourworldindata.org/grapher/asylum-seekers-and-refugees,Asylum Seekers And Refugees
https://ourworldindata.org/grapher/cost-healthy-diet,Cost Healthy Diet
https://ourworldindata.org/grapher/share-nutritional-diet-unaffordable,Share Nutritional Diet Unaffordable
https://ourworldindata.org/grapher/number-nutritional-diet-unaffordable,Number Nutritional Diet Unaffordable
https://ourworldindata.org/grapher/share-of-population-with-moderate-or-severe-food-insecurity,Share Of Population With Moderate Or Severe Food Insecurity
https://ourworldindata.org/grapher/number-children-stunted-who,Number Children Stunted WHO
https://ourworldindata.org/grapher/prevalence-of-undernourishment,Prevalence Of Undernourishment
https://ourworldindata.org/grapher/prevalence-of-undernourishment-vs-share-of-children-who-are-stunted,Prevalence Of Undernourishment Vs Share Of Children Who Are Stunted
https://ourworldindata.org/grapher/number-calorie-diet-unaffordable,Number Calorie Diet Unaffordable
https://ourworldindata.org/grapher/share-of-population-with-severe-food-insecurity,Share Of Population With Severe Food Insecurity
https://ourworldindata.org/grapher/share-undernourished-vs-gdp-pc,Share Undernourished Vs GDP Pc
https://ourworldindata.org/grapher/daily-per-capita-caloric-supply,Daily Per Capita Caloric Supply
https://ourworldindata.org/grapher/measles-cases-and-death,Measles Cases And Death
https://ourworldindata.org/grapher/tuberculosis-deaths-including-hiv,Tuberculosis Deaths Including HIV
https://ourworldindata.org/grapher/number-of-measles-cases,Number Of Measles Cases
https://ourworldindata.org/grapher/tb-related-deaths-hiv,TB Related Deaths HIV
https://ourworldindata.org/grapher/measles-coverage-vs-cases-worldwide,Measles Coverage Vs Cases Worldwide
https://ourworldindata.org/grapher/reported-cases-of-measles,Reported Cases Of Measles
https://ourworldindata.org/grapher/tuberculosis-deaths-by-hiv-status,Tuberculosis Deaths By HIV Status
https://ourworldindata.org/grapher/hiv-death-rates,HIV Death Rates
https://ourworldindata.org/grapher/hivaids-deaths-tuberculosis-drug-resistant,HIV/AIDS Deaths Tuberculosis Drug Resistant
https://ourworldindata.org/grapher/share-of-children-vaccinated-against-measles,Share Of Children Vaccinated Against Measles
https://ourworldindata.org/grapher/prevalence-of-hiv-unaids-vs-ihme-estimates,Prevalence Of HIV UNAIDS Vs IHME Estimates
https://ourworldindata.org/grapher/child-mortality-vs-share-of-children-immunized-against-diphtheria-pertussis-and-tetanus,Child Mortality Vs Share Of Children Immunized Against Diphtheria Pertussis And Tetanus
https://ourworldindata.org/grapher/hiv-funding-and-future-requirements,HIV Funding And Future Requirements
https://ourworldindata.org/grapher/hivaids-deaths-and-averted-due-to-art,HIV/AIDS Deaths And Averted Due To ART
https://ourworldindata.org/grapher/deaths-from-aids-un,Deaths From AIDS UN
https://ourworldindata.org/grapher/number-of-deaths-from-malaria-who,Number Of Deaths From Malaria WHO
https://ourworldindata.org/grapher/malaria-deaths-by-region,Malaria Deaths By Region
https://ourworldindata.org/grapher/prevalence-of-tuberculosis-by-drug-susceptibility,Prevalence Of Tuberculosis By Drug Susceptibility
https://ourworldindata.org/grapher/death-rate-from-malaria,Death Rate From Malaria
https://ourworldindata.org/grapher/deaths-from-aids-ihme,Deaths From AIDS IHME
https://ourworldindata.org/grapher/number-of-deaths-from-hivaids,Number Of Deaths From HIV/AIDS
https://ourworldindata.org/grapher/death-rate-from-malaria-ghe,Death Rate From Malaria Ghe
https://ourworldindata.org/grapher/malaria-deaths-ihme,Malaria Deaths IHME
https://ourworldindata.org/grapher/extensively-drug-resistant-tuberculosis,Extensively Drug Resistant Tuberculosis
https://ourworldindata.org/grapher/global-temperature-anomalies-by-month,Global Temperature Anomalies By Month
https://ourworldindata.org/grapher/sea-surface-temperature-anomaly,Sea Surface Temperature Anomaly
https://ourworldindata.org/grapher/antarctica-sea-ice-extent,Antarctica Sea Ice Extent
https://ourworldindata.org/grapher/arctic-sea-ice,Arctic Sea Ice
https://ourworldindata.org/grapher/ice-sheet-mass-balance,Ice Sheet Mass Balance
https://ourworldindata.org/grapher/monthly-ocean-heat-2000m,Monthly Ocean Heat 2000M
https://ourworldindata.org/grapher/monthly-upper-ocean-heat,Monthly Upper Ocean Heat
https://ourworldindata.org/grapher/sea-surface-temperature,Sea Surface Temperature
https://ourworldindata.org/grapher/seawater-ph,Seawater Ph
https://ourworldindata.org/grapher/sea-level,Sea Level
https://ourworldindata.org/grapher/annual-temperature-anomalies,Annual Temperature Anomalies
https://ourworldindata.org/grapher/autumn-temperature-anomalies,Autumn Temperature Anomalies
https://ourworldindata.org/grapher/average-monthly-surface-temperature,Average Monthly Surface Temperature
https://ourworldindata.org/grapher/nitrous-oxide-long,Nitrous Oxide Long
https://ourworldindata.org/grapher/decadal-temperature-anomaly,Decadal Temperature Anomaly
https://ourworldindata.org/grapher/mass-us-glaciers,Mass US Glaciers
https://ourworldindata.org/grapher/global-methane-concentrations,Global Methane Concentrations
https://ourworldindata.org/grapher/global-nitrous-oxide-concentration,Global Nitrous Oxide Concentration
https://ourworldindata.org/grapher/global-temperature-anomalies-by-el-nino-la-nina-and-month,Global Temperature Anomalies By El Nino La Nina And Month
https://ourworldindata.org/grapher/global-temperature-anomalies-by-el-nino-la-nina,Global Temperature Anomalies By El Nino La Nina
https://ourworldindata.org/grapher/ocean-heat-top-2000m,Ocean Heat Top 2000M
https://ourworldindata.org/grapher/ocean-heat-content-upper,Ocean Heat Content Upper
https://ourworldindata.org/grapher/long-run-methane-concentration,Long Run Methane Concentration
https://ourworldindata.org/grapher/monthly-average-surface-temperatures-by-year,Monthly Average Surface Temperatures By Year
https://ourworldindata.org/grapher/monthly-sea-ice-extent-in-the-antarctic,Monthly Sea Ice Extent In The Antarctic
https://ourworldindata.org/grapher/monthly-sea-ice-extent-in-the-antarctic-decadal-average,Monthly Sea Ice Extent In The Antarctic Decadal Average
https://ourworldindata.org/grapher/monthly-sea-ice-extent-in-the-arctic,Monthly Sea Ice Extent In The Arctic
https://ourworldindata.org/grapher/monthly-sea-ice-extent-in-the-arctic-decadal-average,Monthly Sea Ice Extent In The Arctic Decadal Average
https://ourworldindata.org/grapher/monthly-surface-temperature-anomalies-by-decade,Monthly Surface Temperature Anomalies By Decade
https://ourworldindata.org/grapher/monthly-surface-temperature-anomalies-by-year,Monthly Surface Temperature Anomalies By Year
https://ourworldindata.org/grapher/monthly-temperature-anomalies,Monthly Temperature Anomalies
https://ourworldindata.org/grapher/average-working-hours-of-children,Average Working Hours Of Children
https://ourworldindata.org/grapher/informal-employment-of-total-non-agricultural-employment,Informal Employment Of Total Non Agricultural Employment
https://ourworldindata.org/grapher/share-in-informal-employment,Share In Informal Employment
https://ourworldindata.org/grapher/total-healthcare-expenditure-gdp,Total Healthcare Expenditure GDP
https://ourworldindata.org/grapher/annual-healthcare-expenditure-per-capita,Annual Healthcare Expenditure Per Capita
https://ourworldindata.org/grapher/health-spending-per-person-by-source,Health Spending Per Person By Source
https://ourworldindata.org/grapher/hospital-beds-per-1000-people,Hospital Beds Per 1000 People
https://ourworldindata.org/grapher/homicide-rate-unodc,Homicide Rate Unodc
https://ourworldindata.org/grapher/homicides-unodc,Homicides Unodc
https://ourworldindata.org/grapher/homicide-rate,Homicide Rate
https://ourworldindata.org/grapher/tariff-rate-applied-weighted-mean-all-products,Tariff Rate Applied Weighted Mean All Products
https://ourworldindata.org/grapher/trade-as-share-of-gdp,Trade As Share Of GDP
https://ourworldindata.org/grapher/community-health-workers,Community Health Workers
https://ourworldindata.org/grapher/healthcare-access-quality-un,Healthcare Access Quality UN
https://ourworldindata.org/grapher/dentistry-personnel-per-1000,Dentistry Personnel Per 1000
https://ourworldindata.org/grapher/public-health-expenditure-share-gdp,Public Health Expenditure Share GDP
https://ourworldindata.org/grapher/health-insurance-coverage-in-the-us,Health Insurance Coverage In The US
https://ourworldindata.org/grapher/health-coverage-vs-gdp-per-capita-simple,Health Coverage Vs GDP Per Capita Simple
https://ourworldindata.org/grapher/health-expenditure-government-expenditure,Health Expenditure Government Expenditure
https://ourworldindata.org/grapher/health-expenditure-and-financing-per-capita,Health Expenditure And Financing Per Capita
https://ourworldindata.org/grapher/haq-by-level-of-healthcare-spending-endpoints,Haq By Level Of Healthcare Spending Endpoints
https://ourworldindata.org/grapher/healthcare-expenditure-vs-gdp,Healthcare Expenditure Vs GDP
https://ourworldindata.org/grapher/healthy-life-expectancy-vs-health-expenditure-per-capita,Healthy Life Expectancy Vs Health Expenditure Per Capita
https://ourworldindata.org/grapher/how-much-we-think-we-spend-on-healthcare-vs-how-much-we-actually-do,How Much We Think We Spend On Healthcare Vs How Much We Actually Do
https://ourworldindata.org/grapher/inequality-in-life-expectancy-vs-health-expenditure-per-capita,Inequality In Life Expectancy Vs Health Expenditure Per Capita
https://ourworldindata.org/grapher/ihr-core-capacity-index-sdgs,Ihr Core Capacity Index SDGs
https://ourworldindata.org/grapher/life-expectancy-vs-health-expenditure,Life Expectancy Vs Health Expenditure
https://ourworldindata.org/grapher/life-expectancy-vs-healthcare-expenditure,Life Expectancy Vs Healthcare Expenditure
https://ourworldindata.org/grapher/physicians-per-1000-people,Physicians Per 1000 People
https://ourworldindata.org/grapher/net-oda-to-medical-research,Net Oda To Medical Research
https://ourworldindata.org/grapher/out-of-pocket-expenditure-per-capita-on-healthcare,Out Of Pocket Expenditure Per Capita On Healthcare
https://ourworldindata.org/grapher/percentage-of-persons-without-health-insurance-coverage-us,Percentage Of Persons Without Health Insurance Coverage US
https://ourworldindata.org/grapher/health-protection-coverage,Health Protection Coverage
https://ourworldindata.org/grapher/pharmaceutical-personnel-per-1000,Pharmaceutical Personnel Per 1000
https://ourworldindata.org/grapher/private-health-expenditure-per-person,Private Health Expenditure Per Person
https://ourworldindata.org/grapher/public-health-insurance-coverage,Public Health Insurance Coverage
https://ourworldindata.org/grapher/public-healthcare-spending-share-gdp,Public Healthcare Spending Share GDP
https://ourworldindata.org/grapher/share-of-public-expenditure-on-healthcare-by-country,Share Of Public Expenditure On Healthcare By Country
https://ourworldindata.org/grapher/share-of-clinical-trials-that-report-results-within-a-year-over-time,Share Of Clinical Trials That Report Results Within A Year Over Time
https://ourworldindata.org/grapher/share-of-health-facilities-with-essential-medicines,Share Of Health Facilities With Essential Medicines
https://ourworldindata.org/grapher/share-of-out-of-pocket-expenditure-on-healthcare,Share Of Out Of Pocket Expenditure On Healthcare
https://ourworldindata.org/grapher/share-of-out-of-pocket-expenditure-vs-gdp-per-capita,Share Of Out Of Pocket Expenditure Vs GDP Per Capita
https://ourworldindata.org/grapher/share-of-population-with-large-household-expenditures-on-health-10pc,Share Of Population With Large Household Expenditures On Health 10Pc
https://ourworldindata.org/grapher/large-household-expenditures-health,Large Household Expenditures Health
https://ourworldindata.org/grapher/share-of-the-population-at-risk-of-catastrophic-expenditure-when-surgical-care-is-required,Share Of The Population At Risk Of Catastrophic Expenditure When Surgical Care Is Required
https://ourworldindata.org/grapher/surgeons-per-100000,Surgeons Per 100000
https://ourworldindata.org/grapher/tax-revenue-per-capita-and-public-health-spending-per-capita-in-developing-countries-in,Tax Revenue Per Capita And Public Health Spending Per Capita In Developing Countries In
https://ourworldindata.org/grapher/universal-health-coverage-index,Universal Health Coverage Index
https://ourworldindata.org/grapher/us-healthcare-expenditure,US Healthcare Expenditure
https://ourworldindata.org/grapher/tuberculosis-funding-versus-budget-requirement,Tuberculosis Funding Versus Budget Requirement
https://ourworldindata.org/grapher/financial-contributions-toward-polio-eradication,Financial Contributions Toward Polio Eradication
https://ourworldindata.org/grapher/willingness-climate-action,Willingness Climate Action
https://ourworldindata.org/grapher/sea-ice-anomaly-in-the-antarctic-by-month,Sea Ice Anomaly In The Antarctic By Month
https://ourworldindata.org/grapher/sea-ice-anomaly-in-the-arctic-by-month,Sea Ice Anomaly In The Arctic By Month
https://ourworldindata.org/grapher/seasonal-temp-anomaly-us,Seasonal Temp Anomaly US
https://ourworldindata.org/grapher/share-believe-climate,Share Believe Climate
https://ourworldindata.org/grapher/support-political-climate-action,Support Political Climate Action
https://ourworldindata.org/grapher/support-policies-climate,Support Policies Climate
https://ourworldindata.org/grapher/support-public-action-climate,Support Public Action Climate
https://ourworldindata.org/grapher/snow-cover-north-america,Snow Cover North America
https://ourworldindata.org/grapher/spring-temperature-anomalies,Spring Temperature Anomalies
https://ourworldindata.org/grapher/summer-temperature-anomalies,Summer Temperature Anomalies
https://ourworldindata.org/grapher/country-level-monthly-temperature-anomalies,Country Level Monthly Temperature Anomalies
https://ourworldindata.org/grapher/winter-temperature-anomalies,Winter Temperature Anomalies
https://ourworldindata.org/grapher/countries-with-national-adaptation-plans-for-climate-change,Countries With National Adaptation Plans For Climate Change
https://ourworldindata.org/grapher/green-climate-gcf-fund-pledges,Green Climate Gcf Fund Pledges
https://ourworldindata.org/grapher/nationally-determined-contributions,Nationally Determined Contributions
https://ourworldindata.org/grapher/opinions-young-people-climate,Opinions Young People Climate
https://ourworldindata.org/grapher/death-rate-from-obesity,Death Rate From Obesity
https://ourworldindata.org/grapher/death-rate-vs-share-obesity,Death Rate Vs Share Obesity
https://ourworldindata.org/grapher/mean-body-mass-index-bmi-in-adult-males,Mean Body Mass Index BMI In Adult Males
https://ourworldindata.org/grapher/mean-body-mass-index-bmi-in-adult-women,Mean Body Mass Index BMI In Adult Women
https://ourworldindata.org/grapher/male-high-blood-pressure,Male High Blood Pressure
https://ourworldindata.org/grapher/women-high-blood-pressure,Women High Blood Pressure
https://ourworldindata.org/grapher/obesity-prevalence-adults-who-gho,Obesity Prevalence Adults WHO GHO
https://ourworldindata.org/grapher/share-of-adult-men-overweight-or-obese-vs-daily-supply-of-calories,Share Of Adult Men Overweight Or Obese Vs Daily Supply Of Calories
https://ourworldindata.org/grapher/share-of-adults-defined-as-obese,Share Of Adults Defined As Obese
https://ourworldindata.org/grapher/obesity-vs-gdp,Obesity Vs GDP
https://ourworldindata.org/grapher/share-of-adults-who-are-overweight,Share Of Adults Who Are Overweight
https://ourworldindata.org/grapher/child-adolescent-obesity,Child Adolescent Obesity
https://ourworldindata.org/grapher/share-of-children-who-are-overweight,Share Of Children Who Are Overweight
https://ourworldindata.org/grapher/children-who-are-overweight-sdgs,Children Who Are Overweight SDGs
https://ourworldindata.org/grapher/share-of-deaths-obesity,Share Of Deaths Obesity
https://ourworldindata.org/grapher/men-weight-categories,Men Weight Categories
https://ourworldindata.org/grapher/share-of-men-defined-as-obese,Share Of Men Defined As Obese
https://ourworldindata.org/grapher/share-of-men-defined-as-overweight,Share Of Men Defined As Overweight
https://ourworldindata.org/grapher/share-of-overweight-men-vs-women,Share Of Overweight Men Vs Women
https://ourworldindata.org/grapher/share-of-women-defined-as-underweight-healthy-overweight-or-obese,Share Of Women Defined As Underweight Healthy Overweight Or Obese
https://ourworldindata.org/grapher/share-of-females-defined-as-obese,Share Of Females Defined As Obese
https://ourworldindata.org/grapher/affordability-cigarettes,Affordability Cigarettes
https://ourworldindata.org/grapher/enforcement-of-bans-on-tobacco-advertising,Enforcement Of Bans On Tobacco Advertising
https://ourworldindata.org/grapher/consumption-per-smoker-per-day,Consumption Per Smoker Per Day
https://ourworldindata.org/grapher/death-rate-smoking,Death Rate Smoking
https://ourworldindata.org/grapher/deaths-from-secondhand-smoke,Deaths From Secondhand Smoke
https://ourworldindata.org/grapher/smoking-and-secondhand-deaths,Smoking And Secondhand Deaths
https://ourworldindata.org/grapher/number-of-cigarettes-smoked-per-smoker-per-day,Number Of Cigarettes Smoked Per Smoker Per Day
https://ourworldindata.org/grapher/number-of-total-daily-smokers,Number Of Total Daily Smokers
https://ourworldindata.org/grapher/number-of-daily-smokers-gender,Number Of Daily Smokers Gender
https://ourworldindata.org/grapher/sales-of-cigarettes-per-adult-per-day,Sales Of Cigarettes Per Adult Per Day
https://ourworldindata.org/grapher/prevalence-of-tobacco-use-sdgs,Prevalence Of Tobacco Use SDGs
https://ourworldindata.org/grapher/adults-smoking-2007-2018,Adults Smoking 2007 2018
https://ourworldindata.org/grapher/share-of-adults-who-smoke-vs-gdp-per-capita,Share Of Adults Who Smoke Vs GDP Per Capita
https://ourworldindata.org/grapher/share-deaths-smoking,Share Deaths Smoking
https://ourworldindata.org/grapher/comparing-the-share-of-men-and-women-who-are-smoking,Comparing The Share Of Men And Women Who Are Smoking
https://ourworldindata.org/grapher/share-of-men-who-are-smoking,Share Of Men Who Are Smoking
https://ourworldindata.org/grapher/share-of-women-who-are-smoking,Share Of Women Who Are Smoking
https://ourworldindata.org/grapher/smoking-bans-in-public-places,Smoking Bans In Public Places
https://ourworldindata.org/grapher/smoking-death-rate-in-1990-vs-2023,Smoking Death Rate In 1990 Vs 2023
https://ourworldindata.org/grapher/support-to-help-to-quit-tobacco-use,Support To Help To Quit Tobacco Use
https://ourworldindata.org/grapher/taxes-as-a-share-of-cigarette-price,Taxes As A Share Of Cigarette Price
https://ourworldindata.org/grapher/share-of-cancer-deaths-attributed-to-tobacco,Share Of Cancer Deaths Attributed To Tobacco
https://ourworldindata.org/grapher/antibiotic-use-livestock-tonnes,Antibiotic Use Livestock Tonnes
https://ourworldindata.org/grapher/countries-enrolled-in-glass-surveillance-of-antimicrobial-consumption-and-resistance,Countries Enrolled In GLASS Surveillance Of Antimicrobial Consumption And Resistance
https://ourworldindata.org/grapher/global-deaths-by-syndrome-and-antimicrobial-resistance,Global Deaths By Syndrome And Antimicrobial Resistance
https://ourworldindata.org/grapher/global-deaths-from-infections-attributable-to-antimicrobial-resistance,Global Deaths From Infections Attributable To Antimicrobial Resistance
https://ourworldindata.org/grapher/antibiotic-usage-in-children,Antibiotic Usage In Children
https://ourworldindata.org/grapher/national-system-to-monitor-spread-of-antimicrobial-resistance-in-humans,National System To Monitor Spread Of Antimicrobial Resistance In Humans
https://ourworldindata.org/grapher/national-system-to-monitor-antimicrobials-usage-for-human-medicine,National System To Monitor Antimicrobials Usage For Human Medicine
https://ourworldindata.org/grapher/antibiotic-consumption-rate,Antibiotic Consumption Rate
https://ourworldindata.org/grapher/antibiotic-usage-by-surveillance-category-stacked,Antibiotic Usage By Surveillance Category Stacked
https://ourworldindata.org/grapher/antibiotic-use-in-livestock-in-europe,Antibiotic Use In Livestock In Europe
https://ourworldindata.org/grapher/antibiotic-use-livestock-per-kg,Antibiotic Use Livestock Per Kg
https://ourworldindata.org/grapher/laws-antimicrobials-livestock,Laws Antimicrobials Livestock
https://ourworldindata.org/grapher/reduction-global-antibiotic-use,Reduction Global Antibiotic Use
https://ourworldindata.org/grapher/neonatal-deaths-from-bloodstream-infections-attributed-to-antimicrobial-resistance,Neonatal Deaths From Bloodstream Infections Attributed To Antimicrobial Resistance
https://ourworldindata.org/grapher/neonatal-deaths-from-infections-attributed-to-antimicrobial-resistance-by-syndrome,Neonatal Deaths From Infections Attributed To Antimicrobial Resistance By Syndrome
https://ourworldindata.org/grapher/neonatal-sepsis-and-infection-death-rate-in-infants,Neonatal Sepsis And Infection Death Rate In Infants
https://ourworldindata.org/grapher/countries-data-antibiotic-livestock,Countries Data Antibiotic Livestock
https://ourworldindata.org/grapher/number-of-infections-tested-for-antibiotic-susceptibility,Number Of Infections Tested For Antibiotic Susceptibility
https://ourworldindata.org/grapher/sales-antibiotics-livestock-europe,Sales Antibiotics Livestock Europe
https://ourworldindata.org/grapher/share-of-countries-region-reporting-confirmed-infections-glass,Share Of Countries Region Reporting Confirmed Infections GLASS
https://ourworldindata.org/grapher/average-cost-of-tuberculosis-treatment-by-type,Average Cost Of Tuberculosis Treatment By Type
https://ourworldindata.org/grapher/drug-resistant-confirmed-cases-of-tuberculosis,Drug Resistant Confirmed Cases Of Tuberculosis
https://ourworldindata.org/grapher/multidrug-resistant-tuberculosis-without-extensive-drug-resistance,Multidrug Resistant Tuberculosis Without Extensive Drug Resistance
https://ourworldindata.org/grapher/cases-of-extensively-drug-resistant-tuberculosis,Cases Of Extensively Drug Resistant Tuberculosis
https://ourworldindata.org/grapher/cases-of-multidrug-resistant-tuberculosis,Cases Of Multidrug Resistant Tuberculosis
https://ourworldindata.org/grapher/global-antimicrobial-resistance-and-use-surveillance-system-glass-by-pathogen,Global Antimicrobial Resistance And Use Surveillance System GLASS By Pathogen
https://ourworldindata.org/grapher/share-of-countries-testing-confirmed-bacterial-infections-for-antibiotic-susceptibility,Share Of Countries Testing Confirmed Bacterial Infections For Antibiotic Susceptibility
https://ourworldindata.org/grapher/tuberculosis-treatment-success-rate-by-type,Tuberculosis Treatment Success Rate By Type
https://ourworldindata.org/grapher/cost-drugs-extensive-resistant-tb,Cost Drugs Extensive Resistant TB
https://ourworldindata.org/grapher/average-cost-of-tuberculosis-treatment-multi-drug-resistant,Average Cost Of Tuberculosis Treatment Multi Drug Resistant
https://ourworldindata.org/grapher/death-rate-tuberculosis-england-wales,Death Rate Tuberculosis England Wales
https://ourworldindata.org/grapher/global-tuberculosis-incidence-rate-by-age,Global Tuberculosis Incidence Rate By Age
https://ourworldindata.org/grapher/tuberculosis-deaths,Tuberculosis Deaths
https://ourworldindata.org/grapher/the-worlds-number-of-vaccinated-one-year-olds,The Worlds Number Of Vaccinated One Year Olds
https://ourworldindata.org/grapher/incidence-of-tuberculosis-sdgs,Incidence Of Tuberculosis SDGs
https://ourworldindata.org/grapher/bcg-immunization-coverage-for-tb-among-1-year-olds,BCG Immunization Coverage For TB Among 1 Year Olds
https://ourworldindata.org/grapher/share-of-the-population-with-latent-tuberculosis-infection,Share Of The Population With Latent Tuberculosis Infection
https://ourworldindata.org/grapher/tuberculosis-patients-with-hiv-share,Tuberculosis Patients With HIV Share
https://ourworldindata.org/grapher/the-share-of-tuberculosis-tests-that-are-positive,The Share Of Tuberculosis Tests That Are Positive
https://ourworldindata.org/grapher/sites-providing-rapid-tuberculosis-diagnostics-per-million-people,Sites Providing Rapid Tuberculosis Diagnostics Per Million People
https://ourworldindata.org/grapher/tuberculosis-case-detection-rate,Tuberculosis Case Detection Rate
https://ourworldindata.org/grapher/tuberculosis-case-fatality-rate,Tuberculosis Case Fatality Rate
https://ourworldindata.org/grapher/number-of-tuberculosis-cases,Number Of Tuberculosis Cases
https://ourworldindata.org/grapher/tuberculosis-cases-attributable-to-risk-factors,Tuberculosis Cases Attributable To Risk Factors
https://ourworldindata.org/grapher/tuberculosis-cases-usa,Tuberculosis Cases Usa
https://ourworldindata.org/grapher/tuberculosis-death-rate-age-standardized,Tuberculosis Death Rate Age Standardized
https://ourworldindata.org/grapher/death-rate-from-tuberculosis-gbd,Death Rate From Tuberculosis GBD
https://ourworldindata.org/grapher/tuberculosis-death-rates,Tuberculosis Death Rates
https://ourworldindata.org/grapher/tuberculosis-death-rate,Tuberculosis Death Rate
https://ourworldindata.org/grapher/death-rate-from-tuberculosis-ghe,Death Rate From Tuberculosis Ghe
https://ourworldindata.org/grapher/tuberculosis-mortality-rates-excludes-people-who-are-also-infected-with-hiv,Tuberculosis Mortality Rates Excludes People Who Are Also Infected With HIV
https://ourworldindata.org/grapher/tuberculosis-death-rate-united-states,Tuberculosis Death Rate United States
https://ourworldindata.org/grapher/tuberculosis-death-rates-by-age,Tuberculosis Death Rates By Age
https://ourworldindata.org/grapher/tuberculosis-deaths-who,Tuberculosis Deaths WHO
https://ourworldindata.org/grapher/number-of-deaths-from-tuberculosis-ghe,Number Of Deaths From Tuberculosis Ghe
https://ourworldindata.org/grapher/tuberculosis-deaths-region,Tuberculosis Deaths Region
https://ourworldindata.org/grapher/tuberculosis-deaths-under-five-ihme,Tuberculosis Deaths Under Five IHME
https://ourworldindata.org/grapher/tuberculosis-deaths-united-states,Tuberculosis Deaths United States
https://ourworldindata.org/grapher/tuberculosis-deaths-by-age,Tuberculosis Deaths By Age
https://ourworldindata.org/grapher/tb-patients-living-with-hiv-receiving-art,TB Patients Living With HIV Receiving ART
https://ourworldindata.org/grapher/tb-patients-tested-positive-for-hiv,TB Patients Tested Positive For HIV
https://ourworldindata.org/grapher/tuberculosis-treatment-success-rate-in-new-and-relapsed-cases,Tuberculosis Treatment Success Rate In New And Relapsed Cases
https://ourworldindata.org/grapher/children-aged-5-17-engaged-in-labor,Children Aged 5 17 Engaged In Labor
https://ourworldindata.org/grapher/incidence-of-child-labour,Incidence Of Child Labour
https://ourworldindata.org/grapher/children-aged-5-17-years-engaged-in-labor,Children Aged 5 17 Years Engaged In Labor
https://ourworldindata.org/grapher/incidence-of-child-labour-boys-vs-girls,Incidence Of Child Labour Boys Vs Girls
https://ourworldindata.org/grapher/incidence-of-child-labour-vs-gdp-per-capita,Incidence Of Child Labour Vs GDP Per Capita
https://ourworldindata.org/grapher/weekly-hours-worked-by-children-7-14-vs-gdp-per-capita-ppp,Weekly Hours Worked By Children 7 14 Vs GDP Per Capita PPP
https://ourworldindata.org/grapher/total-alcohol-consumption-per-capita-litres-of-pure-alcohol,Total Alcohol Consumption Per Capita Litres Of Pure Alcohol
https://ourworldindata.org/grapher/share-of-adults-who-drank-alcohol-in-last-year,Share Of Adults Who Drank Alcohol In Last Year
https://ourworldindata.org/grapher/homelessness-rate-point-in-time-count,Homelessness Rate Point In Time Count
https://ourworldindata.org/grapher/death-rates-from-alcohol-use-disorders,Death Rates From Alcohol Use Disorders
https://ourworldindata.org/grapher/coal-by-end-user-uk,Coal By End User UK
https://ourworldindata.org/grapher/coal-uk-opencast-deep-mine,Coal UK Opencast Deep Mine
https://ourworldindata.org/grapher/coal-output-per-worker-in-the-united-kingdom,Coal Output Per Worker In The United Kingdom
https://ourworldindata.org/grapher/country-scp-plan,Country Scp Plan
https://ourworldindata.org/grapher/oil-prices-inflation-adjusted,Oil Prices Inflation Adjusted
https://ourworldindata.org/grapher/electricity-generation-from-solar-and-wind-compared-to-coal,Electricity Generation From Solar And Wind Compared To Coal
https://ourworldindata.org/grapher/employment-in-the-coal-industry-in-the-united-kingdom,Employment In The Coal Industry In The United Kingdom
https://ourworldindata.org/grapher/lithium-production,Lithium Production
https://ourworldindata.org/grapher/average-battery-cell-price,Average Battery Cell Price
https://ourworldindata.org/grapher/mining-electricity-sources-including-gas,Mining Electricity Sources Including Gas
https://ourworldindata.org/grapher/natural-gas-prices,Natural Gas Prices
https://ourworldindata.org/grapher/per-capita-co2-emissions-vs-per-capita-energy-use,Per Capita CO₂ Emissions Vs Per Capita Energy Use
https://ourworldindata.org/grapher/per-capita-fossil-energy-vs-gdp,Per Capita Fossil Energy Vs GDP
https://ourworldindata.org/grapher/per-capita-low-carbon-vs-gdp,Per Capita Low Carbon Vs GDP
https://ourworldindata.org/grapher/power-outages-in-firms-per-month,Power Outages In Firms Per Month
https://ourworldindata.org/grapher/energy-mineral-prices,Energy Mineral Prices
https://ourworldindata.org/grapher/renewable-energy-investment-of-gdp,Renewable Energy Investment Of GDP
https://ourworldindata.org/grapher/share-of-total-energy-used-in-agriculture-and-forestry,Share Of Total Energy Used In Agriculture And Forestry
https://ourworldindata.org/grapher/share-of-new-cars-sold-that-are-battery-electric-and-plug-in-hybrid,Share Of New Cars Sold That Are Battery Electric And Plug In Hybrid
https://ourworldindata.org/grapher/share-of-low-carbon-energy-vs-gdp,Share Of Low Carbon Energy Vs GDP
https://ourworldindata.org/grapher/share-of-rural-population-with-electricity-access-vs-share-of-total-population-with-electricity-access,Share Of Rural Population With Electricity Access Vs Share Of Total Population With Electricity Access
https://ourworldindata.org/grapher/share-of-the-workforce-employed-in-the-coal-industry-united-kingdom,Share Of The Workforce Employed In The Coal Industry United Kingdom
https://ourworldindata.org/grapher/share-with-access-to-electricity-vs-per-capita-energy-use,Share With Access To Electricity Vs Per Capita Energy Use
https://ourworldindata.org/grapher/solar-energy-generation-vs-capacity,Solar Energy Generation Vs Capacity
https://ourworldindata.org/grapher/costs-of-66-different-technologies-over-time,Costs Of 66 Different Technologies Over Time
https://ourworldindata.org/grapher/coal-phase-out-timeline,Coal Phase Out Timeline
https://ourworldindata.org/grapher/wind-energy-generation-vs-installed-capacity,Wind Energy Generation Vs Installed Capacity
https://ourworldindata.org/grapher/annual-primary-energy-fossil-vs-low-carbon,Annual Primary Energy Fossil Vs Low Carbon
https://ourworldindata.org/grapher/annual-change-primary-energy-source,Annual Change Primary Energy Source
https://ourworldindata.org/grapher/percentage-change-energy-by-source,Percentage Change Energy By Source
https://ourworldindata.org/grapher/years-of-fossil-fuel-reserves-left,Years Of Fossil Fuel Reserves Left
https://ourworldindata.org/grapher/average-nitrate-concentration-in-freshwater,Average Nitrate Concentration In Freshwater
https://ourworldindata.org/grapher/average-phosphorus-concentration-in-freshwater,Average Phosphorus Concentration In Freshwater
https://ourworldindata.org/grapher/cereal-crop-yield-vs-fertilizer-application,Cereal Crop Yield Vs Fertilizer Application
https://ourworldindata.org/grapher/eutrophying-emissions-protein,Eutrophying Emissions Protein
https://ourworldindata.org/grapher/eutrophying-emissions-kcal,Eutrophying Emissions Kcal
https://ourworldindata.org/grapher/eutrophying-emissions-per-kg-poore,Eutrophying Emissions Per Kg Poore
https://ourworldindata.org/grapher/excess-nitrogen,Excess Nitrogen
https://ourworldindata.org/grapher/excess-nitrogen-per-hectare,Excess Nitrogen Per Hectare
https://ourworldindata.org/grapher/excess-phosphorous,Excess Phosphorous
https://ourworldindata.org/grapher/excess-phosphorous-per-hectare,Excess Phosphorous Per Hectare
https://ourworldindata.org/grapher/fertilizer-application-rates-over-the-long-run,Fertilizer Application Rates Over The Long Run
https://ourworldindata.org/grapher/fertilizer-total-use,Fertilizer Total Use
https://ourworldindata.org/grapher/fertilizer-production-by-nutrient-type-npk,Fertilizer Production By Nutrient Type NPK
https://ourworldindata.org/grapher/fertilizer-per-capita,Fertilizer Per Capita
https://ourworldindata.org/grapher/fertilizer-use-in-kg-per-hectare-of-arable-land,Fertilizer Use In Kg Per Hectare Of Arable Land
https://ourworldindata.org/grapher/fertilizer-use-per-hectare-of-cropland,Fertilizer Use Per Hectare Of Cropland
https://ourworldindata.org/grapher/fertilizer-per-hectare,Fertilizer Per Hectare
https://ourworldindata.org/grapher/fertilizer-consumption-per-hectare-vs-gdp-per-capita,Fertilizer Consumption Per Hectare Vs GDP Per Capita
https://ourworldindata.org/grapher/coastal-eutrophication,Coastal Eutrophication
https://ourworldindata.org/grapher/nitrogen-fertilizer-application-per-hectare-of-cropland,Nitrogen Fertilizer Application Per Hectare Of Cropland
https://ourworldindata.org/grapher/nitrogen-inputs-per-hectare,Nitrogen Inputs Per Hectare
https://ourworldindata.org/grapher/nitrogen-output-vs-nitrogen-input-to-agriculture,Nitrogen Output Vs Nitrogen Input To Agriculture
https://ourworldindata.org/grapher/nitrogen-use-efficiency,Nitrogen Use Efficiency
https://ourworldindata.org/grapher/phosphate-application-per-hectare-of-cropland,Phosphate Application Per Hectare Of Cropland
https://ourworldindata.org/grapher/phosphorous-inputs-per-hectare,Phosphorous Inputs Per Hectare
https://ourworldindata.org/grapher/potash-fertilizer-application-per-hectare-of-cropland,Potash Fertilizer Application Per Hectare Of Cropland
https://ourworldindata.org/grapher/share-global-excess-nitrogen,Share Global Excess Nitrogen
https://ourworldindata.org/grapher/share-global-excess-phosphorous,Share Global Excess Phosphorous
https://ourworldindata.org/grapher/total-applied-phosphorous-crops,Total Applied Phosphorous Crops
https://ourworldindata.org/grapher/total-nitrogen-inputs-crops,Total Nitrogen Inputs Crops
https://ourworldindata.org/grapher/yield-gap-vs-nitrogen-pollution,Yield Gap Vs Nitrogen Pollution
https://ourworldindata.org/grapher/world-population-supported-by-synthetic-nitrogen-fertilizers,World Population Supported By Synthetic Nitrogen Fertilizers
https://ourworldindata.org/grapher/world-population-with-and-without-fertilizer,World Population With And Without Fertilizer
https://ourworldindata.org/grapher/animal-lives-lost-direct,Animal Lives Lost Direct
https://ourworldindata.org/grapher/animal-lives-lost-total,Animal Lives Lost Total
https://ourworldindata.org/grapher/antibiotic-use-intensity-in-livestock-by-region,Antibiotic Use Intensity In Livestock By Region
https://ourworldindata.org/grapher/egg-production-system,Egg Production System
https://ourworldindata.org/grapher/kilograms-meat-per-animal,Kilograms Meat Per Animal
https://ourworldindata.org/grapher/hypothetical-land-animals-slaughtered,Hypothetical Land Animals Slaughtered
https://ourworldindata.org/grapher/laying-hens-cages-and-cage-free,Laying Hens Cages And Cage Free
https://ourworldindata.org/grapher/pain-levels-hen-systems,Pain Levels Hen Systems
https://ourworldindata.org/grapher/farmed-crustaceans,Farmed Crustaceans
https://ourworldindata.org/grapher/farmed-fish-killed,Farmed Fish Killed
https://ourworldindata.org/grapher/wild-caught-fish,Wild Caught Fish
https://ourworldindata.org/grapher/pig-production-greenhouse-gas-emissions-vs-cost-to-animal-welfare,Pig Production Greenhouse Gas Emissions Vs Cost To Animal Welfare
https://ourworldindata.org/grapher/pig-land-welfare,Pig Land Welfare
https://ourworldindata.org/grapher/attitudes-bans-factory-farming,Attitudes Bans Factory Farming
https://ourworldindata.org/grapher/survey-dietary-choices-sentience,Survey Dietary Choices Sentience
https://ourworldindata.org/grapher/survey-animal-pain-sentience,Survey Animal Pain Sentience
https://ourworldindata.org/grapher/dietary-choices-of-british-adults,Dietary Choices Of British Adults
https://ourworldindata.org/grapher/eggs-cage-free,Eggs Cage Free
https://ourworldindata.org/grapher/share-of-eggs-produced-by-different-housing-systems,Share Of Eggs Produced By Different Housing Systems
https://ourworldindata.org/grapher/pain-broiler-chickens,Pain Broiler Chickens
https://ourworldindata.org/grapher/dietary-choices-uk,Dietary Choices UK
https://ourworldindata.org/grapher/bullfighting-ban,Bullfighting Ban
https://ourworldindata.org/grapher/banning-of-chick-culling,Banning Of Chick Culling
https://ourworldindata.org/grapher/fur-farming-ban,Fur Farming Ban
https://ourworldindata.org/grapher/fur-trading-ban,Fur Trading Ban
https://ourworldindata.org/grapher/animals-slaughtered-for-meat,Animals Slaughtered For Meat
https://ourworldindata.org/grapher/beef-and-buffalo-meat-production-tonnes,Beef And Buffalo Meat Production Tonnes
https://ourworldindata.org/grapher/cattle-meat-yields-hectograms-100-grams-per-animal,Cattle Meat Yields Hectograms 100 Grams Per Animal
https://ourworldindata.org/grapher/chicken-meat-yields-per-animal,Chicken Meat Yields Per Animal
https://ourworldindata.org/grapher/daily-meat-consumption-per-person,Daily Meat Consumption Per Person
https://ourworldindata.org/grapher/daily-number-of-animals-slaughtered-for-meat,Daily Number Of Animals Slaughtered For Meat
https://ourworldindata.org/grapher/dietary-land-use-vs-beef-consumption,Dietary Land Use Vs Beef Consumption
https://ourworldindata.org/grapher/egg-production-thousand-tonnes,Egg Production Thousand Tonnes
https://ourworldindata.org/grapher/egg-yield-per-bird,Egg Yield Per Bird
https://ourworldindata.org/grapher/energy-efficiency-of-meat-and-dairy-production,Energy Efficiency Of Meat And Dairy Production
https://ourworldindata.org/grapher/environmental-footprint-milks,Environmental Footprint Milks
https://ourworldindata.org/grapher/feed-required-to-produce-one-kilogram-of-meat-or-dairy-product,Feed Required To Produce One Kilogram Of Meat Or Dairy Product
https://ourworldindata.org/grapher/fish-and-seafood-consumption-per-capita,Fish And Seafood Consumption Per Capita
https://ourworldindata.org/grapher/fish-consumption-vs-gdp-per-capita,Fish Consumption Vs GDP Per Capita
https://ourworldindata.org/grapher/fish-catch-by-fishing-sector,Fish Catch By Fishing Sector
https://ourworldindata.org/grapher/fish-landings-and-discards,Fish Landings And Discards
https://ourworldindata.org/grapher/global-fishery-catch-by-sector,Global Fishery Catch By Sector
https://ourworldindata.org/grapher/global-meat-projections-to-2050,Global Meat Projections To 2050
https://ourworldindata.org/grapher/hypothetical-global-meat-demand,Hypothetical Global Meat Demand
https://ourworldindata.org/grapher/global-meat-production,Global Meat Production
https://ourworldindata.org/grapher/livestock-counts,Livestock Counts
https://ourworldindata.org/grapher/meat-production-tonnes,Meat Production Tonnes
https://ourworldindata.org/grapher/global-meat-production-by-livestock-type,Global Meat Production By Livestock Type
https://ourworldindata.org/grapher/meat-supply-per-person,Meat Supply Per Person
https://ourworldindata.org/grapher/meat-consumption-vs-gdp-per-capita,Meat Consumption Vs GDP Per Capita
https://ourworldindata.org/grapher/per-capita-milk-consumption,Per Capita Milk Consumption
https://ourworldindata.org/grapher/milk-yields-per-animal,Milk Yields Per Animal
https://ourworldindata.org/grapher/milk-production-tonnes,Milk Production Tonnes
https://ourworldindata.org/grapher/cattle-livestock-count-heads,Cattle Livestock Count Heads
https://ourworldindata.org/grapher/pig-livestock-count-heads,Pig Livestock Count Heads
https://ourworldindata.org/grapher/poultry-livestock-count,Poultry Livestock Count
https://ourworldindata.org/grapher/per-capita-egg-consumption-kilograms-per-year,Per Capita Egg Consumption Kilograms Per Year
https://ourworldindata.org/grapher/per-capita-meat-type,Per Capita Meat Type
https://ourworldindata.org/grapher/per-capita-meat-consumption-by-type-kilograms-per-year,Per Capita Meat Consumption By Type Kilograms Per Year
https://ourworldindata.org/grapher/per-capita-meat-eu28,Per Capita Meat EU28
https://ourworldindata.org/grapher/per-capita-meat-usa,Per Capita Meat Usa
https://ourworldindata.org/grapher/pig-yields-meat-per-animal-in-hectograms-100-grams,Pig Yields Meat Per Animal In Hectograms 100 Grams
https://ourworldindata.org/grapher/pigmeat-production-tonnes,Pigmeat Production Tonnes
https://ourworldindata.org/grapher/poultry-yields-meat-per-animal,Poultry Yields Meat Per Animal
https://ourworldindata.org/grapher/poultry-production-tonnes,Poultry Production Tonnes
https://ourworldindata.org/grapher/protein-efficiency-of-meat-and-dairy-production,Protein Efficiency Of Meat And Dairy Production
https://ourworldindata.org/grapher/animal-protein-vs-gdp,Animal Protein Vs GDP
https://ourworldindata.org/grapher/seafood-and-fish-production-thousand-tonnes,Seafood And Fish Production Thousand Tonnes
https://ourworldindata.org/grapher/almond-yields,Almond Yields
https://ourworldindata.org/grapher/area-per-tonne-oil,Area Per Tonne Oil
https://ourworldindata.org/grapher/banana-yields,Banana Yields
https://ourworldindata.org/grapher/barley-yields,Barley Yields
https://ourworldindata.org/grapher/bean-yields,Bean Yields
https://ourworldindata.org/grapher/cashew-nut-yields,Cashew Nut Yields
https://ourworldindata.org/grapher/cassava-yields,Cassava Yields
https://ourworldindata.org/grapher/cereal-yield-vs-gdp-per-capita,Cereal Yield Vs GDP Per Capita
https://ourworldindata.org/grapher/cereal-yield-vs-extreme-poverty-scatter,Cereal Yield Vs Extreme Poverty Scatter
https://ourworldindata.org/grapher/cereal-yield,Cereal Yield
https://ourworldindata.org/grapher/change-in-production-yield-and-land-palm,Change In Production Yield And Land Palm
https://ourworldindata.org/grapher/change-of-cereal-yield-vs-land-used,Change Of Cereal Yield Vs Land Used
https://ourworldindata.org/grapher/cocoa-bean-yields,Cocoa Bean Yields
https://ourworldindata.org/grapher/coffee-yields,Coffee Yields
https://ourworldindata.org/grapher/maize-yields,Maize Yields
https://ourworldindata.org/grapher/maize-attainable-yield,Maize Attainable Yield
https://ourworldindata.org/grapher/maize-yield-gap,Maize Yield Gap
https://ourworldindata.org/grapher/cotton-yield,Cotton Yield
https://ourworldindata.org/grapher/groundnuts-yield,Groundnuts Yield
https://ourworldindata.org/grapher/land-use-vs-yield-change-in-cereal-production,Land Use Vs Yield Change In Cereal Production
https://ourworldindata.org/grapher/lettuce-yields,Lettuce Yields
https://ourworldindata.org/grapher/cereal-yields-uk,Cereal Yields UK
https://ourworldindata.org/grapher/millet-yield,Millet Yield
https://ourworldindata.org/grapher/palm-oil-yields,Palm Oil Yields
https://ourworldindata.org/grapher/oil-yield-by-crop,Oil Yield By Crop
https://ourworldindata.org/grapher/orange-yields,Orange Yields
https://ourworldindata.org/grapher/pea-yields,Pea Yields
https://ourworldindata.org/grapher/potato-yields,Potato Yields
https://ourworldindata.org/grapher/rapeseed-yields,Rapeseed Yields
https://ourworldindata.org/grapher/rice-yields,Rice Yields
https://ourworldindata.org/grapher/rye-yield,Rye Yield
https://ourworldindata.org/grapher/sorghum-yield,Sorghum Yield
https://ourworldindata.org/grapher/soybean-yields,Soybean Yields
https://ourworldindata.org/grapher/sugar-beet-yields,Sugar Beet Yields
https://ourworldindata.org/grapher/sugar-cane-yields,Sugar Cane Yields
https://ourworldindata.org/grapher/sunflower-seed-yield,Sunflower Seed Yield
https://ourworldindata.org/grapher/tomato-yields,Tomato Yields
https://ourworldindata.org/grapher/global-agri-productivity-growth,Global Agri Productivity Growth
https://ourworldindata.org/grapher/wheat-yields,Wheat Yields
https://ourworldindata.org/grapher/yields-of-important-staple-crops,Yields Of Important Staple Crops
https://ourworldindata.org/grapher/yields-key-staple-crops,Yields Key Staple Crops
https://ourworldindata.org/grapher/human-rights-index-vdem,Human Rights Index
https://ourworldindata.org/grapher/countries-protecting-core-lgbt-rights,Number of countries protecting core LGBT+ rights
https://ourworldindata.org/grapher/number-of-countries-with-key-economic-and-social-rights-for-women,Number Of Countries With Key Economic And Social Rights For Women
https://ourworldindata.org/grapher/women-political-empowerment-index,Women Political Empowerment Index
https://ourworldindata.org/grapher/equal-rights-protection-index,Equal Rights Protection Index
https://ourworldindata.org/grapher/human-rights-index-vs-gdp-per-capita,Human Rights Index Vs GDP Per Capita
https://ourworldindata.org/grapher/individual-liberties-and-equality-before-the-law-index,Individual Liberties And Equality Before The Law Index
https://ourworldindata.org/grapher/key-features-of-human-rights,Key Features Of Human Rights
https://ourworldindata.org/grapher/key-features-of-womens-political-empowerment,Key Features Of Womens Political Empowerment
https://ourworldindata.org/grapher/physical-integrity-rights-index-vdem,Physical Integrity Rights Index V-Dem
https://ourworldindata.org/grapher/physical-integrity-rights-score-fariss-kenwick-reuning,Physical Integrity Rights Score Fariss Kenwick Reuning
https://ourworldindata.org/grapher/political-civil-liberties-index,Political Civil Liberties Index
https://ourworldindata.org/grapher/press-freedom-index-rsf,Press Freedom Index RSF
https://ourworldindata.org/grapher/press-freedom-fh,Press Freedom FH
https://ourworldindata.org/grapher/private-civil-liberties-index,Private Civil Liberties Index
https://ourworldindata.org/grapher/women-civil-liberties-index,Women Civil Liberties Index
https://ourworldindata.org/grapher/cases-of-killed-human-rights-defenders-journalists-trade-unionists,Cases Of Killed Human Rights Defenders Journalists Trade Unionists
https://ourworldindata.org/grapher/equality-of-civil-liberties-across-social-groups-score,Equality Of Civil Liberties Across Social Groups Score
https://ourworldindata.org/grapher/lgbt-legal-equality-index,LGBT+ Legal Equality Index
https://ourworldindata.org/grapher/lgbt-rights-index,LGBT+ Rights Index
https://ourworldindata.org/grapher/people-living-countries-legalized-sex-marriage,People Living Countries Legalized Sex Marriage
https://ourworldindata.org/grapher/self-reported-freedom,Self Reported Freedom
https://ourworldindata.org/grapher/daily-per-capita-fat-supply,Daily Per Capita Fat Supply
https://ourworldindata.org/grapher/daily-per-capita-fat-supply-vs-gdp-per-capita,Daily Per Capita Fat Supply Vs GDP Per Capita
https://ourworldindata.org/grapher/daily-per-capita-protein-supply,Daily Per Capita Protein Supply
https://ourworldindata.org/grapher/daily-per-capita-protein-supply-vs-gdp-per-capita,Daily Per Capita Protein Supply Vs GDP Per Capita
https://ourworldindata.org/grapher/daily-per-capita-supply-of-calories-vs-gdp-per-capita,Daily Per Capita Supply Of Calories Vs GDP Per Capita
https://ourworldindata.org/grapher/daily-protein-supply-from-animal-and-plant-based-foods,Daily Protein Supply From Animal And Plant Based Foods
https://ourworldindata.org/grapher/daily-protein-supply-of-animal-origin-vs-plant-origin,Daily Protein Supply Of Animal Origin Vs Plant Origin
https://ourworldindata.org/grapher/food-supply-vs-life-expectancy,Food Supply Vs Life Expectancy
https://ourworldindata.org/grapher/per-capita-sources-of-protein,Per Capita Sources Of Protein
https://ourworldindata.org/grapher/share-of-energy-from-cereals-roots-and-tubers-vs-gdp-per-capita,Share Of Energy From Cereals Roots And Tubers Vs GDP Per Capita
https://ourworldindata.org/grapher/share-of-dietary-energy-derived-from-protein-vs-gdp-per-capita,Share Of Dietary Energy Derived From Protein Vs GDP Per Capita
https://ourworldindata.org/grapher/share-of-dietary-energy-supply-from-carbohydrates-vs-gdp-per-capita,Share Of Dietary Energy Supply From Carbohydrates Vs GDP Per Capita
https://ourworldindata.org/grapher/share-of-dietary-energy-supply-from-fats-vs-gdp-per-capita,Share Of Dietary Energy Supply From Fats Vs GDP Per Capita
https://ourworldindata.org/grapher/prevalence-of-undernourishment-vs-daily-supply-of-calories,Prevalence Of Undernourishment Vs Daily Supply Of Calories
https://ourworldindata.org/grapher/marriage-rate-per-1000-inhabitants,Marriage Rate Per 1000 Inhabitants
https://ourworldindata.org/grapher/divorces-per-1000-people,Divorces Per 1000 People
https://ourworldindata.org/grapher/age-at-marriage-women,Age At Marriage Women
https://ourworldindata.org/grapher/countries-by-legal-status-of-same-sex-marriage,Countries By Legal Status Of Same Sex Marriage
https://ourworldindata.org/grapher/marriage-same-sex-partners-equaldex,Marriage Same Sex Partners Equaldex
https://ourworldindata.org/grapher/share-of-births-outside-marriage,Share Of Births Outside Marriage
https://ourworldindata.org/grapher/marriages-uk-ended-in-divorce,Marriages UK Ended In Divorce
https://ourworldindata.org/grapher/marriages-ending-divorce-uk,Marriages Ending Divorce UK
https://ourworldindata.org/grapher/share-of-men-in-england-and-wales-who-have-ever-married-by-age,Share Of Men In England And Wales Who Have Ever Married By Age
https://ourworldindata.org/grapher/share-of-single-parent-households,Share Of Single Parent Households
https://ourworldindata.org/grapher/share-of-women-aged-1549-who-are-married-or-in-a-union,Share Of Women Aged 1549 Who Are Married Or In A Union
https://ourworldindata.org/grapher/share-of-women-in-england-and-wales-who-have-ever-married-by-age,Share Of Women In England And Wales Who Have Ever Married By Age
https://ourworldindata.org/grapher/share-of-women-married-or-in-a-union,Share Of Women Married Or In A Union
https://ourworldindata.org/grapher/women-married-by-age-15,Women Married By Age 15
https://ourworldindata.org/grapher/women-married-by-age-18,Women Married By Age 18
https://ourworldindata.org/grapher/women-have-the-same-rights-to-remarry-as-men,Women Have The Same Rights To Remarry As Men
https://ourworldindata.org/grapher/same-sex-marriage-country-count,Same Sex Marriage Country Count
https://ourworldindata.org/grapher/population-by-legal-status-of-same-sex-marriage,Population By Legal Status Of Same Sex Marriage
https://ourworldindata.org/grapher/age-of-consent-same-sex-different-sex-partners,Age Of Consent Same Sex Different Sex Partners
https://ourworldindata.org/grapher/age-of-consent-same-sex-partners-equaldex,Age Of Consent Same Sex Partners Equaldex
https://ourworldindata.org/grapher/censorship-of-lgbt-issues,Censorship Of LGBT+ Issues
https://ourworldindata.org/grapher/constitutional-protections-lgbt,Constitutional Protections LGBT+
https://ourworldindata.org/grapher/conversion-therapies-banned,Conversion Therapies Banned
https://ourworldindata.org/grapher/conversion-therapy-equaldex,Conversion Therapy Equaldex
https://ourworldindata.org/grapher/countries-in-which-same-sex-sexual-acts-are-legal,Countries In Which Same Sex Sexual Acts Are Legal
https://ourworldindata.org/grapher/countries-third-gender-recognized,Countries Third Gender Recognized
https://ourworldindata.org/grapher/countries-joint-adoptions-same-sex-partners,Countries Joint Adoptions Same Sex Partners
https://ourworldindata.org/grapher/discrimination-lgbt-equaldex,Discrimination LGBT+ Equaldex
https://ourworldindata.org/grapher/employment-discrimination-lgbt-equaldex,Employment Discrimination LGBT+ Equaldex
https://ourworldindata.org/grapher/employment-discrimination-bans-lgbt,Employment Discrimination Bans LGBT+
https://ourworldindata.org/grapher/right-to-change-legal-gender-equaldex,Right To Change Legal Gender Equaldex
https://ourworldindata.org/grapher/gender-affirming-care-velasco,Gender Affirming Care Velasco
https://ourworldindata.org/grapher/gender-affirming-care,Gender Affirming Care
https://ourworldindata.org/grapher/goods-and-services-discrimination-protections-sexual-orientation-gender-identity,Goods And Services Discrimination Protections Sexual Orientation Gender Identity
https://ourworldindata.org/grapher/hate-crime-protections-based-on-sexual-orientation-or-gender-identity,Hate Crime Protections Based On Sexual Orientation Or Gender Identity
https://ourworldindata.org/grapher/hate-crime-protections-lgbt,Hate Crime Protections LGBT+
https://ourworldindata.org/grapher/housing-discrimination-lgbt-equaldex,Housing Discrimination LGBT+ Equaldex
https://ourworldindata.org/grapher/inciting-hatred-laws-lgbt,Inciting Hatred Laws LGBT+
https://ourworldindata.org/grapher/intersex-infant-surgery,Intersex Infant Surgery
https://ourworldindata.org/grapher/gender-assignment-surgeries-on-children-banned,Gender Assignment Surgeries On Children Banned
https://ourworldindata.org/grapher/joint-adoptions-by-same-sex-partners,Joint Adoptions By Same Sex Partners
https://ourworldindata.org/grapher/joint-adoptions-same-sex-partners-equaldex,Joint Adoptions Same Sex Partners Equaldex
https://ourworldindata.org/grapher/marriage-for-same-sex-partners-velasco,Marriage For Same Sex Partners Velasco
https://ourworldindata.org/grapher/people-living-in-countries-in-which-same-sex-sexual-acts-are-legal,People Living In Countries In Which Same Sex Sexual Acts Are Legal
https://ourworldindata.org/grapher/people-third-gender-recognized,People Third Gender Recognized
https://ourworldindata.org/grapher/people-joint-adoptions-same-sex-partners-legal,People Joint Adoptions Same Sex Partners Legal
https://ourworldindata.org/grapher/public-morality-laws-on-non-traditional-sexual-relations,Public Morality Laws On Non Traditional Sexual Relations
https://ourworldindata.org/grapher/same-sex-sexual-acts-legal-mignot,Same Sex Sexual Acts Legal Mignot
https://ourworldindata.org/grapher/same-sex-sexual-acts-equaldex,Same Sex Sexual Acts Equaldex
https://ourworldindata.org/grapher/same-sex-sexual-acts-legal,Same Sex Sexual Acts Legal
https://ourworldindata.org/grapher/same-sex-sexual-acts-punished-by-death,Same Sex Sexual Acts Punished By Death
https://ourworldindata.org/grapher/share-of-people-saying-they-do-not-want-homosexual-neighbors,Share Of People Saying They Do Not Want Homosexual Neighbors
https://ourworldindata.org/grapher/parents-same-sex-vs-different-sex,Parents Same Sex Vs Different Sex
https://ourworldindata.org/grapher/share-of-people-who-think-homosexuality-is-never-justified,Share Of People Who Think Homosexuality Is Never Justified
https://ourworldindata.org/grapher/third-gender-recognition-equaldex,Third Gender Recognition Equaldex
https://ourworldindata.org/grapher/third-gender-legally-recognized,Third Gender Legally Recognized
https://ourworldindata.org/grapher/women-and-men-have-equal-rights-to-immovable-property,Women And Men Have Equal Rights To Immovable Property
https://ourworldindata.org/grapher/women-can-register-a-business-in-the-same-way-as-men,Women Can Register A Business In The Same Way As Men
https://ourworldindata.org/grapher/discrimination-access-to-credit-gender,Discrimination Access To Credit Gender
https://ourworldindata.org/grapher/sons-and-daughters-inheritance,Sons And Daughters Inheritance
https://ourworldindata.org/grapher/gender-of-chief-executive,Gender Of Chief Executive
https://ourworldindata.org/grapher/women-required-to-obey-husband,Women Required To Obey Husband
https://ourworldindata.org/grapher/share-firms-top-female-manager,Share Firms Top Female Manager
https://ourworldindata.org/grapher/proportion-of-women-in-senior-and-middle-management-positions,Proportion Of Women In Senior And Middle Management Positions
https://ourworldindata.org/grapher/share-of-women-in-local-government,Share Of Women In Local Government
https://ourworldindata.org/grapher/share-of-women-in-ministerial-positions,Share Of Women In Ministerial Positions
https://ourworldindata.org/grapher/share-of-women-using-modern-contraceptive-methods,Share Of Women Using Modern Contraceptive Methods
https://ourworldindata.org/grapher/women-believe-husband-justified-beating-wife,Women Believe Husband Justified Beating Wife
https://ourworldindata.org/grapher/proportion-of-women-subjected-to-physical-or-sexual-violence,Proportion Of Women Subjected To Physical Or Sexual Violence
https://ourworldindata.org/grapher/share-of-women-who-experienced-violence-by-an-intimate-partner-un,Share Of Women Who Experienced Violence By An Intimate Partner UN
https://ourworldindata.org/grapher/equal-authority-over-assets-during-marriage,Equal Authority Over Assets During Marriage
https://ourworldindata.org/grapher/unmet-need-for-contraception-share-of-married-women-of-reproductive-age,Unmet Need For Contraception Share Of Married Women Of Reproductive Age
https://ourworldindata.org/grapher/women-can-apply-passport-same-as-men,Women Can Apply Passport Same As Men
https://ourworldindata.org/grapher/women-can-open-bank-account-same-as-men,Women Can Open Bank Account Same As Men
https://ourworldindata.org/grapher/women-can-sign-a-contract-same-as-men,Women Can Sign A Contract Same As Men
https://ourworldindata.org/grapher/women-choose-where-to-live-same-way-as-men,Women Choose Where To Live Same Way As Men
https://ourworldindata.org/grapher/women-civil-society-participation-index,Women Civil Society Participation Index
https://ourworldindata.org/grapher/women-political-participation-index,Women Political Participation Index
https://ourworldindata.org/grapher/people-living-in-countries-that-sanction-domestic-violence,People Living In Countries That Sanction Domestic Violence
https://ourworldindata.org/grapher/share-of-countries-by-gender-of-the-chief-executive,Share Of Countries By Gender Of The Chief Executive
https://ourworldindata.org/grapher/share-of-countries-that-have-had-a-woman-as-chief-executive,Share Of Countries That Have Had A Woman As Chief Executive
https://ourworldindata.org/grapher/share-of-women-in-parliament-ipu,Share Of Women In Parliament IPU
https://ourworldindata.org/grapher/systems-track-gender-equality,Systems tracking and making public allocations for gender equality and women's empowerment
https://ourworldindata.org/grapher/degree-to-which-the-legal-framework-guarantees-womens-equal-rights-to-land-ownership-andor-control,Degree To Which The Legal Framework Guarantees Womens Equal Rights To Land Ownership Andor Control
https://ourworldindata.org/grapher/share-population-female,Share of the population that is female
https://ourworldindata.org/grapher/overarching-legal-frameworks-regarding-gender-equality,Overarching Legal Frameworks Regarding Gender Equality
https://ourworldindata.org/grapher/gender-development-index,Gender Development Index
https://ourworldindata.org/grapher/share-of-the-population-reporting-having-felt-discriminated-against,Share Of The Population Reporting Having Felt Discriminated Against
https://ourworldindata.org/grapher/legislation-domestic-violence,Legislation on domestic violence
https://ourworldindata.org/grapher/share-of-women-in-parliament,Share Of Women In Parliament
https://ourworldindata.org/grapher/maternal-mortality,Maternal mortality ratio
https://ourworldindata.org/grapher/bladder-cancer-death-rate,Bladder Cancer Death Rate
https://ourworldindata.org/grapher/brain-and-nervous-system-cancer-death-rate,Brain And Nervous System Cancer Death Rate
https://ourworldindata.org/grapher/breast-cancer-death-rate-in-women,Breast Cancer Death Rate In Women
https://ourworldindata.org/grapher/breast-cancer-screening-coverage-in-europe,Breast Cancer Screening Coverage In Europe
https://ourworldindata.org/grapher/cancer-crude-death-rate-by-type,Cancer Crude Death Rate By Type
https://ourworldindata.org/grapher/cancer-death-rates-by-age,Cancer Death Rates By Age
https://ourworldindata.org/grapher/cancer-death-rate-in-children-under-5-years-old-by-type,Cancer Death Rate In Children Under 5 Years Old By Type
https://ourworldindata.org/grapher/cancer-deaths-in-children-under-5-years-old-by-type,Cancer Deaths In Children Under 5 Years Old By Type
https://ourworldindata.org/grapher/cancer-death-rate-crude-vs-age-standardized-who-mdb,Cancer Death Rate Crude Vs Age Standardized WHO Mdb
https://ourworldindata.org/grapher/cancer-death-rates-by-type-who-db,Cancer Death Rates By Type Who Db
https://ourworldindata.org/grapher/cancer-death-rates-in-children-under-10-years-old,Cancer Death Rates In Children Under 10 Years Old
https://ourworldindata.org/grapher/cancer-deaths-by-type-grouped,Cancer Deaths By Type Grouped
https://ourworldindata.org/grapher/total-cancer-deaths-by-type,Total Cancer Deaths By Type
https://ourworldindata.org/grapher/cancer-incidence,Cancer Incidence
https://ourworldindata.org/grapher/cancer-incidence-rate-by-age-group,Cancer Incidence Rate By Age Group
https://ourworldindata.org/grapher/cervical-cancer-death-rate-in-women,Cervical Cancer Death Rate In Women
https://ourworldindata.org/grapher/cervical-cancer-screening-coverage-in-europe,Cervical Cancer Screening Coverage In Europe
https://ourworldindata.org/grapher/colon-and-rectum-cancer-death-rate,Colon And Rectum Cancer Death Rate
https://ourworldindata.org/grapher/colon-and-rectum-cancer-screening-coverage-in-europe,Colon And Rectum Cancer Screening Coverage In Europe
https://ourworldindata.org/grapher/countries-with-national-cervical-cancer-screening-program,Countries With National Cervical Cancer Screening Program
https://ourworldindata.org/grapher/cancer-death-rates,Cancer Death Rates
https://ourworldindata.org/grapher/death-rate-from-cancer,Death Rate From Cancer
https://ourworldindata.org/grapher/death-rate-from-cancer-gbd,Death Rate From Cancer GBD
https://ourworldindata.org/grapher/death-rate-from-cancer-by-sex,Death Rate From Cancer By Sex
https://ourworldindata.org/grapher/death-rate-from-cancer-for-15-to-49-year-olds,Death Rate From Cancer For 15 To 49 Year Olds
https://ourworldindata.org/grapher/death-rate-from-cancers-vs-average-income,Death Rate From Cancers Vs Average Income
https://ourworldindata.org/grapher/death-rate-from-cancers-vs-income-inequality,Death Rate From Cancers Vs Income Inequality
https://ourworldindata.org/grapher/deaths-from-cancer-gbd,Deaths From Cancer GBD
https://ourworldindata.org/grapher/cancer-deaths-by-age,Cancer Deaths By Age
https://ourworldindata.org/grapher/disease-burden-rates-by-cancer-types,Disease Burden Rates By Cancer Types
https://ourworldindata.org/grapher/disease-burden-rates-from-cancers,Disease Burden Rates From Cancers
https://ourworldindata.org/grapher/five-year-net-cancer-survival-rates-by-sex,Five Year Net Cancer Survival Rates By Sex
https://ourworldindata.org/grapher/five-year-survival-rates-by-cancer-type,Five Year Survival Rates By Cancer Type
https://ourworldindata.org/grapher/hepatitis-b-deaths-by-type-of-disease,Hepatitis B Deaths By Type Of Disease
https://ourworldindata.org/grapher/hepatitis-c-deaths-by-type-of-disease,Hepatitis C Deaths By Type Of Disease
https://ourworldindata.org/grapher/leading-cancer-types-causing-death-in-men,Leading Cancer Types Causing Death In Men
https://ourworldindata.org/grapher/leading-cancer-types-causing-death-in-women,Leading Cancer Types Causing Death In Women
https://ourworldindata.org/grapher/liver-cancer-death-rate,Liver Cancer Death Rate
https://ourworldindata.org/grapher/liver-cancer-incidence-rate-by-risk-factor,Liver Cancer Incidence Rate By Risk Factor
https://ourworldindata.org/grapher/lung-cancer-deaths-men-women,Lung Cancer Deaths Men Women
https://ourworldindata.org/grapher/lung-cancer-deaths-per-100000-by-sex-1950-2002,Lung Cancer Deaths Per 100000 By Sex 1950 2002
https://ourworldindata.org/grapher/lung-cancer-death-rates-males,Lung Cancer Death Rates Males
https://ourworldindata.org/grapher/number-of-deaths-from-cervical-cancer,Number Of Deaths From Cervical Cancer
https://ourworldindata.org/grapher/number-of-new-cases-and-deaths-from-cervical-cancer,Number Of New Cases And Deaths From Cervical Cancer
https://ourworldindata.org/grapher/number-of-people-with-cancer,Number Of People With Cancer
https://ourworldindata.org/grapher/number-of-people-with-cancer-by-type,Number Of People With Cancer By Type
https://ourworldindata.org/grapher/pancreatic-cancer-death-rate,Pancreatic Cancer Death Rate
https://ourworldindata.org/grapher/number-of-people-with-cancer-by-age,Number Of People With Cancer By Age
https://ourworldindata.org/grapher/prostate-cancer-death-rate-in-men,Prostate Cancer Death Rate In Men
https://ourworldindata.org/grapher/rate-of-new-cases-of-cancer-by-type,Rate Of New Cases Of Cancer By Type
https://ourworldindata.org/grapher/rate-of-new-cervical-cancer-cases-gco,Rate Of New Cervical Cancer Cases GCO
https://ourworldindata.org/grapher/rate-of-new-cervical-cancer-cases,Rate Of New Cervical Cancer Cases
https://ourworldindata.org/grapher/reported-rate-of-new-cervical-cancer-cases,Reported Rate Of New Cervical Cancer Cases
https://ourworldindata.org/grapher/cancer-screening-rates-in-europe,Cancer Screening Rates In Europe
https://ourworldindata.org/grapher/share-of-all-cancer-deaths-by-risk-factor,Share Of All Cancer Deaths By Risk Factor
https://ourworldindata.org/grapher/share-of-cancer-deaths-attributed-to-all-risk-factors,Share Of Cancer Deaths Attributed To All Risk Factors
https://ourworldindata.org/grapher/share-of-cancer-deaths-attributed-to-different-risk-factors,Share Of Cancer Deaths Attributed To Different Risk Factors
https://ourworldindata.org/grapher/share-of-cancer-deaths-attributed-to-risk-factors,Share Of Cancer Deaths Attributed To Risk Factors
https://ourworldindata.org/grapher/share-of-cancer-deaths-by-cancer-type,Share Of Cancer Deaths By Cancer Type
https://ourworldindata.org/grapher/share-of-cancer-deaths-linked-to-dietary-risk-factors-by-cancer-type,Share Of Cancer Deaths Linked To Dietary Risk Factors By Cancer Type
https://ourworldindata.org/grapher/share-of-cancer-deaths-linked-to-high-bmi-by-type,Share Of Cancer Deaths Linked To High BMI By Type
https://ourworldindata.org/grapher/share-of-cancer-deaths-linked-to-tobacco-use-by-cancer-type,Share Of Cancer Deaths Linked To Tobacco Use By Cancer Type
https://ourworldindata.org/grapher/share-of-cancers-attributed-to-9-hpv-types,Share Of Cancers Attributed To 9 HPV Types
https://ourworldindata.org/grapher/share-of-cervical-and-all-cancer-deaths-due-to-unsafe-sex,Share Of Cervical And All Cancer Deaths Due To Unsafe Sex
https://ourworldindata.org/grapher/share-of-deaths-from-underlying-causes,Share Of Deaths From Underlying Causes
https://ourworldindata.org/grapher/share-of-invasive-cervical-cancers-caused-by-each-hpv-type,Share Of Invasive Cervical Cancers Caused By Each HPV Type
https://ourworldindata.org/grapher/share-of-lung-cancer-deaths-attributed-to-air-pollution,Share Of Lung Cancer Deaths Attributed To Air Pollution
https://ourworldindata.org/grapher/share-of-new-cancers-caused-by-helicobacter-pylori-bacteria,Share Of New Cancers Caused By Helicobacter Pylori Bacteria
https://ourworldindata.org/grapher/share-of-new-cancers-caused-by-all-known-infectious-agents,Share Of New Cancers Caused By All Known Infectious Agents
https://ourworldindata.org/grapher/share-of-new-cancers-caused-by-all-known-infections-by-type,Share Of New Cancers Caused By All Known Infections By Type
https://ourworldindata.org/grapher/share-of-population-with-cancer-age-standardized,Share Of Population With Cancer Age Standardized
https://ourworldindata.org/grapher/share-of-population-with-cancer-crude,Share Of Population With Cancer Crude
https://ourworldindata.org/grapher/share-of-population-with-cancer-by-age,Share Of Population With Cancer By Age
https://ourworldindata.org/grapher/share-of-population-with-cancer-types,Share Of Population With Cancer Types
https://ourworldindata.org/grapher/share-of-population-with-cancer-vs-median-age,Share Of Population With Cancer Vs Median Age
https://ourworldindata.org/grapher/share-of-stage-1-cancers-by-diagnosis-route-in-england,Share Of Stage 1 Cancers By Diagnosis Route In England
https://ourworldindata.org/grapher/stomach-cancer-death-rate,Stomach Cancer Death Rate
https://ourworldindata.org/grapher/cancer-deaths-rate-and-age-standardized-rate-index,Cancer Deaths Rate And Age Standardized Rate Index
https://ourworldindata.org/grapher/cardiovascular-disease-death-rate-crude-versus-age-standardized,Cardiovascular Disease Death Rate Crude Versus Age Standardized
https://ourworldindata.org/grapher/death-rate-from-cardiovascular-disease-age-standardized-ghe,Death Rate From Cardiovascular Disease Age Standardized Ghe
https://ourworldindata.org/grapher/cardiovascular-disease-death-rate-males-vs-females,Cardiovascular Disease Death Rate Males Vs Females
https://ourworldindata.org/grapher/cardiovascular-disease-death-rate-over-time-males-vs-females,Cardiovascular Disease Death Rate Over Time Males Vs Females
https://ourworldindata.org/grapher/incidence-rate-of-cardiovascular-disease,Incidence Rate Of Cardiovascular Disease
https://ourworldindata.org/grapher/deaths-from-cardiovascular-disease-ghe,Deaths From Cardiovascular Disease Ghe
https://ourworldindata.org/grapher/deaths-from-cardiovascular-diseases-by-region,Deaths From Cardiovascular Diseases By Region
https://ourworldindata.org/grapher/deaths-from-cardiovascular-disease-type,Deaths From Cardiovascular Disease Type
https://ourworldindata.org/grapher/share-deaths-cardiovascular-disease,Share Deaths Cardiovascular Disease
https://ourworldindata.org/grapher/prevalence-rate-of-cardiovascular-disease,Prevalence Rate Of Cardiovascular Disease
https://ourworldindata.org/grapher/good-cholesterol-levels-age-standardized,Good Cholesterol Levels Age Standardized
https://ourworldindata.org/grapher/average-non-hdl-cholesterol-levels,Average Non HDL Cholesterol Levels
https://ourworldindata.org/grapher/death-rate-from-cardiovascular-diseases-age-group-who-mdb,Death Rate From Cardiovascular Diseases Age Group WHO Mdb
https://ourworldindata.org/grapher/death-rate-from-cardiovascular-diseases-by-risk-factor-age-standardized,Death Rate From Cardiovascular Diseases By Risk Factor Age Standardized
https://ourworldindata.org/grapher/cardiovascular-death-rate-vs-gdp-per-capita,Cardiovascular Death Rate Vs GDP Per Capita
https://ourworldindata.org/grapher/death-rate-from-hypertensive-heart-disease-who-ghe-age-standardized,Death Rate From Hypertensive Heart Disease WHO Ghe Age Standardized
https://ourworldindata.org/grapher/death-rate-from-ischaemic-heart-disease-who-ghe-age-standardized,Death Rate From Ischaemic Heart Disease WHO Ghe Age Standardized
https://ourworldindata.org/grapher/death-rate-from-rheumatic-heart-disease-who-ghe-age-standardized,Death Rate From Rheumatic Heart Disease WHO Ghe Age Standardized
https://ourworldindata.org/grapher/cardiovascular-disease-deaths-by-age,Cardiovascular Disease Deaths By Age
https://ourworldindata.org/grapher/diabetes-prevalence-who-gho,Diabetes Prevalence WHO Gho
https://ourworldindata.org/grapher/hypertension-adults-30-79,Hypertension Adults 30 79
https://ourworldindata.org/grapher/share-of-adults-who-smoke,Share Of Adults Who Smoke
https://ourworldindata.org/grapher/share-of-deaths-from-cardiovascular-diseases-men-women,Share Of Deaths From Cardiovascular Diseases Men Women
https://ourworldindata.org/grapher/share-of-deaths-from-major-causes,Share Of Deaths From Major Causes
https://ourworldindata.org/grapher/accessibility-of-statins-in-the-public-health-sector,Accessibility Of Statins In The Public Health Sector
https://ourworldindata.org/grapher/utilization-of-statins,Utilization Of Statins
https://ourworldindata.org/grapher/use-of-statins-for-secondary-prevention-amongst-eligibible-individuals,Use Of Statins For Secondary Prevention Amongst Eligibible Individuals
https://ourworldindata.org/grapher/use-of-statins-for-primary-prevention-of-cardiovascular-disease,Use Of Statins For Primary Prevention Of Cardiovascular Disease
https://ourworldindata.org/grapher/statin-use-cardiovascular-disease-death-rate,Statin Use Cardiovascular Disease Death Rate
https://ourworldindata.org/grapher/statin-use-vs-average-non-hdl-cholesterol-levels,Statin Use Vs Average Non HDL Cholesterol Levels
https://ourworldindata.org/grapher/population-by-labor-force-status-bars,Population By Labor Force Status Bars
https://ourworldindata.org/grapher/labor-force-participation-rate,Labor Force Participation Rate
https://ourworldindata.org/grapher/labor-force-participation-rate-by-age,Labor Force Participation Rate By Age
https://ourworldindata.org/grapher/unemployment-rate-for-young-people,Unemployment Rate For Young People
https://ourworldindata.org/grapher/share-in-vulnerable-employment,Share In Vulnerable Employment
https://ourworldindata.org/grapher/informal-employment-in-agriculture,Informal Employment In Agriculture
https://ourworldindata.org/grapher/expected-years-of-living-with-disability-or-disease-burden,Expected Years Of Living With Disability Or Disease Burden
https://ourworldindata.org/grapher/dalys-rate-from-all-causes,Dalys Rate From All Causes
https://ourworldindata.org/grapher/burden-of-disease,Burden Of Disease
https://ourworldindata.org/grapher/burden-of-disease-by-cause,Burden Of Disease By Cause
https://ourworldindata.org/grapher/burden-of-disease-from-injuries-by-age,Burden Of Disease From Injuries By Age
https://ourworldindata.org/grapher/daly-rates-from-all-causes-by-age,Daly Rates From All Causes By Age
https://ourworldindata.org/grapher/burden-of-disease-rates-from-communicable-neonatal-maternal-nutritional-diseases,Burden Of Disease Rates From Communicable Neonatal Maternal Nutritional Diseases
https://ourworldindata.org/grapher/burden-of-disease-rates-from-injuries,Burden Of Disease Rates From Injuries
https://ourworldindata.org/grapher/burden-of-disease-rates-from-ncds,Burden Of Disease Rates From Ncds
https://ourworldindata.org/grapher/death-rates-from-pneumonia-and-other-lower-respiratory-infections-vs-gdp-per-capita,Death Rates From Pneumonia And Other Lower Respiratory Infections Vs GDP Per Capita
https://ourworldindata.org/grapher/pneumonia-and-lower-respiratory-diseases-deaths,Pneumonia And Lower Respiratory Diseases Deaths
https://ourworldindata.org/grapher/number-of-deaths-from-diarrheal-diseases-by-risk-factor-for-under-5s,Number Of Deaths From Diarrheal Diseases By Risk Factor For Under 5S
https://ourworldindata.org/grapher/disease-burden-by-age,Disease Burden By Age
https://ourworldindata.org/grapher/disease-burden-by-risk-factor,Disease Burden By Risk Factor
https://ourworldindata.org/grapher/disease-burden-to-communicable-diseases-vs-gdp,Disease Burden To Communicable Diseases Vs GDP
https://ourworldindata.org/grapher/disease-burden-from-communicable-diseases-by-age,Disease Burden From Communicable Diseases By Age
https://ourworldindata.org/grapher/disease-burden-from-communicable-diseases,Disease Burden From Communicable Diseases
https://ourworldindata.org/grapher/disease-burden-from-injuries,Disease Burden From Injuries
https://ourworldindata.org/grapher/disease-burden-from-ncds,Disease Burden From Ncds
https://ourworldindata.org/grapher/disease-burden-from-ncds-by-age,Disease Burden From Ncds By Age
https://ourworldindata.org/grapher/dalys-to-ncds-vs-gdp,Dalys To Ncds Vs GDP
https://ourworldindata.org/grapher/disease-burden-vs-health-expenditure-per-capita,Disease Burden Vs Health Expenditure Per Capita
https://ourworldindata.org/grapher/disease-burden-by-region,Disease Burden By Region
https://ourworldindata.org/grapher/hepatitis-b-incidence-sdgs,Hepatitis B Incidence SDGs
https://ourworldindata.org/grapher/life-expectancy-vs-expected-years-lived-with-disability,Life Expectancy Vs Expected Years Lived With Disability
https://ourworldindata.org/grapher/pneumonia-risk-factors,Pneumonia Risk Factors
https://ourworldindata.org/grapher/asthma-prevalence,Asthma Prevalence
https://ourworldindata.org/grapher/share-of-disease-burden-from-ncds-vs-gdp,Share Of Disease Burden From Ncds Vs GDP
https://ourworldindata.org/grapher/share-of-disease-burden-from-communicable-diseases-vs-gdp,Share Of Disease Burden From Communicable Diseases Vs GDP
https://ourworldindata.org/grapher/diabetes-prevalence-vs-gdp-per-capita,Diabetes Prevalence Vs GDP Per Capita
https://ourworldindata.org/grapher/diabetes-prevalence,Diabetes Prevalence
https://ourworldindata.org/grapher/share-of-total-disease-burden-by-cause,Share Of Total Disease Burden By Cause
https://ourworldindata.org/grapher/total-disease-burden,Total Disease Burden
https://ourworldindata.org/grapher/total-disease-burden-who,Total Disease Burden WHO
https://ourworldindata.org/grapher/total-disease-burden-by-cause,Total Disease Burden By Cause
https://ourworldindata.org/grapher/daly-rates-from-infectious-diseases,Daly Rates From Infectious Diseases
https://ourworldindata.org/grapher/total-daly-burden-from-infectious-diseases,Total Daly Burden From Infectious Diseases
https://ourworldindata.org/grapher/total-cases-of-diarrheal-diseases,Total Cases Of Diarrheal Diseases
https://ourworldindata.org/grapher/death-rate-from-drug-use-disorders-for-15--to-49-year-olds,Death Rate From Drug Use Disorders For 15 To 49 Year Olds
https://ourworldindata.org/grapher/total-number-of-deaths-by-cause,Total Number Of Deaths By Cause
https://ourworldindata.org/grapher/suicide-rates-source-comparison,Suicide Rates Source Comparison
https://ourworldindata.org/grapher/suicide-rates-source-comparison-crude,Suicide Rates Source Comparison Crude
https://ourworldindata.org/grapher/number-suicide-deaths-source-comparison,Number Suicide Deaths Source Comparison
https://ourworldindata.org/grapher/suicide-rate-who-mdb,Suicide Rate WHO Mdb
https://ourworldindata.org/grapher/number-of-deaths-from-suicide-ghe,Number Of Deaths From Suicide Ghe
https://ourworldindata.org/grapher/number-suicide-deaths,Number Suicide Deaths
https://ourworldindata.org/grapher/death-rate-from-suicides,Death Rate From Suicides
https://ourworldindata.org/grapher/suicide-death-rates,Suicide Death Rates
https://ourworldindata.org/grapher/death-rate-from-suicides-gho,Death Rate From Suicides Gho
https://ourworldindata.org/grapher/death-rate-from-suicides-ghe,Death Rate From Suicides Ghe
https://ourworldindata.org/grapher/suicide-rate-male-female-who-mdb,Suicide Rate Male Female WHO Mdb
https://ourworldindata.org/grapher/suicide-deaths-by-age,Suicide Deaths By Age
https://ourworldindata.org/grapher/suicide-rates-among-young-men-who-mdb,Suicide Rates Among Young Men WHO Mdb
https://ourworldindata.org/grapher/suicide-rates-among-young-people-who-mdb,Suicide Rates Among Young People WHO Mdb
https://ourworldindata.org/grapher/suicide-rates-among-young-women-who-mdb,Suicide Rates Among Young Women WHO Mdb
https://ourworldindata.org/grapher/suicide-rates-by-age-who-mdb,Suicide Rates By Age WHO Mdb
https://ourworldindata.org/grapher/fraction-of-countries-with-available-data-on-deaths-from-suicides-by-income-group,Fraction Of Countries With Available Data On Deaths From Suicides By Income Group
https://ourworldindata.org/grapher/share-deaths-suicide,Share Deaths Suicide
https://ourworldindata.org/grapher/suicide-vs-violent-deaths,Suicide Vs Violent Deaths
https://ourworldindata.org/grapher/suicide-rate-vs-income-inequality,Suicide Rate Vs Income Inequality
https://ourworldindata.org/grapher/growth-of-global-trade,Growth Of Global Trade
https://ourworldindata.org/grapher/merchandise-exports-by-continent,Merchandise Exports By Continent
https://ourworldindata.org/grapher/real-transport-and-communication-costs,Real Transport And Communication Costs
https://ourworldindata.org/grapher/merchandise-exports-gdp-cepii,Merchandise Exports GDP Cepii
https://ourworldindata.org/grapher/value-of-imported-goods-and-services,Value Of Imported Goods And Services
https://ourworldindata.org/grapher/share-food-exports,Share Food Exports
https://ourworldindata.org/grapher/share-manufacture-exports,Share Manufacture Exports
https://ourworldindata.org/grapher/share-of-services-in-total-exports,Share Of Services In Total Exports
https://ourworldindata.org/grapher/distribution-of-bilateral-and-unilateral-trade-partnerships,Distribution Of Bilateral And Unilateral Trade Partnerships
https://ourworldindata.org/grapher/share-of-world-merchandise-trade-by-type-of-trade-percent,Share Of World Merchandise Trade By Type Of Trade Percent
https://ourworldindata.org/grapher/chinas-rank-in-imports-of-goods,Chinas Rank In Imports Of Goods
https://ourworldindata.org/grapher/countrys-top-destination-for-exports-of-goods,Countrys Top Destination For Exports Of Goods
https://ourworldindata.org/grapher/imf-imports-by-region-of-origin,IMF Imports By Region Of Origin
https://ourworldindata.org/grapher/composition-of-tax-revenues-regional,Composition Of Tax Revenues Regional
https://ourworldindata.org/grapher/government-revenues-national-income,Government Revenues National Income
https://ourworldindata.org/grapher/gini-coefficient-after-vs-before-tax-wb-scatter,Gini Coefficient After Vs Before Tax Wb Scatter
https://ourworldindata.org/grapher/income-taxes-share-of-revenue-europe,Income Taxes Share Of Revenue Europe
https://ourworldindata.org/grapher/share-of-central-government-expenditures-funded-by-taxes,Share Of Central Government Expenditures Funded By Taxes
https://ourworldindata.org/grapher/statutory-corporate-income-tax-rate,Statutory Corporate Income Tax Rate
https://ourworldindata.org/grapher/tax-revenue-national-income-longrun,Tax Revenue National Income Longrun
https://ourworldindata.org/grapher/tax-revenues-as-a-share-of-gdp-unu-wider,Tax Revenues As A Share Of GDP UNU WIDER
https://ourworldindata.org/grapher/tax-revenue-share-gdp-oecd-grsd,Tax Revenue Share GDP OECD Grsd
https://ourworldindata.org/grapher/tax-revenues-by-source-gdp-la,Tax Revenues By Source GDP La
https://ourworldindata.org/grapher/taxes-on-goods-and-services-gdp,Taxes On Goods And Services GDP
https://ourworldindata.org/grapher/taxes-on-income-vs-taxes-on-goods-and-services,Taxes On Income Vs Taxes On Goods And Services
https://ourworldindata.org/grapher/taxes-on-incomes-of-individuals-and-corporations-gdp,Taxes On Incomes Of Individuals And Corporations GDP
https://ourworldindata.org/grapher/top-income-tax-rates-piketty,Top Income Tax Rates Piketty
https://ourworldindata.org/grapher/maximum-marginal-tax-rates-on-individual-income,Maximum Marginal Tax Rates On Individual Income
https://ourworldindata.org/grapher/total-taxation-of-gdp,Total Taxation Of GDP
https://ourworldindata.org/grapher/time-spent-with-relationships-by-age-us,Time Spent With Relationships By Age US
https://ourworldindata.org/grapher/time-spent-alone-by-age-and-gender,Time Spent Alone By Age And Gender
https://ourworldindata.org/grapher/who-americans-spend-their-time-with,Who Americans Spend Their Time With
https://ourworldindata.org/grapher/annual-working-hours-per-worker,Annual Working Hours Per Worker
https://ourworldindata.org/grapher/daily-hours-spent-with-digital-media-per-adult-user,Daily Hours Spent With Digital Media Per Adult User
https://ourworldindata.org/grapher/days-of-vacation-and-holidays,Days Of Vacation And Holidays
https://ourworldindata.org/grapher/percentage-of-americans-who-live-alone-by-age,Percentage Of Americans Who Live Alone By Age
https://ourworldindata.org/grapher/time-spent-on-unpaid-care-and-domestic-work,Time Spent On Unpaid Care And Domestic Work
https://ourworldindata.org/grapher/time-women-and-men-spend-on-leisure,Time Women And Men Spend On Leisure
https://ourworldindata.org/grapher/time-spend-in-domestic-work-female-vs-male,Time Spend In Domestic Work Female Vs Male
https://ourworldindata.org/grapher/how-important-family-is-to-people-in-life,How Important Family Is To People In Life
https://ourworldindata.org/grapher/how-important-friends-are-to-people-in-life,How Important Friends Are To People In Life
https://ourworldindata.org/grapher/how-important-leisure-is-to-people-in-life,How Important Leisure Is To People In Life
https://ourworldindata.org/grapher/how-important-work-is-to-people-in-life,How Important Work Is To People In Life
https://ourworldindata.org/grapher/percentage-of-men-in-the-united-states-who-live-alone-by-age,Percentage Of Men In The United States Who Live Alone By Age
https://ourworldindata.org/grapher/percentage-of-women-in-the-united-states-who-live-alone-by-age,Percentage Of Women In The United States Who Live Alone By Age
https://ourworldindata.org/grapher/bribery-prevalence-un,Bribery Prevalence UN
https://ourworldindata.org/grapher/political-corruption-index,Political Corruption Index
https://ourworldindata.org/grapher/bribery-incidence-for-firms,Bribery Incidence For Firms
https://ourworldindata.org/grapher/share-of-people-who-recently-paid-a-bribe-or-were-asked-for-one-vs-political-corruption-index,Share Of People Who Recently Paid A Bribe Or Were Asked For One Vs Political Corruption Index
https://ourworldindata.org/grapher/people-asked-for-a-bribe-vs-firms-asked-for-a-bribe,People Asked For A Bribe Vs Firms Asked For A Bribe
https://ourworldindata.org/grapher/rule-of-law-index,Rule Of Law Index
https://ourworldindata.org/grapher/share-of-businesses-asked-for-bribes-by-type-of-transaction-with-public-officials,Share Of Businesses Asked For Bribes By Type Of Transaction With Public Officials
https://ourworldindata.org/grapher/share-of-firms-that-say-corruption-is-a-big-problem-for-them,Share Of Firms That Say Corruption Is A Big Problem For Them
https://ourworldindata.org/grapher/share-of-people-who-say-accepting-a-bribe-is-never-justifiable,Share Of People Who Say Accepting A Bribe Is Never Justifiable
https://ourworldindata.org/grapher/clientelism-index,Clientelism Index
https://ourworldindata.org/grapher/ti-corruption-perception-index,Ti Corruption Perception Index
https://ourworldindata.org/grapher/executive-corruption-index,Executive Corruption Index
https://ourworldindata.org/grapher/judicial-corruption-score,Judicial Corruption Score
https://ourworldindata.org/grapher/legislative-corruption-score,Legislative Corruption Score
https://ourworldindata.org/grapher/media-corruption-score,Media Corruption Score
https://ourworldindata.org/grapher/public-sector-corruption-index,Public Sector Corruption Index
https://ourworldindata.org/grapher/rigorous-and-impartial-public-administration-score,Rigorous And Impartial Public Administration Score
https://ourworldindata.org/grapher/one-person-households,One Person Households
https://ourworldindata.org/grapher/people-who-report-having-friends-or-relatives-they-can-count-on,People Who Report Having Friends Or Relatives They Can Count On
https://ourworldindata.org/grapher/adults-living-alone,Adults Living Alone
https://ourworldindata.org/grapher/share-of-people-who-feel-close-to-at-least-one-person,Share Of People Who Feel Close To At Least One Person
https://ourworldindata.org/grapher/share-of-people-who-recently-donated-to-charity,Share Of People Who Recently Donated To Charity
https://ourworldindata.org/grapher/share-of-people-who-recently-volunteered,Share Of People Who Recently Volunteered
https://ourworldindata.org/grapher/share-of-people-who-identify-as-religious-or-spiritual,Share Of People Who Identify As Religious Or Spiritual
https://ourworldindata.org/grapher/total-gov-expenditure-percapita-oecd,Total Gov Expenditure Percapita OECD
https://ourworldindata.org/grapher/government-procurement-share-gdp,Government Procurement Share GDP
https://ourworldindata.org/grapher/social-expenditure-as-percentage-of-gdp,Social Expenditure As Percentage Of GDP
https://ourworldindata.org/grapher/total-gov-expenditure-gdp-wdi,Total Gov Expenditure GDP Wdi
https://ourworldindata.org/grapher/share-social-protection-in-government-exp-oecd,Share Social Protection In Government Exp OECD
https://ourworldindata.org/grapher/government-spending-by-function-as-share-of-gdp-across-countries,Government Spending By Function As Share Of GDP Across Countries
https://ourworldindata.org/grapher/govt-expenditure-share-budget,Govt Expenditure Share Budget
https://ourworldindata.org/grapher/interpersonal-trust-measured-in-different-surveys,Interpersonal Trust Measured In Different Surveys
https://ourworldindata.org/grapher/share-agreeing-most-people-can-be-trusted-vs-gdp-per-capita,Share Agreeing Most People Can Be Trusted Vs GDP Per Capita
https://ourworldindata.org/grapher/self-reported-trust-attitudes,Self Reported Trust Attitudes
https://ourworldindata.org/grapher/share-people-trust-journalists-country,Share People Trust Journalists Country
https://ourworldindata.org/grapher/confidence-in-un-wvs,Confidence In UN WVS
https://ourworldindata.org/grapher/interpersonal-trust-in-the-us,Interpersonal Trust In The US
https://ourworldindata.org/grapher/interpersonal-trust-vs-income-inequality,Interpersonal Trust Vs Income Inequality
https://ourworldindata.org/grapher/share-agreeing-most-people-can-be-trusted-vs-most-people-would-try-to-take-advantage-of-you,Share Agreeing Most People Can Be Trusted Vs Most People Would Try To Take Advantage Of You
https://ourworldindata.org/grapher/share-people-trust-neighborhood,Share People Trust Neighborhood
https://ourworldindata.org/grapher/share-people-trust-science,Share People Trust Science
https://ourworldindata.org/grapher/share-who-trust-government,Share Who Trust Government
https://ourworldindata.org/grapher/trust-people-by-group-wvs,Trust People By Group WVS
https://ourworldindata.org/grapher/oecd-average-trust-in-governments,OECD Average Trust In Governments
https://ourworldindata.org/grapher/trust-state-institutions-wvs,Trust State Institutions WVS
https://ourworldindata.org/grapher/trust-organizations-wvs,Trust Organizations WVS
https://ourworldindata.org/grapher/perceived-trust-between-people,Perceived Trust Between People
https://ourworldindata.org/grapher/public-trust-in-government,Public Trust In Government
https://ourworldindata.org/grapher/happiness-cantril-ladder,Happiness Cantril Ladder
https://ourworldindata.org/grapher/evolution-of-happiness-inequality-within-countries-during-periods-of-uninterrupted-economic-growth,Evolution Of Happiness Inequality Within Countries During Periods Of Uninterrupted Economic Growth
https://ourworldindata.org/grapher/happiness-wvs-vs-gallup,Happiness WVS Vs Gallup
https://ourworldindata.org/grapher/how-important-politics-is-in-your-life,How Important Politics Is In Your Life
https://ourworldindata.org/grapher/how-important-religion-is-in-your-life,How Important Religion Is In Your Life
https://ourworldindata.org/grapher/life-satisfaction-vs-child-mortality,Life Satisfaction Vs Child Mortality
https://ourworldindata.org/grapher/life-satisfaction-vs-life-expectancy,Life Satisfaction Vs Life Expectancy
https://ourworldindata.org/grapher/cantril-ladder-age-groups,Cantril Ladder Age Groups
https://ourworldindata.org/grapher/depression-vs-self-reported-life-satisfaction,Depression Vs Self Reported Life Satisfaction
https://ourworldindata.org/grapher/share-of-people-who-say-they-are-happy,Share Of People Who Say They Are Happy
https://ourworldindata.org/grapher/share-of-people-who-say-they-are-happy-eurobarometer,Share Of People Who Say They Are Happy Eurobarometer
https://ourworldindata.org/grapher/self-reported-life-satisfaction-young-vs-old-people,Self Reported Life Satisfaction Young Vs Old People
https://ourworldindata.org/grapher/european-overseas-colonies-by-colonizer,European Overseas Colonies By Colonizer
https://ourworldindata.org/grapher/percentage-of-territory-controlled-by-government,Percentage Of Territory Controlled By Government
https://ourworldindata.org/grapher/state-capacity-index,State Capacity Index
https://ourworldindata.org/grapher/basic-state-functions-score-bti,Basic State Functions Score BTI
https://ourworldindata.org/grapher/census-based-on-population-register-recently-completed,Census Based On Population Register Recently Completed
https://ourworldindata.org/grapher/country-has-a-civil-register,Country Has A Civil Register
https://ourworldindata.org/grapher/population-register-implemented,Population Register Implemented
https://ourworldindata.org/grapher/country-has-a-statistical-agency,Country Has A Statistical Agency
https://ourworldindata.org/grapher/domestic-policy-free-from-interference-of-other-states-score,Domestic Policy Free From Interference Of Other States Score
https://ourworldindata.org/grapher/european-overseas-colonies-and-their-last-colonizer,European Overseas Colonies And Their Last Colonizer
https://ourworldindata.org/grapher/foreign-policy-free-from-interference-of-other-states-score,Foreign Policy Free From Interference Of Other States Score
https://ourworldindata.org/grapher/number-of-european-overseas-colonies,Number Of European Overseas Colonies
https://ourworldindata.org/grapher/number-of-european-overseas-colonies-and-colonizers,Number Of European Overseas Colonies And Colonizers
https://ourworldindata.org/grapher/number-of-members-of-united-nations,Number Of Members Of United Nations
https://ourworldindata.org/grapher/number-of-countries-by-region,Number Of Countries By Region
https://ourworldindata.org/grapher/population-census-brambor,Population Census Brambor
https://ourworldindata.org/grapher/population-census-world-bank,Population Census World Bank
https://ourworldindata.org/grapher/public-sector-employment-as-a-share-of-total-employment,Public Sector Employment As A Share Of Total Employment
https://ourworldindata.org/grapher/share-of-deaths-registered,Share Of Deaths Registered
https://ourworldindata.org/grapher/sovereign-state-butcher-griffiths,Sovereign State Butcher Griffiths
https://ourworldindata.org/grapher/stateness-index-bti,Stateness Index BTI
https://ourworldindata.org/grapher/computation-used-to-train-notable-artificial-intelligence-systems,Computation Used To Train Notable Artificial Intelligence Systems
https://ourworldindata.org/grapher/artificial-intelligence-number-training-datapoints,Artificial Intelligence Number Training Datapoints
https://ourworldindata.org/grapher/parameters-in-notable-artificial-intelligence-systems,Parameters In Notable Artificial Intelligence Systems
https://ourworldindata.org/grapher/affiliation-researchers-building-artificial-intelligence-systems-all,Affiliation Researchers Building Artificial Intelligence Systems All
https://ourworldindata.org/grapher/private-investment-in-artificial-intelligence-cset,Private Investment In Artificial Intelligence CSET
https://ourworldindata.org/grapher/estimated-share-people-generative-ai,Estimated Share People Generative AI
https://ourworldindata.org/grapher/exponential-growth-of-computation-in-the-training-of-notable-ai-systems,Exponential Growth Of Computation In The Training Of Notable AI Systems
https://ourworldindata.org/grapher/exponential-growth-of-datapoints-used-to-train-notable-ai-systems,Exponential Growth Of Datapoints Used To Train Notable AI Systems
https://ourworldindata.org/grapher/exponential-growth-of-parameters-in-notable-ai-systems,Exponential Growth Of Parameters In Notable AI Systems
https://ourworldindata.org/grapher/private-investment-in-artificial-intelligence,Private Investment In Artificial Intelligence
https://ourworldindata.org/grapher/corporate-investment-in-artificial-intelligence-by-type,Corporate Investment In Artificial Intelligence By Type
https://ourworldindata.org/grapher/computer-chess-ability,Computer Chess Ability
https://ourworldindata.org/grapher/americans-worry-work-being-automated,Americans Worry Work Being Automated
https://ourworldindata.org/grapher/parameters-vs-training-dataset-size-in-notable-ai-systems,Parameters Vs Training Dataset Size In Notable AI Systems
https://ourworldindata.org/grapher/ai-frontiermath-over-time,AI Frontiermath Over Time
https://ourworldindata.org/grapher/share-europe-using-generative-ai,Share Europe Using Generative AI
https://ourworldindata.org/grapher/share-of-professional-software-developers-using-ai-tools,Share Of Professional Software Developers Using AI Tools
https://ourworldindata.org/grapher/data-centers-share-electricity-demand,Data Centers Share Electricity Demand
https://ourworldindata.org/grapher/share-working-adults-united-states-ai-work,Share Working Adults United States AI Work
https://ourworldindata.org/grapher/share-of-young-people-in-european-countries-using-generative-ai-tools,Share Of Young People In European Countries Using Generative AI Tools
https://ourworldindata.org/grapher/tsmc-annual-revenue,TSMC Annual Revenue
https://ourworldindata.org/grapher/training-computation-vs-dataset-size-in-notable-ai-systems,Training Computation Vs Dataset Size In Notable AI Systems
https://ourworldindata.org/grapher/training-computation-vs-parameters-in-notable-ai-systems,Training Computation Vs Parameters In Notable AI Systems
https://ourworldindata.org/grapher/attendance-major-artificial-intelligence-conferences,Attendance Major Artificial Intelligence Conferences
https://ourworldindata.org/grapher/annual-scholarly-publications-on-artificial-intelligence,Annual Scholarly Publications On Artificial Intelligence
https://ourworldindata.org/grapher/cumulative-number-of-large-scale-ai-systems-by-country,Cumulative Number Of Large Scale AI Systems By Country
https://ourworldindata.org/grapher/global-investment-in-generative-ai,Global Investment In Generative AI
https://ourworldindata.org/grapher/scholarly-publications-on-artificial-intelligence-per-million-people,Scholarly Publications On Artificial Intelligence Per Million People
https://ourworldindata.org/grapher/share-artificial-intelligence-job-postings,Share Artificial Intelligence Job Postings
https://ourworldindata.org/grapher/share-companies-using-artificial-intelligence,Share Companies Using Artificial Intelligence
https://ourworldindata.org/grapher/views-of-americans-robot-vs-human-intelligence,Views Of Americans Robot Vs Human Intelligence
https://ourworldindata.org/grapher/scientific-publications-per-million,Scientific Publications Per Million
https://ourworldindata.org/grapher/patent-applications-per-million,Patent Applications Per Million
https://ourworldindata.org/grapher/researchers-in-rd-per-million-people,Researchers In Rd Per Million People
https://ourworldindata.org/grapher/research-spending-gdp,Research Spending GDP
https://ourworldindata.org/grapher/scientific-and-technical-journal-articles,Scientific And Technical Journal Articles
https://ourworldindata.org/grapher/annual-patent-applications,Annual Patent Applications
https://ourworldindata.org/grapher/number-of-patents-through-the-industrial-revolution,Number Of Patents Through The Industrial Revolution
https://ourworldindata.org/grapher/total-number-of-rcts-published-in-high-ranked-medical-journals,Total Number Of RCTs Published In High Ranked Medical Journals
https://ourworldindata.org/grapher/international-finance-clean-energy,International Finance Clean Energy
https://ourworldindata.org/grapher/annual-patents-invention-united-states-1790,Annual Patents Invention United States 1790
https://ourworldindata.org/grapher/patents-usa-by-category,Patents Usa By Category
https://ourworldindata.org/grapher/ocean-research-funding,Ocean Research Funding
https://ourworldindata.org/grapher/researchers-in-rd-per-million-people-vs-gdp-pc,Researchers In Rd Per Million People Vs GDP Pc
https://ourworldindata.org/grapher/annual-change-in-average-female-height,Annual Change In Average Female Height
https://ourworldindata.org/grapher/annual-change-in-average-male-height,Annual Change In Average Male Height
https://ourworldindata.org/grapher/average-height-by-year-of-birth,Average Height By Year Of Birth
https://ourworldindata.org/grapher/average-height-of-men-for-selected-countries,Average Height Of Men For Selected Countries
https://ourworldindata.org/grapher/average-height-of-men-by-year-of-birth,Average Height Of Men By Year Of Birth
https://ourworldindata.org/grapher/average-height-of-men,Average Height Of Men
https://ourworldindata.org/grapher/average-height-of-women,Average Height Of Women
https://ourworldindata.org/grapher/child-mortality-rate-vs-mean-male-height-cm,Child Mortality Rate Vs Mean Male Height Cm
https://ourworldindata.org/grapher/human-development-index-vs-mean-male-height,Human Development Index Vs Mean Male Height
https://ourworldindata.org/grapher/absolute-gains-in-mean-female-height,Absolute Gains In Mean Female Height
https://ourworldindata.org/grapher/change-in-male-height,Change In Male Height
https://ourworldindata.org/grapher/male-to-female-height-ratio,Male To Female Height Ratio
https://ourworldindata.org/grapher/mean-height-males-vs-females,Mean Height Males Vs Females
https://ourworldindata.org/grapher/increase-male-vs-female-height,Increase Male Vs Female Height
https://ourworldindata.org/grapher/relative-change-in-female-height,Relative Change In Female Height
https://ourworldindata.org/grapher/relative-change-male-height,Relative Change Male Height
https://ourworldindata.org/grapher/share-of-calories-from-animal-protein-vs-mean-male-height,Share Of Calories From Animal Protein Vs Mean Male Height
https://ourworldindata.org/grapher/alcohol-drug-use-disorders-share-total-disease,Alcohol Drug Use Disorders Share Total Disease
https://ourworldindata.org/grapher/death-rates-substance-disorders-who,Death Rates Substance Disorders WHO
https://ourworldindata.org/grapher/death-rates-substance-disorders,Death Rates Substance Disorders
https://ourworldindata.org/grapher/death-rates-alcohol-drug-overdoses-by-age-who,Death Rates Alcohol Drug Overdoses By Age WHO
https://ourworldindata.org/grapher/deaths-from-substance-disorders-who,Deaths From Substance Disorders WHO
https://ourworldindata.org/grapher/deaths-substance-disorders-who,Deaths Substance Disorders WHO
https://ourworldindata.org/grapher/deaths-from-substance-disorders,Deaths From Substance Disorders
https://ourworldindata.org/grapher/deaths-alcohol-drugs-by-sex-who,Deaths Alcohol Drugs By Sex WHO
https://ourworldindata.org/grapher/alcohol-by-type-1890,Alcohol By Type 1890
https://ourworldindata.org/grapher/per-capita-alcohol-1890,Per Capita Alcohol 1890
https://ourworldindata.org/grapher/alcohol-consumption-per-capita-men-women,Alcohol Consumption Per Capita Men Women
https://ourworldindata.org/grapher/alcohol-consumption-per-person-us,Alcohol Consumption Per Person US
https://ourworldindata.org/grapher/alcohol-consumption-vs-gdp-per-capita,Alcohol Consumption Vs GDP Per Capita
https://ourworldindata.org/grapher/alcohol-expenditure,Alcohol Expenditure
https://ourworldindata.org/grapher/alcohol-expenditure-as-share-of-total,Alcohol Expenditure As Share Of Total
https://ourworldindata.org/grapher/alcohol-attributable-fraction-of-mortality,Alcohol Attributable Fraction Of Mortality
https://ourworldindata.org/grapher/alcohol-consumption-by-15-19-year-old-males-vs-females,Alcohol Consumption By 15 19 Year Old Males Vs Females
https://ourworldindata.org/grapher/alcohol-consumption-in-15-19-year-olds,Alcohol Consumption In 15 19 Year Olds
https://ourworldindata.org/grapher/beer-as-share-alcohol-consumption,Beer As Share Alcohol Consumption
https://ourworldindata.org/grapher/beer-consumption-per-person,Beer Consumption Per Person
https://ourworldindata.org/grapher/dalys-from-alcohol-use-disorders-by-age,Dalys From Alcohol Use Disorders By Age
https://ourworldindata.org/grapher/death-rates-from-alcohol-use-disorders-gbd,Death Rates From Alcohol Use Disorders GBD
https://ourworldindata.org/grapher/death-rates-from-alcohol-use-disorders-ghe,Death Rates From Alcohol Use Disorders Ghe
https://ourworldindata.org/grapher/substances-risk-factor-vs-direct-deaths,Substances Risk Factor Vs Direct Deaths
https://ourworldindata.org/grapher/deaths-due-to-alcohol-use,Deaths Due To Alcohol Use
https://ourworldindata.org/grapher/deaths-from-alcohol-use-disorders-ghe,Deaths From Alcohol Use Disorders Ghe
https://ourworldindata.org/grapher/deaths-from-alcohol-use-disorders,Deaths From Alcohol Use Disorders
https://ourworldindata.org/grapher/mental-health-as-risk-for-alcohol-dependency,Mental Health As Risk For Alcohol Dependency
https://ourworldindata.org/grapher/number-of-people-with-alcohol-or-drug-use-disorders,Number Of People With Alcohol Or Drug Use Disorders
https://ourworldindata.org/grapher/number-with-alcohol-use-disorders,Number With Alcohol Use Disorders
https://ourworldindata.org/grapher/number-with-alcohol-use-disorders-country,Number With Alcohol Use Disorders Country
https://ourworldindata.org/grapher/rate-of-premature-deaths-due-to-alcohol-gbd,Rate Of Premature Deaths Due To Alcohol GBD
https://ourworldindata.org/grapher/rate-of-premature-deaths-due-to-alcohol,Rate Of Premature Deaths Due To Alcohol
https://ourworldindata.org/grapher/share-who-drank-on-5-or-more-days-by-income,Share Who Drank On 5 Or More Days By Income
https://ourworldindata.org/grapher/share-who-have-not-drank-alcohol-in-last-year,Share Who Have Not Drank Alcohol In Last Year
https://ourworldindata.org/grapher/alcohol-related-crimes-of-all-crimes,Alcohol Related Crimes Of All Crimes
https://ourworldindata.org/grapher/share-of-drinkers-who-binged,Share of drinkers who binged
https://ourworldindata.org/grapher/drinkers-had-a-heavy-session-in-past-30-days,Drinkers Had A Heavy Session In Past 30 Days
https://ourworldindata.org/grapher/prevalence-of-alcohol-disorders-males-vs-females,Prevalence Of Alcohol Disorders Males Vs Females
https://ourworldindata.org/grapher/share-with-alcohol-use-disorders-receiving-treatment,Share With Alcohol Use Disorders Receiving Treatment
https://ourworldindata.org/grapher/share-who-drank-alcohol-last-week,Share Who Drank Alcohol Last Week
https://ourworldindata.org/grapher/share-of-population-who-never-drink-alcohol,Share of population who never drink alcohol
https://ourworldindata.org/grapher/share-with-alcohol-vs-drug-use-disorder,Share With Alcohol Vs Drug Use Disorder
https://ourworldindata.org/grapher/population-with-alcohol-use-disorders,Population With Alcohol Use Disorders
https://ourworldindata.org/grapher/share-with-alcohol-use-disorders,Share With Alcohol Use Disorders
https://ourworldindata.org/grapher/road-traffic-deaths-to-alcohol,Road Traffic Deaths To Alcohol
https://ourworldindata.org/grapher/share-with-alcohol-or-drug-use-disorders,Share With Alcohol Or Drug Use Disorders
https://ourworldindata.org/grapher/prevalence-of-alcohol-use-disorders-by-age,Prevalence Of Alcohol Use Disorders By Age
https://ourworldindata.org/grapher/alcohol-or-drug-use-disorders-male-vs-female,Alcohol Or Drug Use Disorders Male Vs Female
https://ourworldindata.org/grapher/spirits-as-share-total-alcohol-consumption,Spirits As Share Total Alcohol Consumption
https://ourworldindata.org/grapher/spirits-consumption-per-person,Spirits Consumption Per Person
https://ourworldindata.org/grapher/standard-drink-measure,Standard Drink Measure
https://ourworldindata.org/grapher/alcohol-disorders-dalys-age-standardized-rate,Alcohol Disorders Dalys Age Standardized Rate
https://ourworldindata.org/grapher/wine-as-share-alcohol-consumption,Wine As Share Alcohol Consumption
https://ourworldindata.org/grapher/wine-consumption-per-capita,Wine Consumption Per Capita
https://ourworldindata.org/grapher/number-of-individuals-employed-in-tourism-related-industries-per-1000-people,Number Of Individuals Employed In Tourism Related Industries Per 1000 People
https://ourworldindata.org/grapher/international-tourist-departures-per-1000,International Tourist Departures Per 1000
https://ourworldindata.org/grapher/tourism-gdp-proportion-of-total-gdp,Tourism GDP Proportion Of Total GDP
https://ourworldindata.org/grapher/air-passengers-per-fatality,Air Passengers Per Fatality
https://ourworldindata.org/grapher/international-same-day-visitors-per-1000-people,International Same Day Visitors Per 1000 People
https://ourworldindata.org/grapher/international-trips-for-business-and-professional-reasons,International Trips For Business And Professional Reasons
https://ourworldindata.org/grapher/average-length-of-stay,Average Length Of Stay
https://ourworldindata.org/grapher/fatal-airliner-accidents-hijacking-incidents,Fatal Airliner Accidents Hijacking Incidents
https://ourworldindata.org/grapher/fatal-airliner-accidents-per-million-flights,Fatal Airliner Accidents Per Million Flights
https://ourworldindata.org/grapher/global-fatalities-from-aviation-accidents-and-hijackings,Global Fatalities From Aviation Accidents And Hijackings
https://ourworldindata.org/grapher/foreign-guests-in-hotels-and-similar-establishments,Foreign Guests In Hotels And Similar Establishments
https://ourworldindata.org/grapher/aviation-fatalities-per-million-passengers,Aviation Fatalities Per Million Passengers
https://ourworldindata.org/grapher/international-same-day-arrivals,International Same Day Arrivals
https://ourworldindata.org/grapher/tourist-departures-per-1000-vs-gdp,Tourist Departures Per 1000 Vs GDP
https://ourworldindata.org/grapher/international-tourist-trips-by-destination-region,International Tourist Trips By Destination Region
https://ourworldindata.org/grapher/international-arrivals-for-personal-vs-business-and-professional-reasons,International Arrivals For Personal Vs Business And Professional Reasons
https://ourworldindata.org/grapher/local-guests-in-hotels-and-similar-establishments,Local Guests In Hotels And Similar Establishments
https://ourworldindata.org/grapher/domestic-guests-in-tourism-accommodation-hotels-and-similar-establishments-vs-foreign-guests-in-tourism-accommodation-hotels-and-similar-establishments,Domestic Guests In Tourism Accommodation Hotels And Similar Establishments Vs Foreign Guests In Tourism Accommodation Hotels And Similar Establishments
https://ourworldindata.org/grapher/implementation-of-tools-to-monitor-economic-and-environmental-tourism,Implementation Of Tools To Monitor Economic And Environmental Tourism
https://ourworldindata.org/grapher/ratio-of-business-trips-to-trips-for-personal-reasons,Ratio Of Business Trips To Trips For Personal Reasons
https://ourworldindata.org/grapher/ratio-of-inbound-to-outbound-tourists,Ratio Of Inbound To Outbound Tourists
https://ourworldindata.org/grapher/ratio-of-same-day-to-tourist-trips,Ratio Of Same Day To Tourist Trips
https://ourworldindata.org/grapher/spending-by-a-countrys-residents-while-travelling-abroad,Spending By A Countrys Residents While Travelling Abroad
https://ourworldindata.org/grapher/spending-by-international-visitors-while-visiting-a-country,Spending By International Visitors While Visiting A Country
https://ourworldindata.org/grapher/spending-by-international-visitors-while-visiting-a-country-as-a-share-of-gdp,Spending By International Visitors While Visiting A Country As A Share Of GDP
https://ourworldindata.org/grapher/trips-by-domestic-tourists-per-person,Trips By Domestic Tourists Per Person
https://ourworldindata.org/grapher/refugee-population-by-country-or-territory-of-asylum,Refugee Population By Country Or Territory Of Asylum
https://ourworldindata.org/grapher/migrant-stock-share,Migrant Stock Share
https://ourworldindata.org/grapher/facilitate-orderly-safe-migration,Facilitate Orderly Safe Migration
https://ourworldindata.org/grapher/personal-remittances-oda,Personal Remittances Oda
https://ourworldindata.org/grapher/deaths-and-disappearances-during-migration,Deaths And Disappearances During Migration
https://ourworldindata.org/grapher/number-of-refugees-per-100000,Number Of Refugees Per 100000
https://ourworldindata.org/grapher/remittance-costs-as-share-of-amount-remitted,Remittance Costs As Share Of Amount Remitted
https://ourworldindata.org/grapher/foreign-born-population-of-the-united-states,Foreign Born Population Of The United States
https://ourworldindata.org/grapher/foreign-born-population-of-the-united-states-by-country-of-birth,Foreign Born Population Of The United States By Country Of Birth
https://ourworldindata.org/grapher/human-trafficking-victims,Human Trafficking Victims
https://ourworldindata.org/grapher/share-of-the-united-states-population-born-in-another-country,Share Of The United States Population Born In Another Country
https://ourworldindata.org/grapher/share-of-the-united-states-population-born-in-another-country-by-place-of-birth,Share Of The United States Population Born In Another Country By Place Of Birth
https://ourworldindata.org/grapher/deaths-illicit-drugs,Deaths Illicit Drugs
https://ourworldindata.org/grapher/death-rates-from-drug-use-disorders,Death Rates From Drug Use Disorders
https://ourworldindata.org/grapher/deaths-drug-overdoses-who,Deaths Drug Overdoses WHO
https://ourworldindata.org/grapher/death-rate-from-opioid-use,Death Rate From Opioid Use
https://ourworldindata.org/grapher/share-with-drug-use-disorders,Share With Drug Use Disorders
https://ourworldindata.org/grapher/deaths-substance-disorders-age,Deaths Substance Disorders Age
https://ourworldindata.org/grapher/death-rates-amphetamine-overdoses-by-age,Death Rates Amphetamine Overdoses By Age
https://ourworldindata.org/grapher/death-rates-from-drug-use-disorders-who,Death Rates From Drug Use Disorders WHO
https://ourworldindata.org/grapher/death-rates-from-drug-use-disorders-gbd,Death Rates From Drug Use Disorders GBD
https://ourworldindata.org/grapher/deaths-from-drug-use-disorders,Deaths From Drug Use Disorders
https://ourworldindata.org/grapher/deaths-from-drug-use-disorders-by-age,Deaths From Drug Use Disorders By Age
https://ourworldindata.org/grapher/homicide-rate-who-mortality-database,Homicide Rate WHO Mortality Database
https://ourworldindata.org/grapher/homicide-rate-ghe,Homicide Rate Ghe
https://ourworldindata.org/grapher/homicide-rate-age-standardized,Homicide Rate Age Standardized
https://ourworldindata.org/grapher/homicide-rate-by-age,Homicide Rate By Age
https://ourworldindata.org/grapher/homicide-rate-by-age-of-the-victim,Homicide Rate By Age Of The Victim
https://ourworldindata.org/grapher/homicide-rate-by-sex,Homicide Rate By Sex
https://ourworldindata.org/grapher/homicide-rates-from-firearms,Homicide Rates From Firearms
https://ourworldindata.org/grapher/homicide-rate-1990-vs-2020,Homicide Rate 1990 Vs 2020
https://ourworldindata.org/grapher/homicide-rate-vs-gdp-pc,Homicide Rate Vs GDP Pc
https://ourworldindata.org/grapher/homicide-rate-where-the-perpetrator-is-an-intimate-partner,Homicide Rate Where The Perpetrator Is An Intimate Partner
https://ourworldindata.org/grapher/homicide-rate-ihme-vs-who-mort-db,Homicide Rate IHME Vs WHO Mort Db
https://ourworldindata.org/grapher/homicide-rate-ihme-vs-unodc,Homicide Rate IHME Vs UNODC
https://ourworldindata.org/grapher/homicide-rate-who-vs-unodc,Homicide Rate WHO Vs UNODC
https://ourworldindata.org/grapher/homicide-rates-across-western-europe,Homicide Rates Across Western Europe
https://ourworldindata.org/grapher/homicidesghe,Homicidesghe
https://ourworldindata.org/grapher/homicides-whomd,Homicides Whomd
https://ourworldindata.org/grapher/homicides-ihme,Homicides IHME
https://ourworldindata.org/grapher/homicide-deaths-by-age,Homicide Deaths By Age
https://ourworldindata.org/grapher/homicides-by-firearm,Homicides By Firearm
https://ourworldindata.org/grapher/homicides-by-sex-of-the-victim,Homicides By Sex Of The Victim
https://ourworldindata.org/grapher/male-homicide-rate,Male Homicide Rate
https://ourworldindata.org/grapher/male-homicide-victims,Male Homicide Victims
https://ourworldindata.org/grapher/share-of-deaths-from-homicide,Share Of Deaths From Homicide
https://ourworldindata.org/grapher/share-of-victims-who-reported-crime-to-the-police,Share of victims who reported crime to the police
https://ourworldindata.org/grapher/unsentenced-detainees-as-proportion-of-prison-population,Unsentenced Detainees As Proportion Of Prison Population
https://ourworldindata.org/grapher/plastic-waste-by-sector,Plastic Waste By Sector
https://ourworldindata.org/grapher/beach-litter,Beach Litter
https://ourworldindata.org/grapher/displaced-plastic-chinese-import-ban,Displaced Plastic Chinese Import Ban
https://ourworldindata.org/grapher/cumulative-global-plastics,Cumulative Global Plastics
https://ourworldindata.org/grapher/cumulative-plastic-exports,Cumulative Plastic Exports
https://ourworldindata.org/grapher/recycled-plastic-export-value,Recycled Plastic Export Value
https://ourworldindata.org/grapher/decomposition-rates-marine-debris,Decomposition Rates Marine Debris
https://ourworldindata.org/grapher/grocery-bag-environmental-impact,Grocery Bag Environmental Impact
https://ourworldindata.org/grapher/global-plastic-production-projections,Global Plastic Production Projections
https://ourworldindata.org/grapher/plastic-production-by-sector,Plastic Production By Sector
https://ourworldindata.org/grapher/plastic-production-polymer,Plastic Production Polymer
https://ourworldindata.org/grapher/plastic-waste-polymer,Plastic Waste Polymer
https://ourworldindata.org/grapher/plastic-fate-to-2050,Plastic Fate To 2050
https://ourworldindata.org/grapher/ghg-emissions-plastic-stage,Ghg Emissions Plastic Stage
https://ourworldindata.org/grapher/greenhouse-gas-emissions-from-plastics,Greenhouse Gas Emissions From Plastics
https://ourworldindata.org/grapher/grocery-bag-comparisons-ghg,Grocery Bag Comparisons Ghg
https://ourworldindata.org/grapher/chinese-plastic-imports,Chinese Plastic Imports
https://ourworldindata.org/grapher/macroplastics-in-ocean,Macroplastics In Ocean
https://ourworldindata.org/grapher/microplastics-in-ocean,Microplastics In Ocean
https://ourworldindata.org/grapher/per-capita-mismanaged-plastic-waste-vs-gdp-per-capita,Per Capita Mismanaged Plastic Waste Vs GDP Per Capita
https://ourworldindata.org/grapher/imports-exports-plastic-income-group,Imports Exports Plastic Income Group
https://ourworldindata.org/grapher/per-capita-plastic-waste-vs-gdp-per-capita,Per Capita Plastic Waste Vs GDP Per Capita
https://ourworldindata.org/grapher/plastic-exports-to-china,Plastic Exports To China
https://ourworldindata.org/grapher/plastic-leakage-to-aquatic-environments,Plastic Leakage To Aquatic Environments
https://ourworldindata.org/grapher/plastic-waste-accumulated-rivers-lakes,Plastic Waste Accumulated Rivers Lakes
https://ourworldindata.org/grapher/plastic-waste-accumulated-in-oceans,Plastic Waste Accumulated In Oceans
https://ourworldindata.org/grapher/plastic-waste-disposal-projections,Plastic Waste Disposal Projections
https://ourworldindata.org/grapher/ocean-plastic-waste-per-capita-vs-gdp,Ocean Plastic Waste Per Capita Vs GDP
https://ourworldindata.org/grapher/plastic-waste-generation-by-industrial-sector,Plastic Waste Generation By Industrial Sector
https://ourworldindata.org/grapher/plastics-waste-in-2019-by-region-and-application,Plastics Waste In 2019 By Region And Application
https://ourworldindata.org/grapher/plastic-waste-region-and-polymer,Plastic Waste Region And Polymer
https://ourworldindata.org/grapher/plastic-waste-per-capita-imports-vs-exports,Plastic Waste Per Capita Imports Vs Exports
https://ourworldindata.org/grapher/plastics-great-pacific-garbage-patch,Plastics Great Pacific Garbage Patch
https://ourworldindata.org/grapher/probability-mismanaged-plastic-ocean,Probability Mismanaged Plastic Ocean
https://ourworldindata.org/grapher/projections-plastic-by-disposal-method,Projections Plastic By Disposal Method
https://ourworldindata.org/grapher/plastics-top-rivers,Plastics Top Rivers
https://ourworldindata.org/grapher/share-of-cumulative-plastic-exports,Share Of Cumulative Plastic Exports
https://ourworldindata.org/grapher/share-of-global-plastic-waste-emitted-to-the-ocean,Share Of Global Plastic Waste Emitted To The Ocean
https://ourworldindata.org/grapher/share-plastic-waste-imports,Share Plastic Waste Imports
https://ourworldindata.org/grapher/share-plastic-waste-exports,Share Plastic Waste Exports
https://ourworldindata.org/grapher/plastic-waste-incinerated,Plastic Waste Incinerated
https://ourworldindata.org/grapher/share-of-plastic-waste-that-is-mismanaged,Share Of Plastic Waste That Is Mismanaged
https://ourworldindata.org/grapher/share-plastic-waste-recycled,Share Plastic Waste Recycled
https://ourworldindata.org/grapher/plastic-waste-landfill,Plastic Waste Landfill
https://ourworldindata.org/grapher/surface-plastic-mass-by-ocean,Surface Plastic Mass By Ocean
https://ourworldindata.org/grapher/surface-plastic-particles-by-ocean,Surface Plastic Particles By Ocean
https://ourworldindata.org/grapher/space-objects-by-orbit,Space Objects By Orbit
https://ourworldindata.org/grapher/cumulative-number-of-objects-launched-into-outer-space,Cumulative Number Of Objects Launched Into Outer Space
https://ourworldindata.org/grapher/cumulative-space-visits,Cumulative Space Visits
https://ourworldindata.org/grapher/road-accident-deaths-per-passenger-kilometers,Road Accident Deaths Per Passenger Kilometers
https://ourworldindata.org/grapher/road-deaths-in-great-britain-by-road-user,Road Deaths In Great Britain By Road User
https://ourworldindata.org/grapher/road-mortality-rate-comparison,Road Mortality Rate Comparison
https://ourworldindata.org/grapher/temp-deaths-zhao,Temp Deaths Zhao
https://ourworldindata.org/grapher/deaths-temperature-gasparrini,Deaths Temperature Gasparrini
https://ourworldindata.org/grapher/parkinsons-disease-prevalence-ihme,Parkinsons Disease Prevalence IHME
https://ourworldindata.org/grapher/probability-of-dying-by-age,Probability Of Dying By Age
https://ourworldindata.org/grapher/unintentional-injuries-death-rate-by-age-group-who-mdb,Unintentional Injuries Death Rate By Age Group WHO Mdb
https://ourworldindata.org/grapher/death-rates-from-drug-use,Death Rates From Drug Use
https://ourworldindata.org/grapher/death-rates-from-drug-use-gbd,Death Rates From Drug Use GBD
https://ourworldindata.org/grapher/share-of-deaths-from-opioid-overdoses,Share Of Deaths From Opioid Overdoses
https://ourworldindata.org/grapher/deaths-substance-disorders,Deaths Substance Disorders
https://ourworldindata.org/grapher/interventions-for-substance-use-disorders,Interventions For Substance Use Disorders
https://ourworldindata.org/grapher/mental-health-as-risk-for-drug-dependency,Mental Health As Risk For Drug Dependency
https://ourworldindata.org/grapher/number-with-drug-use-disorders-country,Number With Drug Use Disorders Country
https://ourworldindata.org/grapher/number-with-drug-disorders-by-substance,Number With Drug Disorders By Substance
https://ourworldindata.org/grapher/prevalence-by-mental-and-substance-use-disorder,Prevalence By Mental And Substance Use Disorder
https://ourworldindata.org/grapher/drug-disorder-dalys-rate,Drug Disorder Dalys Rate
https://ourworldindata.org/grapher/rate-of-disease-burden-from-drug-use-disorders-who,Rate Of Disease Burden From Drug Use Disorders WHO
https://ourworldindata.org/grapher/prevalence-of-drug-use-disorders-by-age,Prevalence Of Drug Use Disorders By Age
https://ourworldindata.org/grapher/prevalence-of-drug-use-disorders-males-vs-females,Prevalence Of Drug Use Disorders Males Vs Females
https://ourworldindata.org/grapher/deaths-from-substance-use-disorders-who,Deaths From Substance Use Disorders WHO
https://ourworldindata.org/grapher/deaths-from-substance-use-disorders,Deaths From Substance Use Disorders
https://ourworldindata.org/grapher/total-inward-financial-flows-from-drug-trafficking,Total Inward Financial Flows From Drug Trafficking
https://ourworldindata.org/grapher/total-outward-financial-flows-from-drug-trafficking,Total Outward Financial Flows From Drug Trafficking
https://ourworldindata.org/grapher/share-of-small-with-illicit-origin,Share Of Small With Illicit Origin
https://ourworldindata.org/grapher/death-rate-from-mental-health-and-substance-use-disorders-who,Death Rate From Mental Health And Substance Use Disorders WHO
https://ourworldindata.org/grapher/deaths-from-mental-health-and-substance-use-disorders-who,Deaths From Mental Health And Substance Use Disorders WHO
https://ourworldindata.org/grapher/prevalence-of-mental-and-substance-disorders-by-age,Prevalence Of Mental And Substance Disorders By Age
https://ourworldindata.org/grapher/period-total-fertility-rate,Period Total Fertility Rate
https://ourworldindata.org/grapher/fertility-vs-unmet-contraception,Fertility Vs Unmet Contraception
https://ourworldindata.org/grapher/cohort-fertility-rate,Cohort Fertility Rate
https://ourworldindata.org/grapher/cumulative-cohort-fertility-rate-by-age,Cumulative Cohort Fertility Rate By Age
https://ourworldindata.org/grapher/fertility-vs-child-mortality,Fertility Vs Child Mortality
https://ourworldindata.org/grapher/fertility-rate-by-age-group,Fertility Rate By Age Group
https://ourworldindata.org/grapher/effective-fertility-rates-malani-and-jacob,Effective Fertility Rates Malani And Jacob
https://ourworldindata.org/grapher/replacement-fertility-rate,Replacement Fertility Rate
https://ourworldindata.org/grapher/births-by-age-of-mother,Births By Age Of Mother
https://ourworldindata.org/grapher/fertility-and-wanted-fertility,Fertility And Wanted Fertility
https://ourworldindata.org/grapher/share-of-women-having-births,Share Of Women Having Births
https://ourworldindata.org/grapher/adolescent-fertility-15-19,Adolescent Fertility 15 19
https://ourworldindata.org/grapher/adolescent-fertility,Adolescent Fertility
https://ourworldindata.org/grapher/average-age-of-mothers-birth-cohort,Average Age Of Mothers Birth Cohort
https://ourworldindata.org/grapher/global-number-of-missing-women,Global Number Of Missing Women
https://ourworldindata.org/grapher/sex-ratio-at-birth,Sex Ratio At Birth
https://ourworldindata.org/grapher/sex-ratio-by-age,Sex Ratio By Age
https://ourworldindata.org/grapher/access-to-sexual-health-care-and-education,Access To Sexual Health Care And Education
https://ourworldindata.org/grapher/age-of-mothers-at-childbirth-by-year,Age Of Mothers At Childbirth By Year
https://ourworldindata.org/grapher/birth-rate-colored-by-peak-birth-month,Birth Rate Colored By Peak Birth Month
https://ourworldindata.org/grapher/share-of-births-by-age-of-mother,Share Of Births By Age Of Mother
https://ourworldindata.org/grapher/sex-ratio-at-sixty-years-old,Sex Ratio At Sixty Years Old
https://ourworldindata.org/grapher/sex-ratio-at-five-years-old,Sex Ratio At Five Years Old
https://ourworldindata.org/grapher/missing-female-births-and-excess-mortality,Missing Female Births And Excess Mortality
https://ourworldindata.org/grapher/representation-of-women-in-the-judiciary,Representation Of Women In The Judiciary
https://ourworldindata.org/grapher/unemployment-rate-of-males-vs-females,Unemployment Rate Of Males Vs Females
https://ourworldindata.org/grapher/unemployment-rate-men-vs-women,Unemployment Rate Men Vs Women
https://ourworldindata.org/grapher/share-of-young-women-vs-men-who-are-not-in-education-employment-or-training,"Share of young women vs. men who are not in education, employment or training"
https://ourworldindata.org/grapher/adult-population-covered-in-primary-data-on-the-prevalence-of-major-depression,Adult Population Covered In Primary Data On The Prevalence Of Major Depression
https://ourworldindata.org/grapher/death-rate-from-opioid-use-who,Death Rate From Opioid Use WHO
https://ourworldindata.org/grapher/deaths-opioid-overdoses-by-sex,Deaths Opioid Overdoses By Sex
https://ourworldindata.org/grapher/death-rates-opioid-overdoses-by-age,Death Rates Opioid Overdoses By Age
https://ourworldindata.org/grapher/child-and-maternal-malnutrition-death-rate,Child And Maternal Malnutrition Death Rate
https://ourworldindata.org/grapher/child-deaths-malnutrition-by-risk,Child Deaths Malnutrition By Risk
https://ourworldindata.org/grapher/number-child-deaths-malnutrition,Number Child Deaths Malnutrition
https://ourworldindata.org/grapher/malnutrition-death-rates,Malnutrition Death Rates
https://ourworldindata.org/grapher/deaths-from-famines-by-main-trigger-and-year,Deaths From Famines By Main Trigger And Year
https://ourworldindata.org/grapher/exclusive-breastfeeding-rate,Exclusive Breastfeeding Rate
https://ourworldindata.org/grapher/global-hunger-index,Global Hunger Index
https://ourworldindata.org/grapher/global-hunger-index-vs-gdp-per-capita,Global Hunger Index Vs GDP Per Capita
https://ourworldindata.org/grapher/hidden-hunger-index-vs-share-of-energy-supply-from-cereals-roots-and-tubers,Hidden Hunger Index Vs Share Of Energy Supply From Cereals Roots And Tubers
https://ourworldindata.org/grapher/coefficient-of-variation-cv-in-per-capita-caloric-intake,Coefficient Of Variation Cv In Per Capita Caloric Intake
https://ourworldindata.org/grapher/coefficient-of-variation-in-caloric-consumption-vs-gdp-per-capita,Coefficient Of Variation In Caloric Consumption Vs GDP Per Capita
https://ourworldindata.org/grapher/malnutrition-death-rate-vs-gdp-per-capita,Malnutrition Death Rate Vs GDP Per Capita
https://ourworldindata.org/grapher/number-of-children-who-are-underweight,Number Of Children Who Are Underweight
https://ourworldindata.org/grapher/number-children-wasted-who,Number Children Wasted WHO
https://ourworldindata.org/grapher/share-of-children-younger-than-5-who-suffer-from-stunting,Share Of Children Younger Than 5 Who Suffer From Stunting
https://ourworldindata.org/grapher/share-of-children-underweight,Share Of Children Underweight
https://ourworldindata.org/grapher/share-of-children-with-a-weight-too-low-for-their-height-wasting,Share Of Children With A Weight Too Low For Their Height Wasting
https://ourworldindata.org/grapher/minimum-requirement-calories,Minimum Requirement Calories
https://ourworldindata.org/grapher/number-of-people-moderately-or-severely-food-insecure,Number Of People Moderately Or Severely Food Insecure
https://ourworldindata.org/grapher/number-of-people-severely-food-insecure,Number Of People Severely Food Insecure
https://ourworldindata.org/grapher/number-undernourished,Number Undernourished
https://ourworldindata.org/grapher/number-of-severely-food-insecure-people-by-region,Number Of Severely Food Insecure People By Region
https://ourworldindata.org/grapher/share-of-children-who-are-stunted-vs-co-emissions-per-capita,Share Of Children Who Are Stunted Vs Co Emissions Per Capita
https://ourworldindata.org/grapher/stunting-ihme-vs-gdp,Stunting IHME Vs GDP
https://ourworldindata.org/grapher/prevalence-of-stunting-vs-improved-sanitation-facilities,Prevalence Of Stunting Vs Improved Sanitation Facilities
https://ourworldindata.org/grapher/prevalence-of-undernourishment-in-developing-countries-since-1970,Prevalence Of Undernourishment In Developing Countries Since 1970
https://ourworldindata.org/grapher/stunting-vs-level-of-prosperity-over-time,Stunting Vs Level Of Prosperity Over Time
https://ourworldindata.org/grapher/long-run-childhood-stunting-rates,Long Run Childhood Stunting Rates
https://ourworldindata.org/grapher/prevalence-of-stunting-male-vs-female,Prevalence Of Stunting Male Vs Female
https://ourworldindata.org/grapher/child-deaths-from-streptococcus-by-disease,Child Deaths From Streptococcus By Disease
https://ourworldindata.org/grapher/infant-deaths,Infant Deaths
https://ourworldindata.org/grapher/child-mortality-respiratory-infections-vs-clean-fuels,Child Mortality Respiratory Infections Vs Clean Fuels
https://ourworldindata.org/grapher/child-mortality-from-ari-vs-treatment,Child Mortality From Ari Vs Treatment
https://ourworldindata.org/grapher/child-mortality-rate-ihme,Child Mortality Rate IHME
https://ourworldindata.org/grapher/under-5-mortality-rate-sdgs,Under 5 Mortality Rate SDGs
https://ourworldindata.org/grapher/child-mortality-vs-co2-emissions-per-capita,Child Mortality Vs CO₂ Emissions Per Capita
https://ourworldindata.org/grapher/child-mortality-vs-level-of-prosperity-regression,Child Mortality Vs Level Of Prosperity Regression
https://ourworldindata.org/grapher/correlation-between-child-mortality-and-mean-years-of-schooling-for-those-aged-15-and-older,Correlation Between Child Mortality And Mean Years Of Schooling For Those Aged 15 And Older
https://ourworldindata.org/grapher/child-mortality-vs-health-expenditure,Child Mortality Vs Health Expenditure
https://ourworldindata.org/grapher/diarrheal-diseases-vs-handwashing-facilities,Diarrheal Diseases Vs Handwashing Facilities
https://ourworldindata.org/grapher/deaths-due-to-measles-by-region,Deaths Due To Measles By Region
https://ourworldindata.org/grapher/diarrheal-disease-death-rates-in-children-under-5,Diarrheal Disease Death Rates In Children Under 5
https://ourworldindata.org/grapher/infant-death-rates-by-cause-by-sex,Infant Death Rates By Cause By Sex
https://ourworldindata.org/grapher/infant-mortality-rate,Infant Mortality Rate
https://ourworldindata.org/grapher/infant-mortality-rates-uk,Infant Mortality Rates UK
https://ourworldindata.org/grapher/infant-mortality-vs-prenatal-care,Infant Mortality Vs Prenatal Care
https://ourworldindata.org/grapher/meningitis-death-rates-children-under-5,Meningitis Death Rates Children Under 5
https://ourworldindata.org/grapher/neonatal-mortality-ihme,Neonatal Mortality IHME
https://ourworldindata.org/grapher/neonatal-mortality-rate-gho,Neonatal Mortality Rate GHO
https://ourworldindata.org/grapher/number-of-child-deaths,Number Of Child Deaths
https://ourworldindata.org/grapher/number-of-deaths-from-pneumonia-in-children-under-5,Number Of Deaths From Pneumonia In Children Under 5
https://ourworldindata.org/grapher/number-of-infant-deaths-ihme,Number Of Infant Deaths IHME
https://ourworldindata.org/grapher/number-of-infant-deaths-gho,Number Of Infant Deaths GHO
https://ourworldindata.org/grapher/un-projection-of-annual-infant-deaths,UN Projection Of Annual Infant Deaths
https://ourworldindata.org/grapher/number-of-neonatal-deaths-ihme,Number Of Neonatal Deaths IHME
https://ourworldindata.org/grapher/number-of-youth-deaths,Number Of Youth Deaths
https://ourworldindata.org/grapher/protein-energy-malnutrition-mortality-rates-in-children,Protein Energy Malnutrition Mortality Rates In Children
https://ourworldindata.org/grapher/rate-of-child-deaths-attributed-to-child-and-maternal-malnutrition,Rate Of Child Deaths Attributed To Child And Maternal Malnutrition
https://ourworldindata.org/grapher/child-deaths-from-rotavirus,Child Deaths From Rotavirus
https://ourworldindata.org/grapher/avertable-deaths-from-rotavirus-with-full-vaccine-coverage,Avertable Deaths From Rotavirus With Full Vaccine Coverage
https://ourworldindata.org/grapher/share-of-low-birthweight-babies-born,Share Of Low Birthweight Babies Born
https://ourworldindata.org/grapher/children-treated-ari,Children Treated Ari
https://ourworldindata.org/grapher/prevalence-of-hepatitis-b-surface-antigen,Prevalence Of Hepatitis B Surface Antigen
https://ourworldindata.org/grapher/pneumonia-careseeking,Pneumonia Careseeking
https://ourworldindata.org/grapher/tetanus-mortality-in-children-under-5,Tetanus Mortality In Children Under 5
https://ourworldindata.org/grapher/age-standardized-death-rate-by-cause,Age Standardized Death Rate By Cause
https://ourworldindata.org/grapher/death-rate-lead-exposure,Death Rate Lead Exposure
https://ourworldindata.org/grapher/disease-burden-lead,Disease Burden Lead
https://ourworldindata.org/grapher/lead-petrol-ban,Lead Petrol Ban
https://ourworldindata.org/grapher/lead-blood-usa-children,Lead Blood Usa Children
https://ourworldindata.org/grapher/lead-concentrations-blood-adults,Lead Concentrations Blood Adults
https://ourworldindata.org/grapher/lead-concentrations-blood-children,Lead Concentrations Blood Children
https://ourworldindata.org/grapher/deaths-lead-exposure,Deaths Lead Exposure
https://ourworldindata.org/grapher/rate-disease-burden-lead,Rate Disease Burden Lead
https://ourworldindata.org/grapher/lead-paint-over-10000ppm,Lead Paint Over 10000Ppm
https://ourworldindata.org/grapher/lead-paint-over-600ppm,Lead Paint Over 600Ppm
https://ourworldindata.org/grapher/lead-paint-over-90ppm,Lead Paint Over 90Ppm
https://ourworldindata.org/grapher/legal-controls-lead-paint,Legal Controls Lead Paint
https://ourworldindata.org/grapher/number-of-children-newly-infected-with-hiv,Number Of Children Newly Infected With HIV
https://ourworldindata.org/grapher/children-living-with-hiv,Children Living With HIV
https://ourworldindata.org/grapher/share-of-children-under-fifteen-years-old-with-hiv,Share Of Children Under Fifteen Years Old With HIV
https://ourworldindata.org/grapher/number-of-children-orphaned-from-aids,Number Of Children Orphaned From AIDS
https://ourworldindata.org/grapher/condom-use-between-men,Condom Use Between Men
https://ourworldindata.org/grapher/condom-use-at-last-high-risk-sex,Condom Use At Last High Risk Sex
https://ourworldindata.org/grapher/condom-use-during-last-high-risk-sex,Condom Use During Last High Risk Sex
https://ourworldindata.org/grapher/death-rate-from-hivaids,Death Rate From HIV/AIDS
https://ourworldindata.org/grapher/death-rate-from-hivaids-who,Death Rate From HIV/AIDS WHO
https://ourworldindata.org/grapher/hiv-expenditure,HIV Expenditure
https://ourworldindata.org/grapher/hiv-funding-by-region,HIV Funding By Region
https://ourworldindata.org/grapher/incidence-of-hiv-by-age,Incidence Of HIV By Age
https://ourworldindata.org/grapher/hiv-death-rates-by-age,HIV Death Rates By Age
https://ourworldindata.org/grapher/deaths-from-hiv-by-age,Deaths From HIV By Age
https://ourworldindata.org/grapher/number-of-new-hiv-infections-per-year,Number Of New HIV Infections Per Year
https://ourworldindata.org/grapher/number-of-new-hiv-child-infections-vs-number-of-infections-averted-due-to-pmtct,Number Of New HIV Child Infections Vs Number Of Infections Averted Due To PMTCT
https://ourworldindata.org/grapher/new-cases-of-hiv-unaids-vs-ihme,New Cases Of HIV Unaids Vs IHME
https://ourworldindata.org/grapher/incidence-of-hivaids,Incidence Of HIV/AIDS
https://ourworldindata.org/grapher/deaths-and-new-cases-of-hiv,Deaths And New Cases Of HIV
https://ourworldindata.org/grapher/incidence-of-hiv-the-share-of-new-infections-among-the-previously-uninfected-population-ages-15-49,Incidence Of HIV The Share Of New Infections Among The Previously Uninfected Population Ages 15 49
https://ourworldindata.org/grapher/number-of-new-hivaids-infections-who,Number Of New HIV/AIDS Infections WHO
https://ourworldindata.org/grapher/new-cases-of-hiv-infection,New Cases Of HIV Infection
https://ourworldindata.org/grapher/number-of-people-infected-with-hiv-by-region,Number Of People Infected With HIV By Region
https://ourworldindata.org/grapher/annual-number-of-people-receiving-antiretroviral-therapy-through-pepfar,Annual Number Of People Receiving Antiretroviral Therapy Through Pepfar
https://ourworldindata.org/grapher/share-deaths-aids,Share Deaths AIDS
https://ourworldindata.org/grapher/antiretroviral-therapy-coverage-among-people-living-with-hiv,Antiretroviral Therapy Coverage Among People Living With HIV
https://ourworldindata.org/grapher/art-coverage-for-pregnant-women,ART Coverage For Pregnant Women
https://ourworldindata.org/grapher/share-of-the-population-infected-with-hiv,Share Of The Population Infected With HIV
https://ourworldindata.org/grapher/gap-to-reaching-the-target-of-art,Gap To Reaching The Target Of ART
https://ourworldindata.org/grapher/share-of-the-population-living-with-hivaids,Share Of The Population Living With HIV/AIDS
https://ourworldindata.org/grapher/prevalence-of-hiv-percentage-of-males-and-females-ages-15-24-infected-with-hiv,Prevalence Of HIV Percentage Of Males And Females Ages 15 24 Infected With HIV
https://ourworldindata.org/grapher/young-people-with-knowledge-on-hiv-prevention,Young People With Knowledge On HIV Prevention
https://ourworldindata.org/grapher/knowledge-hiv-prevention-in-males-vs-females,Knowledge HIV Prevention In Males Vs Females
https://ourworldindata.org/grapher/share-of-women-among-the-population-living-with-hiv,Share Of Women Among The Population Living With HIV
https://ourworldindata.org/grapher/lives-saved-vaccines,Lives Saved Vaccines
https://ourworldindata.org/grapher/global-vaccination-coverage,Global Vaccination Coverage
https://ourworldindata.org/grapher/were-flu-vaccines-available-in-the-country,Were Flu Vaccines Available In The Country
https://ourworldindata.org/grapher/confidence-in-the-effectiveness-of-vaccines-vs-perception-of-importance,Confidence In The Effectiveness Of Vaccines Vs Perception Of Importance
https://ourworldindata.org/grapher/deaths-caused-by-vaccine-preventable-diseases-over-time,Deaths Caused By Vaccine Preventable Diseases Over Time
https://ourworldindata.org/grapher/pneumococcal-vaccination-averted-deaths,Pneumococcal Vaccination Averted Deaths
https://ourworldindata.org/grapher/influenza-vaccination-rate-elderly-who-unicef,Influenza Vaccination Rate Elderly WHO UNICEF
https://ourworldindata.org/grapher/influenza-vaccination-rate-elderly-oecd,Influenza Vaccination Rate Elderly OECD
https://ourworldindata.org/grapher/gavi-supported-countries,Gavi Supported Countries
https://ourworldindata.org/grapher/long-run-cases-of-vaccine-preventable-diseases-in-the-united-states,Long Run Cases Of Vaccine Preventable Diseases In The United States
https://ourworldindata.org/grapher/long-run-deaths-from-vaccine-preventable-diseases-in-the-united-states,Long Run Deaths From Vaccine Preventable Diseases In The United States
https://ourworldindata.org/grapher/flu-vaccines-older-people-recommendation,Flu Vaccines Older People Recommendation
https://ourworldindata.org/grapher/number-of-countries-administering-each-major-vaccine,Number Of Countries Administering Each Major Vaccine
https://ourworldindata.org/grapher/number-of-countries-with-a-vaccine-stock-out,Number Of Countries With A Vaccine Stock Out
https://ourworldindata.org/grapher/lives-saved-vaccines-region,Lives Saved Vaccines Region
https://ourworldindata.org/grapher/hib3-number-unvaccinated,Hib3 Number Unvaccinated
https://ourworldindata.org/grapher/pcv3-number-unvaccinated,PCV3 Number Unvaccinated
https://ourworldindata.org/grapher/dtp3-children-unvaccinated,DTP3 Children Unvaccinated
https://ourworldindata.org/grapher/hepb3-number-unvaccinated,HepB3 Number Unvaccinated
https://ourworldindata.org/grapher/measles-number-unvaccinated,Measles Number Unvaccinated
https://ourworldindata.org/grapher/polio-number-unvaccinated,Polio Number Unvaccinated
https://ourworldindata.org/grapher/rotavirus-number-unvaccinated,Rotavirus Number Unvaccinated
https://ourworldindata.org/grapher/rubella-number-unvaccinated,Rubella Number Unvaccinated
https://ourworldindata.org/grapher/ipv1-number-unvaccinated,IPV1 Number Unvaccinated
https://ourworldindata.org/grapher/measles-prevalence-vaccine-attitudes,Measles Prevalence Vaccine Attitudes
https://ourworldindata.org/grapher/measles-cases-and-death-rate,Measles Cases And Death Rate
https://ourworldindata.org/grapher/deaths-averted-due-to-rotavirus-vaccine,Deaths Averted Due To Rotavirus Vaccine
https://ourworldindata.org/grapher/coverage-of-the-human-papillomavirus-vaccine,Coverage Of The Human Papillomavirus Vaccine
https://ourworldindata.org/grapher/share-of-children-vaccinated-with-mcv2,Share Of Children Vaccinated With MCV2
https://ourworldindata.org/grapher/share-of-children-vaccinated-against-measles-vs-share-vaccinated-against-dpt3,Share Of Children Vaccinated Against Measles Vs Share Vaccinated Against Dpt3
https://ourworldindata.org/grapher/hib-vaccine,Hib Vaccine
https://ourworldindata.org/grapher/share-of-children-immunized-dtp3,Share Of Children Immunized DTP3
https://ourworldindata.org/grapher/immunization-hepb3-of-one-year-old-children,Immunization HepB3 Of One Year Old Children
https://ourworldindata.org/grapher/share-of-one-year-olds-who-received-the-rotavirus-vaccine,Share Of One Year Olds Who Received The Rotavirus Vaccine
https://ourworldindata.org/grapher/rubella-vaccination-coverage,Rubella Vaccination Coverage
https://ourworldindata.org/grapher/polio-vaccine-coverage-of-one-year-olds,Polio Vaccine Coverage Of One Year Olds
https://ourworldindata.org/grapher/ipv-vaccine-coverage,IPV Vaccine Coverage
https://ourworldindata.org/grapher/share-agree-vaccines-are-safe-wellcome,Share Agree Vaccines Are Safe Wellcome
https://ourworldindata.org/grapher/costs-of-polio-vaccines-in-low-income-countries,Costs Of Polio Vaccines In Low Income Countries
https://ourworldindata.org/grapher/cumulative-lives-saved-by-measles-vaccination-since-1974,Cumulative Lives Saved By Measles Vaccination Since 1974
https://ourworldindata.org/grapher/cumulative-lives-saved-vaccination,Cumulative Lives Saved Vaccination
https://ourworldindata.org/grapher/diphtheria-deaths,Diphtheria Deaths
https://ourworldindata.org/grapher/diphtheria-cases-in-the-united-states,Diphtheria Cases In The United States
https://ourworldindata.org/grapher/england-covid-19-mortality-rate-by-vaccination-status,England Covid 19 Mortality Rate By Vaccination Status
https://ourworldindata.org/grapher/hpv-vaccination-coverage-in-15-year-olds,HPV Vaccination Coverage In 15 Year Olds
https://ourworldindata.org/grapher/mumps-cases-and-deaths-in-the-united-states,Mumps Cases And Deaths In The United States
https://ourworldindata.org/grapher/number-countries-mandatory-vaccination,Number Countries Mandatory Vaccination
https://ourworldindata.org/grapher/pertussis-cases-and-deaths-in-the-united-states,Pertussis Cases And Deaths In The United States
https://ourworldindata.org/grapher/diphtheria-tetanus-pertussis-vaccine-vs-pneumococcal-vaccine-coverage,Diphtheria Tetanus Pertussis Vaccine Vs Pneumococcal Vaccine Coverage
https://ourworldindata.org/grapher/polio-vaccine-schedule,Polio Vaccine Schedule
https://ourworldindata.org/grapher/rubella-cases-in-the-united-states,Rubella Cases In The United States
https://ourworldindata.org/grapher/share-disagrees-vaccines-are-effective,Share Disagrees Vaccines Are Effective
https://ourworldindata.org/grapher/share-disagrees-vaccines-are-important,Share Disagrees Vaccines Are Important
https://ourworldindata.org/grapher/share-disagree-vaccines-are-safe-wellcome-trust,Share Disagree Vaccines Are Safe Wellcome Trust
https://ourworldindata.org/grapher/share-who-agree-vaccines-are-effective,Share Who Agree Vaccines Are Effective
https://ourworldindata.org/grapher/share-agrees-vaccines-are-important-wellcome,Share Agrees Vaccines Are Important Wellcome
https://ourworldindata.org/grapher/global-smallpox-cases,Global Smallpox Cases
https://ourworldindata.org/grapher/tetanus-cases-vs-tetanus-vaccination-coverage,Tetanus Cases Vs Tetanus Vaccination Coverage
https://ourworldindata.org/grapher/trust-healthcare-vs-vaccine-safety,Trust Healthcare Vs Vaccine Safety
https://ourworldindata.org/grapher/perception-of-the-safety-of-vaccines-vs-vaccine-coverage,Perception Of The Safety Of Vaccines Vs Vaccine Coverage
https://ourworldindata.org/grapher/immunization-measles-vs-vaccine-safety,Immunization Measles Vs Vaccine Safety
https://ourworldindata.org/grapher/immunization-coverage-against-diphtheria-tetanus-and-pertussis-dtp3-vs-gdp-per-capita,Immunization Coverage Against Diphtheria Tetanus And Pertussis DTP3 Vs GDP Per Capita
https://ourworldindata.org/grapher/vaccination-coverage-by-income-in,Vaccination Coverage By Income In
https://ourworldindata.org/grapher/mandatory-childhood-vaccination,Mandatory Childhood Vaccination
https://ourworldindata.org/grapher/haemophilus-influenzae-b-vaccine-immunization-schedule,Haemophilus Influenzae B Vaccine Immunization Schedule
https://ourworldindata.org/grapher/hepatitis-b-birth-dose-vaccine-immunization-schedule,Hepatitis B Birth Dose Vaccine Immunization Schedule
https://ourworldindata.org/grapher/hepatitis-b-vaccine-immunization-schedule,Hepatitis B Vaccine Immunization Schedule
https://ourworldindata.org/grapher/human-papillomavirus-vaccine-immunization-schedule,Human Papillomavirus Vaccine Immunization Schedule
https://ourworldindata.org/grapher/inactivated-poliovirus-vaccine-immunization-schedule,Inactivated Poliovirus Vaccine Immunization Schedule
https://ourworldindata.org/grapher/which-countries-include-malaria-vaccines-in-their-vaccination-schedules,Which Countries Include Malaria Vaccines In Their Vaccination Schedules
https://ourworldindata.org/grapher/mcv2-vaccine-immunization-schedule,MCV2 Vaccine Immunization Schedule
https://ourworldindata.org/grapher/mumps-vaccine-immunization-schedule,Mumps Vaccine Immunization Schedule
https://ourworldindata.org/grapher/pneumococcal-conjugate-vaccine-immunization-schedule,Pneumococcal Conjugate Vaccine Immunization Schedule
https://ourworldindata.org/grapher/rotavirus-vaccine-immunization-schedule,Rotavirus Vaccine Immunization Schedule
https://ourworldindata.org/grapher/rubella-vaccine-immunization-schedule,Rubella Vaccine Immunization Schedule
https://ourworldindata.org/grapher/number-of-estimated-paralytic-polio-cases-by-world-region,Number Of Estimated Paralytic Polio Cases By World Region
https://ourworldindata.org/grapher/prevalence-of-polio-rates-in-the-united-states,Prevalence Of Polio Rates In The United States
https://ourworldindata.org/grapher/progress-towards-polio-eradication,Progress Towards Polio Eradication
https://ourworldindata.org/grapher/rate-of-acute-flaccid-paralysis-from-non-polio-causes,Rate Of Acute Flaccid Paralysis From Non Polio Causes
https://ourworldindata.org/grapher/the-number-of-reported-paralytic-polio-cases,The Number Of Reported Paralytic Polio Cases
https://ourworldindata.org/grapher/the-number-of-reported-paralytic-polio-cases-by-world-region,The Number Of Reported Paralytic Polio Cases By World Region
https://ourworldindata.org/grapher/cases-of-paralytic-polio-from-vaccine-derived-viruses,Cases Of Paralytic Polio From Vaccine Derived Viruses
https://ourworldindata.org/grapher/cases-of-paralytic-polio-from-vaccine-derived-viruses-by-strain,Cases Of Paralytic Polio From Vaccine Derived Viruses By Strain
https://ourworldindata.org/grapher/cases-of-paralytic-polio-from-wild-polioviruses,Cases Of Paralytic Polio From Wild Polioviruses
https://ourworldindata.org/grapher/cases-of-paralytic-polio-from-wild-vs-vaccine-derived-viruses,Cases Of Paralytic Polio From Wild Vs Vaccine Derived Viruses
https://ourworldindata.org/grapher/reported-paralytic-polio-cases-per-1-million-people,Reported Paralytic Polio Cases Per 1 Million People
https://ourworldindata.org/grapher/reported-paralytic-polio-cases-and-deaths-in-the-united-states-since-1910,Reported Paralytic Polio Cases And Deaths In The United States Since 1910
https://ourworldindata.org/grapher/reported-vs-estimated-total-number-of-paralytic-polio-cases-globally,Reported Vs Estimated Total Number Of Paralytic Polio Cases Globally
https://ourworldindata.org/grapher/share-of-potential-polio-cases-with-adequate-stool-collection,Share Of Potential Polio Cases With Adequate Stool Collection
https://ourworldindata.org/grapher/the-decade-of-the-last-recorded-case-of-paralytic-polio-by-country,The Decade Of The Last Recorded Case Of Paralytic Polio By Country
https://ourworldindata.org/grapher/polio-screening-and-testing,Polio Screening And Testing
https://ourworldindata.org/grapher/deaths-from-diarrheal-diseases-who,Deaths From Diarrheal Diseases WHO
https://ourworldindata.org/grapher/diarrheal-disease-death-rates,Diarrheal Disease Death Rates
https://ourworldindata.org/grapher/share-of-children-with-diarrhea-receiving-treatment,Share Of Children With Diarrhea Receiving Treatment
https://ourworldindata.org/grapher/cholera-case-fatality-rate,Cholera Case Fatality Rate
https://ourworldindata.org/grapher/number-reported-cases-of-cholera,Number Reported Cases Of Cholera
https://ourworldindata.org/grapher/number-of-reported-cholera-deaths,Number Of Reported Cholera Deaths
https://ourworldindata.org/grapher/deaths-due-to-unsafe-sanitation,Deaths Due To Unsafe Sanitation
https://ourworldindata.org/grapher/deaths-due-to-unsafe-water-sources,Deaths Due To Unsafe Water Sources
https://ourworldindata.org/grapher/incidence-of-diarrheal-episodes-vs-access-to-improved-sanitation,Incidence Of Diarrheal Episodes Vs Access To Improved Sanitation
https://ourworldindata.org/grapher/deaths-from-diarrheal-diseases,Deaths From Diarrheal Diseases
https://ourworldindata.org/grapher/number-of-children-dying-from-diarrheal-diseases,Number Of Children Dying From Diarrheal Diseases
https://ourworldindata.org/grapher/incidence-of-diarrheal-diseases,Incidence Of Diarrheal Diseases
https://ourworldindata.org/grapher/death-rate-from-diarrheal-diseases,Death Rate From Diarrheal Diseases
https://ourworldindata.org/grapher/death-rate-from-diarrheal-diseases-who,Death Rate From Diarrheal Diseases WHO
https://ourworldindata.org/grapher/death-rate-invasive-non-typhoidal-salmonella-across-age-groups,Death Rate Invasive Non Typhoidal Salmonella Across Age Groups
https://ourworldindata.org/grapher/death-rate-invasive-non-typhoidal-salmonella-children-under-5,Death Rate Invasive Non Typhoidal Salmonella Children Under 5
https://ourworldindata.org/grapher/child-deaths-from-invasive-non-typhoidal-salmonella,Child Deaths From Invasive Non Typhoidal Salmonella
https://ourworldindata.org/grapher/incidence-of-invasive-non-typhoidal-salmonella-age-groups,Incidence Of Invasive Non Typhoidal Salmonella Age Groups
https://ourworldindata.org/grapher/death-rates-from-no-access-to-handwashing-facilities,Death Rates From No Access To Handwashing Facilities
https://ourworldindata.org/grapher/death-rate-from-unsafe-sanitation-gbd,Death Rate From Unsafe Sanitation GBD
https://ourworldindata.org/grapher/death-rates-from-unsafe-sanitation-vs-gdp-per-capita,Death Rates From Unsafe Sanitation Vs GDP Per Capita
https://ourworldindata.org/grapher/death-rates-from-unsafe-water-sources-gbd,Death Rates From Unsafe Water Sources GBD
https://ourworldindata.org/grapher/share-of-e-coli-bloodstream-infections-due-to-antimicrobial-resistant-bacteria,Share Of E Coli Bloodstream Infections Due To Antimicrobial Resistant Bacteria
https://ourworldindata.org/grapher/share-of-s-aureus-bloodstream-infections-that-are-resistant-to-antibiotics,Share Of S Aureus Bloodstream Infections That Are Resistant To Antibiotics
https://ourworldindata.org/grapher/children-who-receive-ors,Children Who Receive ORS
https://ourworldindata.org/grapher/share-of-children-with-diarrhea-receiving-oral-rehydration-salts-and-zinc,Share Of Children With Diarrhea Receiving Oral Rehydration Salts And Zinc
https://ourworldindata.org/grapher/share-of-children-with-diarrhea-receiving-zinc,Share Of Children With Diarrhea Receiving Zinc
https://ourworldindata.org/grapher/death-rate-typhoid-paratyphoid-fever-age-groups,Death Rate Typhoid Paratyphoid Fever Age Groups
https://ourworldindata.org/grapher/death-rate-typhoid-paratyphoid-fever-children-under-5,Death Rate Typhoid Paratyphoid Fever Children Under 5
https://ourworldindata.org/grapher/incidence-of-typhoid-and-paratyphoid-fever-age-groups,Incidence Of Typhoid And Paratyphoid Fever Age Groups
https://ourworldindata.org/grapher/us-daily-covid-vaccine-doses-administered,US Daily Covid Vaccine Doses Administered
https://ourworldindata.org/grapher/us-daily-covid-vaccine-doses-per-100,US Daily Covid Vaccine Doses Per 100
https://ourworldindata.org/grapher/us-covid-number-fully-vaccinated,US Covid Number Fully Vaccinated
https://ourworldindata.org/grapher/us-covid-19-total-people-vaccinated,US Covid 19 Total People Vaccinated
https://ourworldindata.org/grapher/us-covid-share-fully-vaccinated,US Covid Share Fully Vaccinated
https://ourworldindata.org/grapher/us-covid-19-share-people-vaccinated,US Covid 19 Share People Vaccinated
https://ourworldindata.org/grapher/us-total-covid-19-vaccine-doses-administered,US Total Covid 19 Vaccine Doses Administered
https://ourworldindata.org/grapher/us-state-covid-vaccines-per-100,US State Covid Vaccines Per 100
https://ourworldindata.org/grapher/prevalence-of-anemia-in-children,Prevalence Of Anemia In Children
https://ourworldindata.org/grapher/anemia-risk-groups,Anemia Risk Groups
https://ourworldindata.org/grapher/number-of-reported-smallpox-cases,Number Of Reported Smallpox Cases
https://ourworldindata.org/grapher/share-of-one-year-olds-who-received-the-final-dose-of-pneumococcal-vaccine,Share Of One Year Olds Who Received The Final Dose Of Pneumococcal Vaccine
https://ourworldindata.org/grapher/proportion-of-population-with-basic-handwashing-facilities-on-premises,Proportion Of Population With Basic Handwashing Facilities On Premises
https://ourworldindata.org/grapher/people-with-access-to-at-least-basic-drinking-water,People With Access To At Least Basic Drinking Water
https://ourworldindata.org/grapher/drinking-water-service-coverage,Drinking Water Service Coverage
https://ourworldindata.org/grapher/sanitation-facilities-coverage,Sanitation Facilities Coverage
https://ourworldindata.org/grapher/anemia-pregnant-women-vs-children,Anemia Pregnant Women Vs Children
https://ourworldindata.org/grapher/global-hidden-hunger-index-in-pre-school-children,Global Hidden Hunger Index In Pre School Children
https://ourworldindata.org/grapher/hidden-hunger-index-vs-gdp-per-capita,Hidden Hunger Index Vs GDP Per Capita
https://ourworldindata.org/grapher/vitamin-a-supplementation-coverage-rate-children-ages-6-59-months,Vitamin A Supplementation Coverage Rate Children Ages 6 59 Months
https://ourworldindata.org/grapher/prevalence-of-night-blindness-in-pre-school-children,Prevalence Of Night Blindness In Pre School Children
https://ourworldindata.org/grapher/prevalence-of-vitamin-a-deficiency-in-children,Prevalence Of Vitamin A Deficiency In Children
https://ourworldindata.org/grapher/share-of-households-consuming-iodized-salt,Share Of Households Consuming Iodized Salt
https://ourworldindata.org/grapher/global-prevalence-of-zinc-deficiency,Global Prevalence Of Zinc Deficiency
https://ourworldindata.org/grapher/prevalence-of-anemia-in-pregnant-women,Prevalence Of Anemia In Pregnant Women
https://ourworldindata.org/grapher/prevalence-of-night-blindness-in-pregnant-women,Prevalence Of Night Blindness In Pregnant Women
https://ourworldindata.org/grapher/prevalence-of-vitamin-a-deficiency-in-pregnant-women,Prevalence Of Vitamin A Deficiency In Pregnant Women
https://ourworldindata.org/grapher/prevalence-of-anemia-in-women-of-reproductive-age-aged-15-29,Prevalence Of Anemia In Women Of Reproductive Age Aged 15 29
https://ourworldindata.org/grapher/maternal-mortality-rate-who-mdb,Maternal Mortality Rate WHO MDB
https://ourworldindata.org/grapher/maternal-mortality-slope-chart,Maternal Mortality Slope Chart
https://ourworldindata.org/grapher/share-using-at-least-basic-sanitation,Share Using At Least Basic Sanitation
https://ourworldindata.org/grapher/share-of-the-population-with-access-to-handwashing-facilities,Share Of The Population With Access To Handwashing Facilities
https://ourworldindata.org/grapher/share-of-population-with-improved-sanitation-faciltities,Share Of Population With Improved Sanitation Faciltities
https://ourworldindata.org/grapher/deaths-from-smallpox-per-1000-population,Deaths From Smallpox Per 1000 Population
https://ourworldindata.org/grapher/deaths-from-smallpox-in-london,Deaths From Smallpox In London
https://ourworldindata.org/grapher/reported-number-of-smallpox-infections-by-world-region,Reported Number Of Smallpox Infections By World Region
https://ourworldindata.org/grapher/maternal-mortality-vs-births-attended-by-health-staff,Maternal Mortality Vs Births Attended By Health Staff
https://ourworldindata.org/grapher/births-attended-by-health-staff-sdgs,Births Attended By Health Staff SDGs
https://ourworldindata.org/grapher/deaths-from-abortion-and-miscarriage-per-100000-people,Deaths From Abortion And Miscarriage Per 100000 People
https://ourworldindata.org/grapher/relative-change-in-maternal-mortality,Relative Change In Maternal Mortality
https://ourworldindata.org/grapher/maternal-deaths-by-cause,Maternal Deaths By Cause
https://ourworldindata.org/grapher/maternal-deaths-by-income-group,Maternal Deaths By Income Group
https://ourworldindata.org/grapher/maternal-mortality-ratio-who-gho,Maternal Mortality Ratio WHO GHO
https://ourworldindata.org/grapher/maternal-mortality-ratio-vs-mean-daily-income,Maternal Mortality Ratio Vs Mean Daily Income
https://ourworldindata.org/grapher/maternal-mortality-vs-fertility,Maternal Mortality Vs Fertility
https://ourworldindata.org/grapher/number-of-maternal-deaths,Number Of Maternal Deaths
https://ourworldindata.org/grapher/maternal-deaths-ihme,Maternal Deaths IHME
https://ourworldindata.org/grapher/number-of-maternal-deaths-by-region,Number Of Maternal Deaths By Region
https://ourworldindata.org/grapher/nurses-and-midwives-per-1000-people,Nurses And Midwives Per 1000 People
https://ourworldindata.org/grapher/share-of-mothers-receiving-at-least-four-antenatal-visits-during-pregnancy,Share Of Mothers Receiving At Least Four Antenatal Visits During Pregnancy
https://ourworldindata.org/grapher/postnatal-care,Postnatal Care
https://ourworldindata.org/grapher/lifetime-risk-of-maternal-death,Lifetime Risk Of Maternal Death
https://ourworldindata.org/grapher/the-maternal-mortality-ratio-in-1985-and-2020,The Maternal Mortality Ratio In 1985 And 2020
https://ourworldindata.org/grapher/population-requiring-preventive-treatment-for-lymphatic-filariasis,Population Requiring Preventive Treatment For Lymphatic Filariasis
https://ourworldindata.org/grapher/prevalence-of-lymphatic-filariasis,Prevalence Of Lymphatic Filariasis
https://ourworldindata.org/grapher/interventions-ntds-sdgs,Interventions NTDs SDGs
https://ourworldindata.org/grapher/status-of-trachoma-as-a-public-health-problem,Status Of Trachoma As A Public Health Problem
https://ourworldindata.org/grapher/children-sleeping-under-treated-bednet,Children Sleeping Under Treated Bednet
https://ourworldindata.org/grapher/incidence-of-malaria,Incidence Of Malaria
https://ourworldindata.org/grapher/share-of-children-with-a-fever-receiving-antimalarial-drugs,Share Of Children With A Fever Receiving Antimalarial Drugs
https://ourworldindata.org/grapher/number-of-reported-guinea-worm-dracunculiasis-cases,Number Of Reported Guinea Worm Dracunculiasis Cases
https://ourworldindata.org/grapher/deaths-from-infections-of-currently-noneradicable-diseases,Deaths From Infections Of Currently Noneradicable Diseases
https://ourworldindata.org/grapher/reported-cases-of-leprosy,Reported Cases Of Leprosy
https://ourworldindata.org/grapher/progress-towards-guinea-worm-disease-eradication,Progress Towards Guinea Worm Disease Eradication
https://ourworldindata.org/grapher/status-of-endemicity-of-onchocerciasis,Status Of Endemicity Of Onchocerciasis
https://ourworldindata.org/grapher/prevalence-cysticercosis,Prevalence Cysticercosis
https://ourworldindata.org/grapher/trachoma-prevalence-age-standardized-ihme,Trachoma Prevalence Age Standardized IHME
